split,filename,image_sha256,mask_sha256,unknown_pixels,pixels,patient_id
train,1.png,68d5b6428ee59f473d8e58bb4d9ecc4f23f07f737d4a0be2c5410662801715cd,c36cc5abb7d002238657c26e54263f3379de7612ca985e492398384fb51220b4,2978,262144,unknown
train,2.png,509793d0aea91a56c5b51492fed89010faee3dac3a3d69846bffa4bec0caf498,7efb06fc28b031640cdb1eb48387823c95e4acfc5edfdff74837597f416fcdcf,4112,262144,unknown
train,3.png,471044d8d83fcd1f2aff274e127ee06559193b9a854ee96252b2cbb785fd0ccc,55144e277026557e91697b397d2eaba3742843e6e4be003a8b79541dd8d5feab,4021,262144,unknown
train,4.png,bb61c0f9a7c2e97dcae6521e73bf2d16846b34929b45e46c8d72764504a5146d,82158482177dbae7498d3223e9de399962f904d86403d0869b49c0ccd514c81e,2255,262144,unknown
train,5.png,c63c6c74688cdb5f53a60f036b937ab01ef34992eaae70bdabb27e4d2817adc1,47ae86b5b01820d2a7768c847fd2ab86c06a6c3257bb7313fdaa00054578d5bf,4844,262144,unknown
train,6.png,9d8b5d5733617a43d41b75b98590deadcfbd2ff08e066fa9dd44a7aa44ea314f,4ce00e10c9503fff1c563da94741342a3035aecfab2fca72f3449bd5328fc19d,5635,262144,unknown
train,7.png,28e7adad741ce5dbcacbbb0734df10b72a3b19a75cdd51684c8ef887869a5baa,1dfe2903477e3d81c8cfdb640931b8fab201bcc959c6452fc77cd959bcdac0d5,5487,262144,unknown
train,8.png,4f0980a30bfa618e8f681a561dc71cf0ce060b09af62599d5a72bfaa677eda61,105270d4c5b07a4f2383977b9e6c117637191e84891633dc731261a06037355f,6372,262144,unknown
train,9.png,d6a1d6d78ac0d27d5caa74256179cc961270e11baa25dd80e5740d6f8f28301a,8e417a1d7d8fce5119ad99de0e22522e1cd9efd3a720707d011d0e6f6df803cc,6428,262144,unknown
train,10.png,83a74883a8f4d25cfaf60bb6037f89dd053bcd91e59d9b66ad7722adcd3955af,21598f8ea0746c168375f48bb480467f3b977a9c1855a3fa66ddc8620f7457b1,5658,262144,unknown
train,11.png,12234a38e2311d16bc568e5ea8828c7e326d78ac1d27258bbc3a33f758e594ad,2c5f5e3e7be00f61dc3acd048b119643d300cde1286e01908f5a4a8684f958b2,5483,262144,unknown
train,12.png,53599440752f849758733c3e4e5a0f1c1075f5ff4bf8952dc72bc2c37ce41d89,1d0e9fb3efadace40e07ed1ca15d23e64b6a85f3c1a2b6f8f59de4b38bb10913,5005,262144,unknown
train,13.png,583d42eb63ea3fb56bd557264b9d0f1b266ae3fd3fa26108f3d17334b39ca1b5,23878030312cca79b5aaab5c4db566319260cc2773406304cc9b1e0d2e491948,1193,262144,unknown
train,14.png,e9de9b1f411bc942ea96533def5b9692a06db2f45372446cecdf60ed311d37bb,247ca786886177a8881cdf94594825b116318b7ded33e073f90891aadd14b758,2707,262144,unknown
train,15.png,1e226904947d687361a037a358fae852a74856d58cf1981d2fe6ff4b44f5d094,1c913ac92b4ce3bd2496afdbd3ef32adbdc0ffbeec3c702a47664c2d0c9d68bd,6110,262144,unknown
train,16.png,7713d6e6d487ce3113e11195f2d3860638e045c7d34e8be2aef2afdab4351c01,5cea85c5671c850dcfce82f2be2e5a5be01aad5932f107f13e0644e840fb2e37,5661,262144,unknown
train,17.png,baa34c62b9b9e183af476b6a44410133233e0b9f3042df29fc3d23ced82b698f,2eb5c52bb11a809d8c17ca25e93ffaf1594b39953f94b834028f5e7212c9ff2c,4065,262144,unknown
train,18.png,7a075660024d82890e91e29b8e26d1488cbe9db74d863c2f4068db5d4509f99a,b929d998f9d3f72a3e08358d08290719e5eb9955c70ebe0c13fe571325ca2dcd,2048,262144,unknown
train,19.png,8a23c7cc17132a932958435314120cfa0cbcb47741e3039748c9b032540de3d5,43c1321eaa7f77d2c9445ff2dd296dab99cd3b456534d0727f55d47867181555,1000,262144,unknown
train,20.png,626a09e295e9748540e7a1bf4434ca0516478536de19151c936473363d820194,75fec99fdfd04f1189b424bff97a443f994930efedb6a75c7760144cc1588db8,3773,262144,unknown
train,21.png,5b849a3a0c9b6ff8151d5069887da01d0889b8cb902580104e5931ee3f7be38e,5a2f05f8ef851c6e958d6a320b04a53577a398a9e5abdc1b090e4fecb16d65f0,4862,262144,unknown
train,22.png,9e838efe1f0f7edccc915af76ba70217ea6261949342f8c870bc2ca9eb36c50e,1e73ac1ff7366c579eb8118b8efd2fbdaafb35c5fe61e402c22adcf22573075f,5975,262144,unknown
train,23.png,bc6a8f4e0d611002f903e012ec7d80434751b6cf56afb52c15c09373db8058f6,96b8a472d3f6b70ea8af19333d57a50b6cc0bb49554b37168034adcd37b1f076,5934,262144,unknown
train,24.png,157f5a27642453846bc0ce8443251a1456cf6a5d219ba852033af0a2adae0f9c,d17eed90cd2079be834dcd418a87d15dc9d8af34e68ed07adfe683907df92ecd,7311,262144,unknown
train,25.png,99c8d44e04f1f5cc3b4b3cc1018dc094c6bfa496d88e2a01f08e7f106442eb21,e57fd3a903ab841dccf09f6737ddfcd3eb412f04f63fd3847398755b79dd01f1,7353,262144,unknown
train,26.png,a749479c7c44b1cc5ed0bd0a16f2f4639e542f5ca7b211eeed2b5094eb75a747,cbf6993dfe0fb261221399f9a62276218a222595348ec2dc3b0d96e51439e52e,6910,262144,unknown
train,27.png,19ddcb8bee973b6558e31c74a418cf586022373bc6ac2bf76194e20e23c27ff6,79b28daef06c9865e7943929dd7dca3db84f844b296f7c5512433b84d88c6154,6855,262144,unknown
train,28.png,a10dfa90aa5311f373a1649895e77776d79b5cc6261314cf6270e37812ad3680,9f4eaf95eab56fd9981cdd62b3f10b9cb2a9a2927a0996a4040f47dab12607ac,2385,262144,unknown
train,29.png,0ea2b8811cf83e8c9195292608f3e4220c2ad039a4f6a4ee5115258dfdd99890,7b034c9cbfdb83865955ff8e4d0214e1ca6c2799b6ca50b45fd8013d86afc7ce,3846,262144,unknown
train,30.png,7e15934ea8393b6361b8e9dfd5241bf54c524e8cac9f374f184d5025c3e3d261,2067f12b0606a167be7d8b491c27c5d6179b9b9f9469d28993a27c585f3a18c1,4697,262144,unknown
train,31.png,ec6854cdf9aee86d8db49e0f63ca60d6a4022708e1734106d970d03cbfb49442,92b762d790bdb44b2c2bd9bc32f650be0abefb5efae3c4226bc4f30faa6da18d,2492,262144,unknown
train,32.png,808d404ca2c8307628973680d969228273ad1c72afcbef16d94729db41755052,1f3515d786e2946c8688f9ed854e54b67a2cfd21fbea3e61faeb36a94b39a0ed,4687,262144,unknown
train,33.png,37781577b52625edbab43c6e38c250bbe16ff898a4cac3794b50731b9a35cc00,c5284a5a541ada0f6ebacf0fdff6fdad72bb0dde4397dfe81d77ac853b5dac99,5319,262144,unknown
train,34.png,2502a36537fb3940a7033a58e9685fcd7ef23693011bb33d0ecba960df7d8e03,0059e2b204450f26e66cd4ceacbfc833ab069686c505b52e9edb27b52f0a7104,5465,262144,unknown
train,35.png,cd9e5444db7b5a04ff07ddad2dac68fadcb40a13c1d299326373874fc715dcfd,70c5b26c6befcf6f525f7f948ef2527ea1fb50e9289a93c2254e0c6519589c49,5858,262144,unknown
train,36.png,f947bceb266ed9451b1cd6b93580b91d1a357bd44e3abaf95b3c1bb1dc8389ed,effa935045213069fb8bcf70d27fab29c8f9da3cfa83e72d0553ccc141d59363,6371,262144,unknown
train,37.png,27feedca494c289da14c6bd84738ebeb25eaf9b5512ae41e24dc88acbf12fe75,0c4be93e51368747275cad56571d21c0b2d413cb6ff9af226f1f063d0eab80d7,6479,262144,unknown
train,38.png,69da004e535f881cf02e74b8771b722b357a86ee81901c8312c037d02cd3cbee,cae9436ac1f2f4e2fc1ed2dc7e3dd82a4944d93c0f7949cdc548150fa121fd19,5804,262144,unknown
train,39.png,8d07380777a2baeb69741689f0cf945b12aa53422fdd17fee706f579607eea93,d5a64faece69bdcd19ee0ed4c6f33b78ba87e23474157e98ad25244c1e946444,5506,262144,unknown
train,40.png,bced64b7e4323918266ad34c1c8c93d2d3426955219a6cd53f35b9fc858424ee,efde645d9361f054ced3269d667417a8b9e381c5c8a6ee7125b61fdb5940c6e9,2522,262144,unknown
train,41.png,28ee7eb6ef0607f4f1b4433f44a94707d311a8d272e8b022ca461a8b381b129b,aa7ef069305b2946480a65be6e58349ac0b4c432376bc33c92dfc39df5722132,4371,262144,unknown
train,42.png,d543c903d85436faf13d2993586a77d2410eee9fc59e5f55b5c8168ea7fae6ef,f9b4c4ff45505757e02789193e735d2895925a7beb74889522a3cb7d07fd16f5,3302,262144,unknown
train,43.png,09a5b1ac184519f7ac87489efebc63a353d411945503df04322a24d27a75bbc5,0c2f9f1c59f417ef5d980ac25bbf02c8733c826389645770a7bcce7d034d863b,1245,262144,unknown
train,44.png,9a6acf4b721c44d289dea4c240eff0224cb376a54ee05b9e8c40d27417f6f526,084b710e75a92a615a4e1f87d7d97f45b973c3b2761e00ddfb9ae5aa508668c6,5672,262144,unknown
train,45.png,05510cc2f99789c547c83126c4fc6ebc3eb1cc6673cb9eb116f3332f26c56373,ba7199edf287bd2877e6a8bb7399ac5a01401dc0db3babacd73bf2fc1fe952da,6438,262144,unknown
train,46.png,f36162717d9c905c331d4fecd5c1351893e1e8b2e719977c0eb445001f9a6951,0f5bdea4c57759a29a8614314f78114c0632de7b3a603a38d1d7d109e761eaa3,6698,262144,unknown
train,47.png,e17c6edd9cb31142df9d7301b10181de64cbf5421436041f4e6c4b4dcbd8878b,2701fb5da20913e284173756226fd3a218ee13b5e18430505d6cf5bb0bcda167,6072,262144,unknown
train,48.png,148f439fa12fe292df363d62757ba1a2071ab6b9943aba6bc51768d457f649d0,b351fce5b498dc61f834e7db215d360c483d23521e8ddca8071a1f5182f0d3e0,5648,262144,unknown
train,49.png,a138fb13aa35bc6b5bfc43329c874b2d573c23dd07446a26b2d2007549ddbe52,6c6229f8d8d29822ed15c9a394f1484cf6694608f35e672290c59c95c9bf9d96,5895,262144,unknown
train,50.png,c5a2b69f4d1fc86c872caeb8f059597f8ae86036e2c5c3476cd4ebec2722aa9e,7dab20e5b96b6eb18e9ea40fcb650eb11c51a08b656f71af5998868223134fb1,5190,262144,unknown
train,51.png,48c3b305a366bba6dcb0d4a00e50f2456e15ce358d129d590fb228620dd030a0,f5a3a5addb487616d10cfeacf1292159a3617b9257a61b11b211838ef1e28bbf,4441,262144,unknown
train,52.png,9829465f00d7e575c596282f296c8e0f262b4c9e2985f131e46a61c6e6c5fcb3,29d8cc91d6c0d33e88cffd96a06208b1a5c93697d8f58af7bba1d68ae62cf13f,3129,262144,unknown
train,53.png,c435568cf394b2b3847dde2afbc5bfb17f103729ffe7ee229841187e4b65fd7c,9d1a1dbdd2a7c3cbc517760a89254bb83d0495fc3b93d44d53ed7fe9f7c9a49b,4592,262144,unknown
train,54.png,5dc4ea6956a2d5fb53cfc6c78b89b21dde77b6517d2811307b2c8627f2a18ceb,54197f1a591e386356fa6ee22f8d0a93d8700cdd9c7812e407dcddffbeb45941,3644,262144,unknown
train,55.png,847bcc74d1747605e64c6529df03264220d0e9e1e839b434215ae518efa783a1,081dff7bf3a4b7ca33a8965cdac027159cf95558f92580e96f3c4aeb45417ca3,2543,262144,unknown
train,56.png,f616799b49b2ce31ac91ee818bd25620cad4cc9cb25975b30e6b32c14cda90e1,b8de2e5090163bde2eb7c93fc21eef0be17ca3693c0375dddc91979ac63f4828,5014,262144,unknown
train,57.png,cc5fe6d03235dbc59ac4aed6b99589c0a5b056df24fda02128852393b329d743,b50ef6a75ac7be42dad0770738a6614adf5b0865c719126454e86c68a7854834,5517,262144,unknown
train,58.png,f72cccadbadf3a486a7579eb00fb57481f5a4b1b0433c727d52d7e118c698257,3656a7b801fd02f51d9a4d3d09c8b324db239cb0128639fb7560266907d214c3,5907,262144,unknown
train,59.png,a56d186275d22880e7168e0b0b09e8442099a187ac944d57d29134a35053cbdc,fec5e29a943b8a86cc31eb627ef0b255b1870c343234acba1ae48111d0233e55,6274,262144,unknown
train,60.png,1162349f83ca543e7c230fa95910cd954241cf23874631bbbe0e4e9c31c7202f,0db55ea8ea355872d5a7d83d3fc9b0da81553ebdb0c798b37e4caff1a45abddc,6047,262144,unknown
train,61.png,f2da0a7d06059c0d2abcbdb9b5dc836f84c9e4c8df8e547341f68a542537da6b,f555573c4e73a29bc41caa6ef1e7eb66f47bc9ec73d67fd9f25911471cfce27b,5273,262144,unknown
train,62.png,d31386dfa78ac55b863c11e83f7b75127fc5451b0ab4df7a545a9cb69e53d71b,c03c48b715cd6d85318e92c09ddaef18082a051b842341a4c601d0cb70f90e40,4913,262144,unknown
train,63.png,c5f61f2bc6d2aef986b68a1e0f36be941b163e3618032a4e5b4480a6e1d12215,87bd99ff9c4d9889e0cc7083681e20190ebcf71f7e70991617e6db280b2140e9,4601,262144,unknown
train,64.png,5d6dd26c3e2fb22d161b046e00ed13f86b746cafef3a250a83b2ae908727562c,ab7dbcc0cdbf98d10ddfbdfb221c33fd8f37c459c1b84c59223faa55ad8a1abd,4425,262144,unknown
train,65.png,cbd593e137c28a01f3caf4d012d9ac8e8613cc081d0243a095aed8b2d2b7aa9d,8470f26135266faf2fd955d7304f343a6cf6a52324f6c13b2fda88cb77c843c4,5039,262144,unknown
train,66.png,9424140b14e97d653816ffeb9f399921e56674ea8a45ea27758c0e0695a4133b,848b30898e3379e4062606bfc765fbfb40c30c3a028135ec0818a5b5e158b9c1,1480,262144,unknown
train,67.png,c76d156457a278b675116468a869bf5d4bb9899cf4a3ae6cb4c2d24f9c474515,5f9723dac8e816bbb71b7e59c74bc0977be4788bc0ca2d88555d3c13052dc33a,1247,262144,unknown
train,68.png,b99101a35712f5864624331b5ee5587b1b3edbb874219ef4a9dd19d5869e6854,b762666cc988446ff3e9bb1232d7ead388b6b0ee7ae348de1f4377d4dac64931,5579,262144,unknown
train,69.png,63d3a6af21ac2665d5ab15a9ef90486451d1d2058024388b36caffaaeec2ae5c,874e3ac7c7bdd563c761093015a16f0e0e64203a8746121e85d7634bec1dad43,5635,262144,unknown
train,70.png,bee02405e489fcc1cd9a587618e987c91fb714d85cf34a9a7026d4e58c0ec22a,a4a1d37f886184176288c65c2dd083818926d82b0ab458e8362571ad917faa82,6404,262144,unknown
train,71.png,03c22b8da1ad2a5f68fe124ad6daed940c68b0ba6ca9ff6ee52bd11f362ebf03,51b381307ea66ca03df112d03ca9266c1f2d7f40a8081a6497f3e283f1c3381a,5896,262144,unknown
train,72.png,14d8826f2c8fa05ff7346eb7655dd53a98eb2756d9e99e576eeafefffea1a2c8,fad878609f7ff34a0132cada69bb2fce1818799831be35e530381fbadf31f687,5362,262144,unknown
train,73.png,6eebe58f3d092cb81f3b6f22b20dacbbbe5ba8e6efefb1c407ad2e9970d40df4,d674aee9f569103767d180cab5852485a3cabf698744f4508f8cdaf5fb5d4503,5194,262144,unknown
train,74.png,c534b4849ce3871968f04957ce08bf77028deaae69ef8f237311355ad46a79ae,fc2b1cfb9d3a49123aca0c97235f40cc07fbe43185ae6312dc07828230855343,4600,262144,unknown
train,75.png,54dad397e761e5f02894f8f0f8311bc9fcb01cb2e40c1e06aeb05ea3d5e080c0,63186a7dda56eddb89b0f34f330041d56c1104acc30dd0c07a696d04fd81fb95,3942,262144,unknown
train,76.png,92f6e62002774f51dca2571b4c470591880e0f50738d67b248f42a7bcc681b4c,68f86cda82ea161e4ef42b093d2367eec118e8dfb66060f59353c6b8da041c4e,3409,262144,unknown
train,77.png,34c8ecd1fdb1b9e68ddd4ac1c7da9a89a45937be09e62e7c16b3f5cfaa0dffd2,93f4b303225084535cd6330e89047a05cd6575bc9e3bedcffe6abd58fca4870f,5030,262144,unknown
train,78.png,6ff78768699fca49f109cd794a9d2ddc6e1719c4d49607c44596621ab671daba,6bbc921d4074edd5dc640202f7ea38c7d31fb5c55349ec1a4d862e3bcdc5e568,4398,262144,unknown
train,79.png,560e76cc2f45930fa87d703ed2885fdaecd17b7b294da467203d10e7a2ac888a,26597f3a70d97fc2938462ae78986031d71997b73bb50f12c58872f61d05d006,1652,262144,unknown
train,80.png,85c13b4bdf094fc2fd0b4f6586183c6ceeec1dd0b676417ac0db8d20311fa863,5c9998086cbff745564e5d32eb3913336fcf24c26dc013281cc62e10042ab7e0,5575,262144,unknown
train,81.png,4bdfc11f72212ded062b86830635f1d1807690caf6ceba0b102abcffe5279c6c,370b962dfabcb470fa7355c8ae293096d52d3244a5ca74e2ac5363c932520e16,5816,262144,unknown
train,82.png,6e5e099d4c64ca754cd2d27ba260230bad53c529c7ff4474d7e6516914f771d0,2f9b4915e05abfe97617de8c3b0e948fb978765ba5430c99b65ce24a5850a5b5,6307,262144,unknown
train,83.png,0f85f15fa37a7de4382b25dfbc5ef42a9bc0e2db7f7aae24b96377f08cd6e32a,e3dd403bf3a0080959046289388ce81f80e935ba4d498861ac16883ab5218f48,6197,262144,unknown
train,84.png,18a9079ae0752fa4669d42addf99f5bc3d94d9044637c885dff404e360bff102,da46a269ea59b42e9b7e82c292fe18c532d05bd720dc67a08640c2f66948ef37,6897,262144,unknown
train,85.png,bcb1482f6204954f0e8a83fe57e7157fb4cb37cb282de226d588fbeb7ae1ad12,368d3c9a29778e316488743e60cc340393bccd38cfddbbb8b5ae1df50f923138,6297,262144,unknown
train,86.png,2fc78f492ca67e3176ee9f3ef7f8856e12262bd7111b6efc9d9342822a81a608,93fe92e08f73dc00537051bd44b80b17e53195bea2e1dd46cea57bf00cbeedc6,5995,262144,unknown
train,87.png,3247447ccea6d16abf0038131a62be32997e89049eada0532509d4af4b9ffc8d,fc09292439be71baca77e6a289dab1ddde61221c463f7dcd8939badb19b81a6b,5019,262144,unknown
train,88.png,5bd2f41e37db64104976fbb8b8e75227fc1ed985c2367e01f56311c3fb116d75,4ac50a5cfee6eaccc1382003416ae09727915146ac56bb58cbfcfbf6eaf4f968,2598,262144,unknown
train,89.png,5c792f80476b3491aa3a63f845e6798979a925cfc2a0b9ca8a0f40d7fc150289,4469b5253439f05e4dd0017a791b34f3baa8c0cb49fa977044e419b2464e8233,3692,262144,unknown
train,90.png,407c59be7f5cdc668848b6e6850aa93867e82bc373035812f8bb08040c83b50f,b61dabc5c0c4ff44d0e2c41164f0d219b6152a7f5286a9935ecc60974b6f7fcc,3491,262144,unknown
train,91.png,b4c31fc1ec70fd81386d3f4e38f4cf841fad324a09ce3cac64342ef001ffa399,a2a6a199388ce1394dc655fc69df745974b8360959ef97e577f26c3d6191c75e,1451,262144,unknown
train,92.png,8fba9ed73f294eb9af07788833d2bc5dee6759a8132e1a924400b2f6500aea3d,60cfde79e81feafe45527232d765cad26463ffdf9ebc4b4a6551c0159f413452,4630,262144,unknown
train,93.png,e9e6de535e47acbcefb599debcf8e4bae3fc9f6fa1d488914de2a06c37c37f5a,229c24183c1a415d25fab6c81f46b18da30b9e08e41bbd3e1fba4fbe12969318,5221,262144,unknown
train,94.png,c175a8be8484f45427b90476f0e631e994881ad8173aee48c0e29ef5e95d9ba5,1ff5d0ae9ca3726cdec4104173ab848dda510cc455cbcc44b18c7542a0d3d431,5200,262144,unknown
train,95.png,7b481005e8fa195b9e066b9513bdf8c0e2ebcb1e691d07528a440f3aaed09eb1,7bad564c6a989f95bc22a79d118b5515a9926a7a3c670ddc1fce147345b1c36d,6189,262144,unknown
train,96.png,a1532ec4dc5d3b2a131b669b26ff4925f4677db9672f05bb781842d3d07cb97e,a167e0997865a1bd998ff5695a45e1b3c6d38ecf1207dbba56c6874ba07ec6bb,6469,262144,unknown
train,97.png,60df2e608f5cf1ba1a1287cacf0d0c65875000981458da3a18c309d3457a22a2,f3e3c27c3f6e3ab0bf54739dc9f76965f9941c4044640b16a3afee1551e448cd,5422,262144,unknown
train,98.png,2d3f79b6927ada5790b767e83adf288a37df8310bc9f4b60932f7489178d7376,ed09b8dc1583625a450bd66cd4d545319637c1b6861ee8490c60a25256686876,4864,262144,unknown
train,99.png,43997c14ea93b950ffe2bca09dbb37ada80d9a592cf53475e78736989d266255,11cd751b4be838f6d2c232cc661476bc62854e2462cf25da8aeecde549ece1e7,4365,262144,unknown
train,100.png,8b176557803c45dd27549f5b66366341d3b1b13e60225d0073fae1f951def71b,0161f2f16bb58f8712c40e9fd4cfbc97006ea1c93bac23f2d46105995475fbbf,1817,262144,unknown
train,101.png,a729fdb0356e853ff15ee981fdb62fe8745fe9f1d748a6b129119d115561fbea,fdfa8829e27830931e0969a690dc749a6e807bae32eef8326cd9180c2781d5d5,3155,262144,unknown
train,102.png,1eb253a77920e866c3b1fb3b1a5f850989c1f8c65b7fe72b0b6ea9ab0c58ab9e,2ee790bb39e8fb0b7495adf20b5c0deffdb288ddcdec4bf4da76e9387b9c882b,2836,262144,unknown
train,103.png,4f040a942da3b5d27bca512dc830eb2fa8143de6925e68e7a9c27a35cd8850f6,17b9eaf921f3b970772468a2a18cf6863e6d7e0c3e01e829a19bded76e0ad181,2184,262144,unknown
train,104.png,ca1d0c39031035822eb915629984a4651f7d455ccee90861b530b70bd4900cc9,dbc0eb6bd22e2e09a3927a64dd9c7c173bf6924e99ee78926ae0d1ee359c879a,3928,262144,unknown
train,105.png,a817f5cd30224e8a78baa02e27b022907f6fdc8698f2497aafaf029c8a9762a4,8325e5b0af8b2ed4233c52eed5b0e5f5ae391624fba7d34134194672b24d2da4,5179,262144,unknown
train,106.png,869b8706022cb711b661915beffa88989394ee77f942ac8c4adfff2803584156,7d33071bb3157e3ea9000c7a338a9419f67acb5f26199f8a8f885373faaa8757,5506,262144,unknown
train,107.png,10b5c39992d54bd492f71d505c603a19421b26c5eeb5ea96d7db258933402ca6,e330871c5585b43af78b02b50937b55efce476357c1a37541d2ca996504c53e1,5699,262144,unknown
train,108.png,1111716d9d04246fc95c26e03f04a77f4991ea3f68c752c75ef906f7e4622160,d9028137b27ec34fe3256da477aed1f8a069bb383fcf84b385621f6fc0427e71,6028,262144,unknown
train,109.png,8c17b758c31718afef06bf246128385d658ecdfd3a43f3052b626c37849b1b2e,3aa441c6b7f95c1abfd2fd5c6a26f0db5e77aed076bb33092b4e073c7b255e21,6238,262144,unknown
train,110.png,8f973ea0fba2af5e564bf7846abc729910430464d054d762e0435f150ae85e71,4eab3bac83d4965dd60dc0216e33b79111e0c0613209c6ea1edcc92cd776b073,5943,262144,unknown
train,111.png,a458a482d0d76dc2017376663b289cad9219225ffb1e65b746910dd5dcbc0051,7ef7a03f46951920a3757c5eca4321dae0e2d49da866f0c71f56cc14ffea409f,4774,262144,unknown
train,112.png,be70cd76fdc64e94409d02bc0307e39cebec35e5302c23a666d63400c3e07e87,595069874b594ce6b60faf8f81f351f35e67e2df8eb81a2fdbb11ed4325f16c1,1352,262144,unknown
train,113.png,d9cfc60379d886e90ee203fd6e3673ac403f32926ce31c809c3b5877b1fa63c6,87cc88e19081fff0c721d1f712a26f8382120e4c4e6b0e39279df532a4fff290,2373,262144,unknown
train,114.png,cb47411661f00c1b29e37973402fa2053289c4e55fca171c98a61882c71d80e9,76a22e82de271673775671828ee744c72abc2c87fb6dbc3005f35eb0b1f9fb86,5030,262144,unknown
train,115.png,ba554c04dac07d953ba8b1b56c2123efc3c924c7085177ec7b276d920600951f,9de593376b680fa27344a16761d46fb239c72ece862a79100875c09d51f1628e,4222,262144,unknown
train,116.png,5755122f1e2664ffdfb2e9cb81aa79e8c46aec366f2610262b966d8c86537a1d,465cadd70c867b81fc772f38ad38996c683d449e32c148c7aa4150bfb7db5f25,3178,262144,unknown
train,117.png,39f6a1748e6e2d46cf4d4caaec629ff4c087d048555427d62d8ecb00e3c7c1ac,e4a99b4452efca7f66784026f4f32b273774f257d4597d17c2d2876574a5c997,1382,262144,unknown
train,118.png,c19bd605688d87e2cca01eb9117c49980a478da3f6264b0e68001140eb6caa45,1b6b33bd3bb1eebce4b9fba00115c591373aa85e16119077e11357e024269497,929,262144,unknown
train,119.png,17e9da9f40b198614fec9fb07b54d16be35a9e8b1c2bb5592e49595d627879d2,b56f1f10a1f649cac688693ad1f7e6037ad70080a331f882d09070f1dd7b7a30,4429,262144,unknown
train,120.png,5affaa0d5add2521a2b08c4fcac607de3313e488197d683a4022c64877dba0f9,a03e15fa47176fe96b6ddc8eaa20c55407430918e62ccec2ada01d8569e294a3,4993,262144,unknown
train,121.png,d0f1a80979cc51f17f6bd675b97e6fe6d6a558e84bccd21970d07c6bab9e46c7,621630ff5960083eac54b008f3bed9c3ba125286dea82df84f98c9a1e10a96ae,5702,262144,unknown
train,122.png,4c130b9ed8e0b53a767379e5d3832992e9487a89d201b67d0a5f4ab4da5fe481,e1addec0027119fd310cdf55366c6ad0e23d2c935f27855e713fb71a3034fb4e,5774,262144,unknown
train,123.png,7198f5430afd9a69862c7bb8ebf91f6965ca3599f077aa77f3441b866687e4ae,ac04fbdc7ef41ce197dfb015b56c1a70f263a985040516186f3b31face87aa59,6511,262144,unknown
train,124.png,c181022828801eb2ec2d22e822f5d727fac7164cff91feedad7c02553783b49c,739ec66a491f9c187727cd9e1956ce145813125851b2c3c74260bc568ee40383,6640,262144,unknown
train,125.png,19a574332c3d9439b16de91ba5cc3f57a6708b7372a3b4edc8aacc12c894bbff,3be47a4234ad6375582a73524b5b90fc6d4075829073d87136ba9be86ab39cc9,6117,262144,unknown
train,126.png,629bb59cf5bbdb42c1a3e1f865471de0933f1422fea7e03b95d9a624ef2ce66f,7337e1f4841a2a2373430c8b528145bc84887d9e7a0a59ef75d9cce66e3fab66,6242,262144,unknown
train,127.png,f1c01cdb114a56ead6357d547ad41163e84f18f154365640abbd2fc769a71165,58ca539310891f7b3be371c3b6744348d9021fc2b8e0cba4b0a9887476774201,3317,262144,unknown
train,128.png,04baabad86e7d2ed696d595d1522ced6ec79717a19aa9c1653711ecead948b6d,eeaa8fd05225eb5d36b861c9b41ea9eb7541c88cdb5479e32cc4e35985918726,4824,262144,unknown
train,129.png,59e39afa3fb606d116e4335369eff69a48b765f8664fea0a6d6c1293472d7a4b,f4fb50535ed5b273feb003c74b7d36990cf2410ba7cbe731aa41cf46fe41eb02,5474,262144,unknown
train,130.png,bdcb9b26d9c6a9cb2b4905fa1b1dd4f2fc2f98cce20003aee4f83cfbd6923e54,8276e7d84fadb5f3ef8a47ff951dfb1d1e52846603cba47bb4d40f651c1d49c9,3110,262144,unknown
train,131.png,45a510838252943edd7728cb94856164ee7af4bd0c102956d7e1cbb714934bad,958c3c9b688417105e1094792fe31b98367b8463a0d3b255e6763ed8bf4df948,6291,262144,unknown
train,132.png,6db051900d487eb3c86e716db8ca7c32674d8f14e03ea1872fb1a18bb2f367b9,e9bd2bfc83a2e22fce22603f6e09fca82e83131b2e0e9580d66cdca17a907a1b,6961,262144,unknown
train,133.png,004247e3024abb0254803fe6a765fc7f8ef38c4416c7db8216e98db3e3438c84,5aa549782d29482e7ce476db0c90a82c11d014a9a642d7ec26ba93f97de0fe84,7862,262144,unknown
train,134.png,61671236253332ea17333b7d52c510597f3ec5d69b4d7be8e4c8db95c79a19e8,babf55e545d44e14a55ea44f4fb11a0152e7de7de099a35a01410e46087650a4,7894,262144,unknown
train,135.png,5425dd23a8c42a0904b5db571f007eb33bd55b699ec11d7919b0c05e3428ba7f,ad0524e256daab14053cdad572f344b65958d8babf16b1059d1565100ea2cc2a,8225,262144,unknown
train,136.png,9501f78974304dca7d6103bd9638fcdf00cdce340670f376ee13406e8f456b3a,ec4324e75a41dac23694a6a016e1ecbb5479545b642f1ddbdc399b4953c8e2c8,8938,262144,unknown
train,137.png,848485c5cf2e146fa118c1d69462881b172296203a4de51d6034ab52790ad968,fb2d4c36d5a2a3a353a27469dbd5dbfca7b8579f4ecf6c27c20636a10be1e863,7107,262144,unknown
train,138.png,0eb798c79be5b86e45b982addc713ea66f1ee05553257f386bed13bd1d4700eb,07d8430814ec969f57e96fab63155c848d416c33d194d2c9fe29f0adf7e2c81c,6234,262144,unknown
train,139.png,76f9b49da1d8f0399bda0acc684a7d8dded879c68b2e401abfd6b8ab45e102b4,5dc10dc7070a1b7790756dc3f941807c030667f869008a19098899c4f81bec57,1507,262144,unknown
train,140.png,728076249e83924f82b869004435a589f868448507be0f3365a022eb3c5af583,0b26cd6500e6006a341e0a58150508a7e2aefc7054def166a3de349f329ecd14,2577,262144,unknown
train,141.png,9b1e3f8709b5e7d9a0aa1c9fea950ab2bba4643e9e13cfa65e7abb3d2411a331,e786fd8a5c3505d0e9c2075b55f1dc7bd0482ab3b1948f398fffcb70afb491fb,5321,262144,unknown
train,142.png,dbf8403eccd5cd6ca569e0e6d5bcf451073de67c7945887d8b7eae4c5d63e9e3,5d981a5f04ef19197b55b20be8c50bbecb092bb7b92ee8f8ae848acd7db7aaf4,4725,262144,unknown
train,143.png,6b8f5e523ea38170b4370d230318057a5e97edee602a0fd393d4c9248e67b621,c0278a25f815ed5978c99cea3c08b07261bcc95f4f966fc08cdb2be77dd7be8f,3631,262144,unknown
train,144.png,e2dcb85a6609e893259741be219c9dc8db88c3b37fe76573fd88363585be034d,72c3b46ff480125cceef8e96901318a1b3cb4425ddcc06112955663f4d4acdf4,2359,262144,unknown
train,145.png,46999d45260e1cf09b2b2f2022ead4001edc40cb828ba6aaddc409731ee662b9,91cd41e82fcd620c97b769b78a1556f62edd75686c1c47db5e6a361ef9e4598c,1260,262144,unknown
train,146.png,5878b80fcbfd472f037a9f9cfd3d05372fad4064766d3f84d0aee781453e1c67,1f4b87b94f956fea059683cf4c277790b0e2db5981a541561369c9cdef586085,3909,262144,unknown
train,147.png,51078c9d5b3c2c1b76a326b58693dd5d8e0c00cd44dee176439f0c6edb8b1f37,66eaf5e332d42a5426e5b140c2b91d467ff7b7a0c3f4e5d98d4f1e83ee218f28,4706,262144,unknown
train,148.png,0660f09b009adb148fb065e58e707de9b5247d9249885881212b9b3f8555dede,57ca69af34e4077409832efc9543d9daf1ccc20163416b7c92bcda87e91996ce,5573,262144,unknown
train,149.png,14b616a69bd112d21a0b9cc20168229d30252f906e773fc551b1f421170dd2f1,ac672af806e92c9633409164b6645c292e3f58676bdb607b2d21e1d99f68e841,5751,262144,unknown
train,150.png,803c0a842738b3cef1b2f2fac8451a40b85b4b2f4ef78cda24df783af1cc880d,ad37cf6853acc9d2f3b43f878aa8f1ebcb7fef928a50f660095b3a032300d4eb,6573,262144,unknown
train,151.png,7832fda9f48d69c9181fff947a3bda52ca9e1ef01dead7ddbe97ad68c43e77e4,04c8ea20b0acb690b21ec2191eb256e2f00fc1536632a0f00572567ef3af0a6a,6398,262144,unknown
train,152.png,9ece77789b5d547d7ec4233d14d2b9a28efaafc2ca04af5fdb38927f9461da91,4e768bcb46b35cb2ad4386882972b6c2820343bde7fe67a573a406f9d0fcd003,6275,262144,unknown
train,153.png,95f4a50320ea41ec07f8d9bef85c322d4737ba239652d9f7cd8cf1cc05b35e5f,9dc40c15e9ee055d5e330c1c81151d5a40a0bca651e110b87948d3eb6c113b46,5465,262144,unknown
train,154.png,bfa4854822da942fe3932c554e52f431669ad3a1a7c42305f32353627f23f64b,f476a2e1036d56e9caf466fcd32d9861c83e2c24bc5af17f0753700afb8efd4e,2323,262144,unknown
train,155.png,4486ec1a36738d0a0565171ffbbcd56be2290716092e30528c1090b00d3e793d,2dcaf65c459f76bd23e693daff097d35dc68a130945c83e68c1323990f261f89,3363,262144,unknown
train,156.png,77c4415b317fa1614352dde69f5ae743d3bf308e72374dbea9c41827cf58faa2,5e71b88a309199498fc07a1e3a89f222744a46437fe85e1325b3872f2405f9af,4623,262144,unknown
train,157.png,7a9d39eab3cda5b5a01d86098fb2b3c1406fd23c7fecf2d68154088463bd911e,c7cc8660ce757296230a4f70bf04fe17acca1fd8ea88ea223d91c1efbc23e56e,2758,262144,unknown
train,158.png,3a8c021878c60149c67a8a39e248bcb2e803a29ad6b1ea2a0f9ded935806585c,d3bf4fab03c0475cba091576396bd49fe69df18b442863f50973b4de357e8e78,1686,262144,unknown
train,159.png,531895656184b07f5c647494e9a95791569f679e4afa9b11e91d3bb67ce1616c,913f9d53e5e25677d0942df3f78b2fc32dccdf6aa5e973e1cc44e3bc41b75a91,1107,262144,unknown
train,160.png,4ee068a3bb153f1c6c42f025c3d554954b424ad049c23e90cfb1fd056d4db96e,7f2b24ea0c7af1c892a5a069f39bd1ba79b25af6e83d791db3c9d6dcea6a5de8,933,262144,unknown
train,161.png,fd7a6d0b3e1306519296dcf7fc60eca899815dac0cd12d20ac870cb8ddbf66c8,f17ce78d6b6c855600858cb6767f4058a8f2637719628503ceb0c5d77205e5a1,4336,262144,unknown
train,162.png,d7e556956c884a16f15d3ee2341b2d1cccf4f2a170c53640f1bc16570042e329,b81fc389b9d686fecf49b442d982cfa940313a6d525205c39a183fa34b518988,5423,262144,unknown
train,163.png,a90931a3017ecadf4bde8ed9c372ac54373e825713e815c849df744d52f3b85f,de331473410aaef4ac70a2630852641cb1aa2b1694da281b63c1686ca7b7fc1a,5345,262144,unknown
train,164.png,eafc9da3a586c319e57e90bd6cbfef131b93e33ce913a3fc8b3329bb1acf42d6,a8eed7607c2e29f8fb695ea3f6885f713eeefcf53ef93dc515b14f664cd1a02c,5575,262144,unknown
train,165.png,fea3ac05b3c5a167be4b177fe619dc740f4f6947b48443cd5d09747205988029,307cda85921a4a0e8e75b916ac8c0149ff382d82ece9b8b7970bf03622f3acbb,6570,262144,unknown
train,166.png,adef75c79a7b88241d8b8c9a8c1f9fbc3f98bc33d6bdc146406e64c8dcef26a9,268364bebf338203668b0fe38d85b320f21505042b97b619ec7d4925362b17a1,5594,262144,unknown
train,167.png,06cea29743193c92eab23845aa3e34842a12fb782a9a632fac7997f961f73fdd,104618b5ab0f0f094a33b34568899e4974edd6160771243e63de39293cb4a490,5618,262144,unknown
train,168.png,595dd9b40b6112a0022608552c72707b7a6e90abf6b86f49799e34746af3b8ef,8598d8aa7956aad281dfda6f7a11506ce6700972236d612e559eaa1beb3f9ff7,5105,262144,unknown
train,169.png,e758df599dbb3091529e0e81101a6091d553b8c5b6dafe94a27863926ec7fef1,7bb7fa010933269927eeabe0dc71e75adc3ea743332a42d03470f861303b57e4,1782,262144,unknown
train,170.png,de77fce7a7939bc2a308b7c903b248231f1b0e1f2d79550c8ba188b02fff29d0,c2cc5dcb21aedd00747e6305e0cbb0b3c48ab1c043cec8312a5ca226a1a6de5a,2244,262144,unknown
train,171.png,cd753147cee13991a0298da1f856b3ded1ca1ed45a25e121cc2e86ad20e342a4,be259bc0042ed473fc79263fb3a6779d89ff61d56a2886931f620d4fba2e4d91,4485,262144,unknown
train,172.png,67dd2cbdca2873398a74f6137e5de8e0b7028fc9c54bd0f353054ea6f962b426,5a88e334a0108e0e5a26e3d3cc90b760a430dad951572140bdaaee5301d405fd,3717,262144,unknown
train,173.png,07e57a0cbc141c374497d590163a82cefb080d001c67cd446a1818b1616c5f11,03e712cfab508dda0b5f28863f24042d7f686a23005e3cbc2e374e66f92e74c9,2404,262144,unknown
train,174.png,353b28250e45cc676feb50321e652596b6dff0a26755c1da1ce923cea31f02a7,6325c4d895df0c1ee5a08b9f98c45b14abece4edd678e7c0a6d95dbd2651149e,1597,262144,unknown
train,175.png,5ed4db79fbd130e9cbe11ab15257c1b13568d8b88ba65b0b201d07a050ac2299,507a6655ad39415ac105bf5ecb1f1bf8ec3ab11692c5c72366f924221d6c5aa1,1174,262144,unknown
train,176.png,9b4d19c92e58aa8d1fe03bd882b8314eb3e25a7fac1aa190426767012adc843a,f72ec834208a3b333ee1f34c292714a62471a390b3e670cbd1acad7a9aeca165,4255,262144,unknown
train,177.png,9f81d2a6d39b7f6beaa71b251e5a14e4739d6526b314b12c8e96ca6b0542f475,d07492bd1de5b22c050d3635772eada25a2aaa50f82b7916ecd3d18199a71b90,4599,262144,unknown
train,178.png,ce3017bf33cc9e0da50aa0a68017c641121d257fcc792b1259c095a1a1b80c60,5e97d20cb852ccace7626b931c3093a467147285b9eafc176beabe6a988b9b95,5194,262144,unknown
train,179.png,5aa4f2dae3059b80ad77b67fd77822ee7c3062b9e9e3bed27821f3c62a3f935c,5cccd31dd1b25531840c4ac51686b7c47af98e86965e7dcdeee5531a39361d8d,5805,262144,unknown
train,180.png,2d8c5d876c92a0933fd1c2972fe316e5cc6a17dc27fd6cc913ca8e7cd16e3ccd,5273726d4daf8d84c4d00ce2dd7c3db343d77de314729fc4fe2ded0c807d3e3a,6268,262144,unknown
train,181.png,97a1cd2854fdf0c4132c78b956fdefa5481780e5014b183275f9edd85318f568,aef47aecb5fc9e6bbbe53ea06dd3ee5ededfa5a51942f11f81c5f02c41bb2153,6227,262144,unknown
train,182.png,fe639989dd1553fd050bbc24f5c7413a24766c33b45c2f2827f2eb1d31f4d1b0,a56ea0b8a5dc5a8aff1c98bfac06ecbf3a30831a840cb187000a94ad12dcf630,5440,262144,unknown
train,183.png,a983218eb58e396ee019c3a2a680e3fa0b98c02f92d9ebc82b7219ec5c2e1316,2837188faf6a90292804a5e506cf042c4d06c95dc23bfc89b4b1b1d7c6930d8d,4974,262144,unknown
train,184.png,fde7a72ca9c6eee4d6fa5f3576dffaeca8e6283cbfee30101a89a036e7e674a5,15766fa87bf1779bbef0545ccccd082a8b07a821bbc001c0bbd40b974d68fff5,2293,262144,unknown
train,185.png,84021ef925b30ef5da34bc26b010794d00f558426a5ac73dc0a380aa50c5da57,671e140cc35d9005d0fe3ecd302bc2d8c72f2fadb680186a8371c5a616b9e954,3937,262144,unknown
train,186.png,699f493cdfede7f8022398175d1a38f88581be4b8da4a1ae21a4137515971060,15a259703756aedf70e08ff9f9bda68d0ff59471ccbe872e5576ce1c18ec8589,2741,262144,unknown
train,187.png,603f573ba481371306afa3a8832429a5c410b5c03c4d45f047f29faf3c625bcc,ec4e888985a3e74b5b021945d73bc507012a5f06705e465177c7b41f3013636a,2350,262144,unknown
train,188.png,53d3e028a30d6db93d3a49ecbdc2cb6c7c7a95b138719255a5138d17dce0fb39,af26b875fcbb14c3d2f5e5007211a3fca4a83e0c794cbcdacd521322a5c09dbb,4612,262144,unknown
train,189.png,7bed0a455a9dfb1daa42e6c97c14fe5e795e195e5735450e80ff224c87bad59b,a23486ed643aa1fcae676794fd8ebe99afc3fc636f3918a9a6ecce25185dfa72,5156,262144,unknown
train,190.png,0303d55a89660df1da89fb16858a8f03ba03a6d307033b1b9b65ebaa7f183f4b,2a2224bc36e26f16031531fcccd5e78f243108c4e9644ec65b74380ad8fb4fa0,5447,262144,unknown
train,191.png,7607cdcf35ea76ece33b9e0027992a2d2e7a313d8ad265ef8d6f664f9b6824f2,a79a25419b35d5571b0930d898732928fa1c94c80e7509b8a6ebd2cf79195b84,5568,262144,unknown
train,192.png,1fe81236ff902ff9037bd5b0809362856242567c08f1abbfeb2c75a99cb51f2f,6dcba04ee217f263614bf5bdbb115d28f6245a274d02f5532328cfd52ea8d102,5754,262144,unknown
train,193.png,d98e190e19f15f689477f83e5e957a38a2a87df57ff5a097f64ce9098b3d67c7,bac68f2e463bbb1983776c4e0c3c7ddbf4e93d3e024e743bdb6f5b6850747b51,6591,262144,unknown
train,194.png,d37434421a9b1e58a31aa156c8126fc8c97b1e4eff9f68425e680634bbb99e62,c7d3aa489ed0262966f0028d7581d80d89d417108bca357d9dea554435cc71cf,6060,262144,unknown
train,195.png,7e34d7e7fcd5d8ba03202e9c687e73a5bddc3f47ae0f7cee160fdfc28f2627e2,8aca6a23b68caa1699f3924fb801a4f2ba537c27e892a44865935c6ce7e2e51c,4796,262144,unknown
train,196.png,1d46bde95d2d3153220daec7686322d50ef8a528b9ef2c083174fdd2a9a52920,9ff3e316607717e6b629194d78721e3b1ebeed44f2e947a91aae5cec4a94a922,1766,262144,unknown
train,197.png,19657f78c0199e119f847e8df9b9e5c8d88f533d8b718d34806722c113f9ce87,f8468f0a1d9a68e327ebccb03c869df5a0d902ad5f2b29d07ab862525018453a,4159,262144,unknown
train,198.png,74b28ba4c3446089b3cba803415b9db32eb5da3753cd4e7fc62d5608a44f0134,14da4e69a8f4b826fd18fd1032b0d366cf358f07a58f4f6a0b94f02d3a691235,3012,262144,unknown
train,199.png,4ec17e254a57331171264f94ed7b92c4253f5e3442a6fef90f71a3378a5ad428,98d1f8091ca8febd199f5364241f183c0716748a9ebda1e99c87c70ec90a39f1,1921,262144,unknown
train,200.png,87f7914133cda7768cafae6cf82c924e226d1f17d07a2f450bb86be6b7468711,41a334c9dcafc93dd07f00eea9cef0f9cee482fa6a29d03d9074fe12afe60f5f,4832,262144,unknown
train,201.png,ad88f772aaa0e3548358f911a93f1ca3ee4d56943490740eba666bc10a190eb2,84d2ca58a834a11bc8a5d95165b15e6255294f50372019799be46471f39fd3a3,5487,262144,unknown
train,202.png,e60008c69216455557076a3e4002bc522744e4d527f582d801f4c1bdea239893,b7c1c92e58550e7b7b23f1fb3f3b20ca01964abc287cb399c5790160501adec5,5467,262144,unknown
train,203.png,010c353aaccbac8bd6eff4bf974348b2da65aaa2dc8fd479b19de53f097e2907,44ff39f9ed17313169008278199340f65ef421ddef82475d096629a41d2c9b91,5149,262144,unknown
train,204.png,fc72911f7ba4f11a9d9c2d7ca651cad788d74907281b999cdc09f1d939fce755,5af1fbf52548f426b936de51ef97cc7ed954c31493f1d70a3bc1f979cc95ee22,5009,262144,unknown
train,205.png,927eeb211144c668b46c36eea90040e83a1514085fd03f300f0cfe0a8d8e86b8,911ddfa2bfeaef0e60ccbac1c32593f19b4185cf83f600c2a33baed5b47fae55,5490,262144,unknown
train,206.png,e7ad50b30dcf1f2157e1b5ced4def1818fb8b2971c83ab96b022cbdb2ff218e6,44623a4e8a0bdc7c66a42d43d830436433f7b494cabd0b17a4e6f8f3a869d336,5033,262144,unknown
train,207.png,39b5033e8a82ab0c96deadbe7be63b89f5cec0a0602b56a1c2bcdda83bfa3a84,dc88e54586592155b654d70b0164ee3efaa458d935e511a67c886b487f272f9c,3978,262144,unknown
train,208.png,31ee03f2111c78bd1026d72f54413d382ec82b668ef133dcd1fa03d6f1800145,eeb2b1e208006e71dff7f66e3b282a3e1cd85d3f6c6058424c73a72b72bfd9b0,2386,262144,unknown
train,209.png,50087df4cf13f19e9ab59335b05d43715d742ded7b56282b555eaa1769350176,ac6203e20549c2040a11c7dc69cf19a3de25a26211f3762202cafc181e495b27,3578,262144,unknown
train,210.png,be3fadd29305858da45a857e50265fe9bd760a4d2aaa565cff24f1c4e99231c4,48b8c5326fbd6c862dd03dde107774810144bc000e6777726e3e3bcb0d585218,2694,262144,unknown
train,211.png,221e77ce7cce441af378754320d9f8383b10416fad16f46d81f2bfd8f7d98388,a016b4869907c3c370ef193f99ab817e75c5af3a2de51e0fff21158057ed0545,1516,262144,unknown
train,212.png,fabd01b716fa7aa7bfe474958c6622c0e7c0e920df111ed51b6683e634cd662a,ed967a72929242f709cf10d6b0e3a552827663a1918487230f549d543c49b3d3,4641,262144,unknown
train,213.png,a7cc789e6cdfae1f0118d10f2cb50e5ac707dfb9a97ace4d8f5f8c8e53440ab2,195a257e9df52b6ec7a53014b29c9a92941ab93c68774e73b168ac8637fdf5ed,5479,262144,unknown
train,214.png,347a849c2b4b799961b74dfd1497d36853c349c2423738143e8b6ceb79460074,a54cbfef0a9ca5dd0a9fde79d7f97344d4e24a2fd037dbd0fb9051c5d5084699,6746,262144,unknown
train,215.png,cdac95967db20a10d1d3cd9c447515a6e12c47d1a7b42a2a8c31b481a11fc109,887707628629afb0990e7a32a5472765d1112c1f3809626a27e0c27574dcd9cd,6268,262144,unknown
train,216.png,46ddfa769d346d8020ac3371afecbb06ce214f0bc57a15d2cda833733b8c1878,e17eda6f67e3358f3f0f6450b7e0ab421133d73e08efe8b8f4af0be075fec7fd,6064,262144,unknown
train,217.png,a97fcaefa53d03d577c89ba1affc69c082310e544f06f7f83a502642bb10b921,4fda3851cc0245751fda98e54c009fe27bb5fdb5de356bb52ffcc53f2c97c14c,5573,262144,unknown
train,218.png,3f2b251db44f4f53e950be68cd1e43a813ece3228457c5fefc93fa8bedb87dd2,7cb9861a4c8e4232d9a9bc10ce4204e1ee3bbfc2545e7ce9de1c3b724e59ff61,5667,262144,unknown
train,219.png,a1d2afcb3c837276118f0a624e28845da3a9b4de30f7814a968d2c53622c96de,e253a21a4d967952e93fc221b2b4496bbc2557cf90ccfa080e69cd20c0b81680,4769,262144,unknown
train,220.png,700b6a11159a73264da625f075ae845bc587d34e8ec9455c5b1b5db7280679b4,e9615befad5512e6ce479e75db4855a74825e81163fe4dc8041dc18ed6cbb62c,2176,262144,unknown
train,221.png,1a03248b3ecae6af475abbf9a00d6e7489124b15d164323306808a0375559492,a62447f84df7da5f17dc55d47440a1ac17b240c2cf520c02f603cf84b64eb88d,4264,262144,unknown
train,222.png,f2adb90b10994fd9546807673c3d642f5201bf9956febf0337ae6adfe06452fb,a33e9916789d1389ce948c1340611cd28ef6705c688efa29db7296e17e439b0f,3305,262144,unknown
train,223.png,fa18194409526ae49a5b34dc1ad918ff6412ac4d08d320675b472e85437bb66d,9b6ad5d4944b3ebf3b945b655e9d2bc7a277abfad30caeba7231bd9c25ab9344,1648,262144,unknown
train,224.png,5c4bb4a9e1607de32723e36ff6a8df795570ea52970bce7b8c847a6757dd18f2,860f6bf32caec133de9cfa2ebe4aae5d325dc96769fccd68e8eb9be32c13f9c9,4875,262144,unknown
train,225.png,086b9bd7cfd45c361d1bd43882b389fd87c562c902f97a3e665c354ac4788e52,82f8b1aa1721ff1b4e02c2bd6145d3c7f4ded1e611383322133d8b7780c61d69,5302,262144,unknown
train,226.png,b2e0300d42532a84022f0cb8d0303ed42b5c8e7cf993cf3442aeefff901ef3ee,769d9a09bbd9c897744c4a5c33518181d6d27ed79c242a9a05b9562e4ed9d5b2,5766,262144,unknown
train,227.png,a1b9e7d6f87945a48f109e68e8521b6eab47302e8720dcc85ee88c356adcc196,8ba1330e34649d06d940d958c2092949b322590b98120ef23746f1b14f42cc52,6066,262144,unknown
train,228.png,71ea9008c2d1184ab5ed4e4b86ff2497e83a5f349c980930f6da52e3d737d4bc,84b47805d4f0c156b82f20ebeee078cd6a2f95e2d9b55bf6f02ebd76c46924c3,6256,262144,unknown
train,229.png,9ad57df650e6f9167b36bb00f1cbe674ac11ddd014c911cb22233034cd708290,e5fb19d814e13893b5d1818916f8ba184a334f26636bf2b0c71d15ee906e3ad3,5401,262144,unknown
train,230.png,cfb3938cfbfd153e3ca7b3c0bcfb8934709ed9edf5329d485586a7a587037666,034a0e5fcd17a730155d7013117d1caba8c5ba8b43a62c6a6f326d4f38377d7c,5259,262144,unknown
train,231.png,d54df618c4629a5db49fb0c4ccf55db3ad5dbfa139573c5c118c1105bc2b22af,4fb233d981e66f602a3958759b2ce8e5ff041def9520211b41aaf33062d16034,4426,262144,unknown
train,232.png,d47fdcec800e8cfb8aab6bc556a1d103417e597634290b299366d70b7485c83d,0917b5913f958866c65893d1a1d1b747f0445f068a0060febc70c1dbf6ed038f,1338,262144,unknown
train,233.png,051726232e08aba9927048192133da2766dd04ac3bda0c0730e345b86ae128e0,6aa05b6c68f76c7aa4110bab12cb8a260fcc21a5c03665207d1f34906db1b220,2833,262144,unknown
train,234.png,90d5f0ea8b5abe539e8fbeddce1a8a17846fa3812341f63035315325d3e9be50,b7c2b6c94f19e7ffc2ed53522bb9b2b76970f43d3ff2b202bb08494648aa3a8d,2584,262144,unknown
train,235.png,7b898a8708cd185fa72cda62222cde7e1d9d8921ca6801b2b606615b84cbf604,ba55ed2635f351096a11620f8df0373ca3d638f3fb48d9567c30bf6089ba071a,1538,262144,unknown
train,236.png,004cd00e6a487a92d05650a071d0cd720d135cdb085a8928b3256515d240b10c,9cc5228d251da2e37badd2e291b2a68cd3f8b1ec35236537d2938034cf6cd2a1,4039,262144,unknown
train,237.png,b97a54b961342a88825c7451db6ea1e3f19cef010668eec5d86331a805d19ffc,51b992bc9e82a19b75ed0e145f2672b3bc4d8ffa55c2403a188eb3c57da0524f,4569,262144,unknown
train,238.png,d5fa38c200a31a6ea234cf0211a868409451e83739164636dde327d9c6636c39,68e57b3f88564fd463cc02efc842560553950b30c2dae239c9abbafe6cebc53f,4820,262144,unknown
train,239.png,b8380c421ed2ff624e412c04e3922172930c5409ea829aa8ef5986c53a104b9e,c13c784dd6f8cb415a46a6afa980c8a6b99f3d0ec69e7b26bc56ec241a8c7c52,5546,262144,unknown
train,240.png,d0c9ff85516f91804fc25c98e48403dfef02a55b65f30d855111257983457e12,2a5beec2237a3ad5311a415dcf7d5809eec7aa4e829e2c7ef2ffd55a7668cf62,5452,262144,unknown
train,241.png,51688a63645ba67e096bb3eb281fa4a3b18b1ffaa923916da4563c94532e2403,42b9a8e291389e6b6bf657915bc24ac9a3157a06794397c0186f42aa9f1390d0,5597,262144,unknown
train,242.png,7cf06c482c1127b9613b2929d02562de302043a28b4c8a3e0fdcefda52bc5d0f,8718eb0c4c1cb637f2faf0a7316efaf0ed8bd5d3a2f13e4f7d0e92f9c1d4ebce,4613,262144,unknown
train,243.png,b7a2506a5fee668f43727449139bfae28decc565493b4b1f447ffc7b0edd4747,7401279e7f282e90fcbd4b3fc21c87f308428367e68e26079b5e5a21fd14d70a,4099,262144,unknown
train,244.png,97f349760f7525b62b75d6f88f9bd195ff2c3155eefb8564f3870948f4aa4f0b,ca3f7e1af77570f8490fc81b68c29ccac04e0e7bcfa40eff5653e5bc991f1c7a,2031,262144,unknown
train,245.png,587f10d28e77c529cbbecb9c88017c4ecf3bfdc46af07ff2e261b3ba098485cb,3306cb46d879e6f07cf84e48b60209fb8f45cec34239193cc57e733661e96953,3419,262144,unknown
train,246.png,c24e5914e32e547cc45c42e7cf39d411e5a6ca36a02b2115974184c2a4f208ce,95ec2366de04e1aada9af939808fc92486c5bd4de7edbde3f1f568330baf249e,3379,262144,unknown
train,247.png,90bd4410dee7f0fe726ecae34df0f11794fc72faaafcbac5d30f7c5c250464b3,ba8b445effafb40b9dc752713e257dbfd76aaf0a866c1b431a6ba3669de34437,1871,262144,unknown
train,248.png,92edaec876d4298ab6365ae9c06eeec392ddc9b1c7eb7d87ce8396ea2c188e49,c8198b26342a09ab69ac77acc04123c6cfee4b516441c071d20defb92013866d,4841,262144,unknown
train,249.png,5216b005ef455149702895ed9311ccd211a804b92ae7cf8c0f5ca06f75105181,6cb11603a2a9996cb3b990e8f8a9016e68a5b4f9ea77adbfae41d655f77feecc,5164,262144,unknown
train,250.png,8e0001d27d45fcdc238feacee0ef5452155a47e4d77952ea0bde3023ba483251,09c08febe1ae3d44c56b458b34975062372e760ccdd319401956f6ccd0c6d1f9,5823,262144,unknown
train,251.png,a2686d6ff2e9d6bd5e818d4fb6e55b178517eb9be16214d28e07dfd8c5da7b77,9dfcee478ca60c53a0edb213ad24652834bfa2aeb5f66afbb70584e288b4dc6b,5965,262144,unknown
train,252.png,4532a6175983c7c54d9b3839cc3573830ddc7953caa7bc07952d5a3f7f921f41,d76f4217c493cf6b67554e50e17198db85027b191e45c03a37766d50be09d804,6134,262144,unknown
train,253.png,51b96699c3be596531e5fd7220361fbe9072b258b3dbe2d712d697bb8ceeda46,f1543248ce56e6435865a7766dd1b8045181b938c929811eb83a3b24088a750d,5195,262144,unknown
train,254.png,a5232721e2f3cda796aef2091db8c3df7071e4050c24397a43ac19d8bf94eda8,9c2afb4b9a885f91bbee88affa05e01bf9c3e7e7ee039ab9d8703582394d3b84,4963,262144,unknown
train,255.png,4c4871b9564c6eed0044cd63c2aba367b31f7e7179dcfb9a5a6e98e48ceb3b42,e85f16dfa030094fd365ca54e16938dbcd923caa1ea90ad46aad3e6e580ef410,4781,262144,unknown
train,256.png,5a376b370ae7e792bfc2767fcb9c3ddcb7cd25731b33e31f86a52570b244cb59,c741da253c6d2f26296f3d2e5f1aca58fb9ef53d1d9481f978ae7a8c35e8176e,1522,262144,unknown
train,257.png,a85ef82cbd42d2e8e28152fd948654b90b73d7b9bf9b16c4bc8f86a0a6370cd4,c02d0162cd8a74cb77c95692ba560066e836fe8257d07b97d31680fe8a4a631e,4398,262144,unknown
train,258.png,a5510a980c8120264123442fa67cf4eb66b77eb1409c6401c221f40c2d5a57a7,80bd7e9e5fea60fece7a6fdd823b8699067bfa5fa5b36db2f6b6c6bbf9272e38,3324,262144,unknown
train,259.png,a2c8d313638fd88daec9c6a8e7e8b276128bed972792c0cbe58dc20d96acdf52,9e545d32fad2b3645cbcb06bcb4e323941c891097a03ea7a06ca3eb1b21da8de,1441,262144,unknown
train,260.png,7271888c7a483016825f9b3f5e44a50179707f55c2b7a5b8863a03de11fd9bef,ed381b0005a0ed188e7848da74202b8c4bc4db1e37b1bc076a52ae18153f86d0,4913,262144,unknown
train,261.png,95a0b3b301b7d0574daa9f9acd35da07d077809f156468e4affc413a68e0ae82,3ab7f444fb696c5e2f17deb7fa20496c03bc915ed5642fa7f579b3d189d11247,5487,262144,unknown
train,262.png,7f1bdc8f4053ee3f45f307b634b584c150e08cb7b033044e59a9d0ed265e2586,1a303ec7f59a8b2e2f8c366d1f277e180287d24559bbaaf4231a75a4e02307bd,5591,262144,unknown
train,263.png,623f4be27d18fb7041df749702d1fd2d7fc6d15b042c6deca9dbb568f6db4622,f5db0567ee059d445aeb9e49ff6839d0aefc5486b2f1197e07bcf04b2c175781,5744,262144,unknown
train,264.png,b215fa605dafdbfcbd7bd5d38b2fe82077f4714090d5606d94ffa90808133a0c,b2514803df5302740489b939a655606554c5ef56fa5ee99e35b59e8e901fcc81,5650,262144,unknown
train,265.png,4243160286cbae7f3d050c9615365ff83372fb376236d513210c94c9f7b27fe1,4fd3f40d7719d785667e801d5013725175b82db9fcec3391600d08d3128350c1,4979,262144,unknown
train,266.png,bfb6222d57923cdcc07ab5ebfa50e195da3b3bf5f6ad6cc3ae6ee5d31f1631ea,008e2de7c24b327cef0b7ec21b6c03c5b20b8360b115d377ddd534a684f6f072,4968,262144,unknown
train,267.png,b940248af26f165ea77f89abcf283aa73954898ce9a44762ed5ed94035b4f5cd,6975d6c650011cc931925a3649b14d0cf17fd3265e6ed3dff6ffcf6792239ec3,4248,262144,unknown
train,268.png,62443d9bc0d45e979e6bd3cbf880b6c9915265d0d5592b9bd71db0761c215cd8,cd20de618af8f6debdaedd88c7598b42d7af17d4104bbb1da5d983ebd65248b1,1315,262144,unknown
train,269.png,a00214fd1201f542fb826ccc02d45ef3e75c1329ebb73b9a376f36580b5e6bcf,7bc11d04fe102e3a4e0758414688f0e1caaf48da57e45ad75f3ab92b37d760ab,1820,262144,unknown
train,270.png,d617b93af2a81d4bc870543c300976cb2a0e15964084f415ad63c1fca0e8a92a,46daf9503662f28c9d4989f977596597c34df088496cd484a5994acd9e49b675,4648,262144,unknown
train,271.png,37b2c350d420026b24f5b080523bd1ac6e9574d8b66e84735026042897418a46,51443f085d0a4e47c7116bc8ab5e60631640657b046b6fbdd36a355905cf9b1e,3931,262144,unknown
train,272.png,7d2e4e7f16273356381490eaf237d163426b6b53a17e3a9bb513170c83701e9c,ec882c5f0dd94b64085b8fdb0512cc4ec1d67d3656dd243ed2950a7de3f5441b,2488,262144,unknown
train,273.png,c07b22870e7ad036eec9a8a52f6111584cff036ddcd025e5092c0decc3f5d28c,7f9b6b96186f5b0664af02dbfb1fa8746a6558b19ad50da4781ffb514f9f71d5,1120,262144,unknown
train,274.png,c5949d19966e0c354e04f1c5e00d766eba412e39d5b4a8b0776475d07710efa5,35d9ceafe745a72a8bba9ab21ab761c22cfc92a26d678601b0163902fe7469c5,520,262144,unknown
train,275.png,30a07e39f92e1c85451c336e8419c62afa6bd4da70c5a70f0c7dbe126f3d1d41,5d29123df96830e219702656877138b69f55bd658d764508230adb2723a9419a,3924,262144,unknown
train,276.png,19c38d2802dcf5bbc307e2ac5dbf41e4395a9b2eb91630521b1812a8dcab7ce5,95fa56b8712a48b0f89cef1f73d17b28b8283c67af1a28e2036eb9346993bca7,4864,262144,unknown
train,277.png,319e859258e7709a5a90b2c859830fe87ccc31038ef36cbaf66b8bdaf438816e,cae8353f96b1e52379a3f2c9396d36c009039d2ab6849de648e62f25048c843f,5349,262144,unknown
train,278.png,e55bcb8b3204f2eca853f472b9f3937eda99338bd9ba9e9154816778b7c4882c,3414ee8fb62678b68539b5fedc28bd2f20810da18a1402c268fa45f5c4c92ccf,5315,262144,unknown
train,279.png,e43bf6289a87ee5a504a735e8bacfd2a6090f9248492511be26a70dced5a549f,e5c87501704b7244c6c09440d46e9b69be54ee310769cc3f2e268219e1a1875d,5573,262144,unknown
train,280.png,ef66be59effe40eed5b79d578a6728333482f6a5e3dc456c1a60c821d2571341,b5ff4f9c4b3877bbcc306601df95c75c9314488dde9cacfd9990b27f3edb2991,5876,262144,unknown
train,281.png,8f1271bf228c5e95d3f759be421a85e509c0c377ee4ece2d5138d57329e1cec5,49268275b3c1101c44eedc5aba5a7d7f92860c519a4d532a02768efe4b7d8b0b,5165,262144,unknown
train,282.png,9379c6270c49e8e9dab6aee8cf5973eb16e5494a39f9ff153f5a77e51cb21226,a0a0e2956f46179673ceb0518cd405f6d897abdeaa4352d8a90300f23d1d7fd2,4697,262144,unknown
train,283.png,b44081011f6054f53f5c284c32084683f00f78be8cc5f20d2a1f1623e6b75eff,2639d2bae0ab86bb3b455968adf1710c0dea7caa2b53d079ab4524ddab6de637,3111,262144,unknown
train,284.png,d2276077cbf6fbf5b6a34cb4100f8310e8f7b0169b0462d1319014b2f687b9de,0440fd33571137f06fd133e521c42e7a26d3f5344430b7b4c808e23aaeb5bc21,4571,262144,unknown
train,285.png,d065b33809e24ebbe4a30a68d861462431dcfb0a2d2c05a17c3f64123fab02e6,7433bc5bd6db299a8cc37ea33f950fe2a16ddf36f5da2cd6d6c2dfa4b204c5ed,3703,262144,unknown
train,286.png,1033e6068d54580f9fa0875b9a4f362a845329e2651b74208d3e6ca052c5172e,76e52bc56b4159ca86aeddb17c66913e8458f8d3088c28b83b6cc1c54fc0c671,2207,262144,unknown
train,287.png,2b85fd854294ec3b0a1f6c5ef4a290464e44c6d10d3a2bf473d0824fd89c0ec9,16dc98c90370005b393c33547cb00947bee3e6dea2ac91558faad51aa50c294e,5751,262144,unknown
train,288.png,3a8766183b1238dffd2686cc516c52298a7a600983c2aefbb9d1a3f377f47199,e11a5ecd1feeeb7a0b5a5658f633c80245f208babba53de1295c915626265c52,5923,262144,unknown
train,289.png,4c9d58230eee1a62f543e942561ff009de31a4d0b8e54ed48121cec8e5914ea5,b7645b750c48ea4c01490c7f795490ae118d190a98cbfc7f81be2082091f8a40,6281,262144,unknown
train,290.png,b405785b6289260db3de99646975d7deb78387bf0dec87957f3d3a884c9e5202,56cddd0005af8151063e4d13c088c872e8d084b0da3553871fc043a78f03570d,6607,262144,unknown
train,291.png,af11b29962a5f15bef2802cbc37c317149ae98fd0b28e772615e236784b27dc9,45cca5cb1cc08667e1af9d6d4f177b8ffc3e014a0c53ec2c59e68f739739b7e8,6472,262144,unknown
train,292.png,72cdad24fccfbb6c5ade48ec9676ccb3ae4e6f273503a9ad3defb10776990bd7,321ae77f5dcc1235695d2daf28d4a3cde23eda93accc37e0f6abc679001ce8d2,6498,262144,unknown
train,293.png,0bccefd1a3f89854cad8aa3274779913fd5057b9e29604e49b775934adcb9c73,700dec7ad5e962f769d3987bd2a7b5e15e29e0cfbad2b4013f8ba5861dfd402c,5398,262144,unknown
train,294.png,f441820a5d6cd297871b68d7d0ced46ac4e96673dcc49d0f96c2b919dd4a5da0,856ea26d3361e275a10a1f54ea6901e0219d35aa7092f5f9007adec3edb686ce,5108,262144,unknown
train,295.png,6e8d026a5fa74d4005691dbbdb0fcf985682fc5e5b9403e6a4a498d84e3bc44d,c59ad6c44fb82b420ae438e106b784775a932b5bf88127c86ab0ecc0dedcb33c,832,262144,unknown
train,296.png,1fae20ebffb47b6817c1e67cd9f22a226e56f6e98a2556895d6c04bf1f0653f0,2d7be055fc5ea76b549cd38cf84d17bdd7311b0a9b731d6a01c13cc54cde1025,2125,262144,unknown
train,297.png,b024632aa7b1bdffffc0806f222a577f48842e96a197ef1258dd5411bc5aaa2a,e5fe698783003f82256a5851b4f6ef2fecb49fef725e2a6735c2464a1c84b5ce,2055,262144,unknown
train,298.png,f527f08a796b3db7f70a69f2f8b9929c09f2918abcf7666c24d63f00538a41bc,5d6cffd00655aca00d350a47f56a3f0ede702f27db21966e9f68b2d8c3b301fb,1056,262144,unknown
train,299.png,8f6ba02e13184b9da6a0b89a19645d61a9e815188249b746eaf40da0ea8580b5,5b126cef42161585c2f0930ba283a1a51bb4db4bc524fe76558bf390874ccd64,3567,262144,unknown
train,300.png,d0b6ee4c5af562ab638741601da49b678c7ea80bb0eef3cde09f49104ce2fe6c,be6664aad910d24449a5b99514cf270bf0a6288782a640e302fa5e640d51223d,4629,262144,unknown
train,301.png,c10452ed2b1b4e150f3e331488bee84767bb6b6101885d5697d548d99c293f4a,ada5d82a5ae2341829e0a0d27e4fe63e5db08b86d8df049672ecd831ce639ff1,5106,262144,unknown
train,302.png,3b0376d0f4b66f0ec6b7947f93d7f6d2c716c2760f9418141e5b74c6f9acd882,0ea9eeea398f61d945fafd94541abc0fc74d81b4ce6b3f681bf853e98535f452,4734,262144,unknown
train,303.png,d9aa4d5dbc7869b284e3f62cf00ccd4825fac125b081cc7a29665659cf638d0d,3008fcba7a870971e14ae87f502cd52ae5e89f941e44a16df8017f708663b703,5852,262144,unknown
train,304.png,32d08b2480e3c8c198d8a02575846e01db53ccfba62467606f927b4d0ba1569a,23e98a0db37e1744cf835bb74f72c89228c3154185e6da4c342c734a8ab73c0d,4901,262144,unknown
train,305.png,5a80f612536517eb42c1d527a7d1aed803842892c6cb61579d7bfc8825c6ea12,132393b55967ef11c7a78f65d118d029592c2693933dbad0c351a6a2b11c92dc,4617,262144,unknown
train,306.png,35c98484aa799442bc610757c69e75d3eed7087eafcee0331fe5c68cc592bf21,be61fe9e57ac54d61f5ec9d49e911ceb53c864b456df9860c30da7fbe3013f63,3815,262144,unknown
train,307.png,30e0ba51c827b22337d2d58220c0d3214b348ba40cb022a5b082f023bb266c6e,f9c24b303b628de415c58171f5b88a2e21a122cab896d189a6648362748d5f34,1032,262144,unknown
train,308.png,6d52e6f7809bf73a5e0864c6801b3a80210a9f88480ad154384ad809abadbb3a,ce9cd7bc7585bc7cc4305bd304d75b52648da46b4732984f756fd5edc78ae916,2867,262144,unknown
train,309.png,54ce41fea44223a80003b3a584d013fd71c2df877b2fd2e23cb58dca6840b07d,840b3a03410fa36318babb2e1961259033d488581d1ce2c8640c617464b62463,3254,262144,unknown
train,310.png,99234f87fb511cde932953ee15ae78d7a50abf2b90559f66f21c482b505dc648,b5c787a814ce92c177832e79c535682b740e4382bb5db58914eb305f4591b1b5,1989,262144,unknown
train,311.png,7a8ee2785dbea3a8d8b5a8f1c658cf5176e35ce2a3f687ae91856f95c7c6e7ce,c5fb227f757a067a193ba301087c43ce0bbf93fe501218d4823d55796726b9d3,3829,262144,unknown
train,312.png,c617410261fe397b4f322a261c301e6f0463a4b0cd5c0b6d7864478a6a2e92ee,f1f01837f7ce7206aeb048256b85e0860ea7cf723d03fcf8049a42d2cc10bf7d,4450,262144,unknown
train,313.png,fafe1cbe677ab09c11b3a6f9146c2d7b8b6f756ca2a9205c52f0a99bd51b912d,f42b6409f7b63e3b332db960bf2a093b7865e0e3f562b5921496ca1446be7aa6,5187,262144,unknown
train,314.png,a6556b27fdb074a724b0996cd51426bf3c171a20a368574a86d5b0755bd79f7c,53709a9a7f5c18f0dffb4f42079e26dcb3acc789436330be513cdfc166b8c0ff,4911,262144,unknown
train,315.png,bb2a19195d4a746ea1ffec0926be1ae30b51ce3e7bec16bac9f03aba4b401eb9,3a6fbcd69ce9280f4edb983b11e3dea70e7c569d04cddd71de2101d49d9f40e3,5383,262144,unknown
train,316.png,4d00aa2051f3c81354ebab272eecc7566cd756938977776afa5715990667f30e,3c80d7c633846c6f25dada5e5b49d1e7edf930c95c3301da6dafaa01287b615d,5997,262144,unknown
train,317.png,9a8ec957e921d72d2ebaf7a5adae98a953bda774157aff0cdd0e97d3d789c77a,319eea919f0148db700bfc84ee8f11161da26acaacf0d2bc5c2ad77cfe5aefa5,5742,262144,unknown
train,318.png,bccbccfd7b76d22c8562c0f7afd2c10f0c6125b2ce74be7a02b8b52c6bc8b986,0b96ac1d12489923bcb02e00b94d47cdd2b4e726cc5a565bd91cb74d7cc66ade,4579,262144,unknown
train,319.png,dd56e390f03f35f5181e3b2178b35d1e5a6c1eb40c6d635e445e076da9ec7268,208d3035526ddce2741fbe87d50581a3689c04f8d6cd3978eb0a4af1532277ad,1616,262144,unknown
train,320.png,87337d479fbc7339aa22d7e7ad6c6bcb2dedbe8e02559cffc5ceca2ef08b4ca1,5164b30fef799e6a77eee139937ef23d99e25883d1059f76e2dd9be2c724cd95,3234,262144,unknown
train,321.png,993fcda9943b1e162607d4a25e42465301443a3df547a56889fa60c79626c689,4d3e9db401a1150a8bd2964c83f5ff30c06774171e86b1491c8d5085a621cf34,2114,262144,unknown
train,322.png,a16da1cd6b7acefb909304131c59373d95a598e377502e6c0254a13003859de2,c674b8f0950e513251d8bc7d3051816480adec5757b3916c2a1d3f0795a99218,1543,262144,unknown
train,323.png,dc30867ed8254b264951bef83dfc7581ca0f994dc64a736d661a2fa418ea2ae1,25caab109876fd36ef5f86922e157fb4861784f298609d7f3340a4f789514ffd,4736,262144,unknown
train,324.png,4c0800839b50646e78c45a08fcb4f9b175a099a7bfb27000cfcff408915c5a9c,bb3f8c2cbfa456911f68e2f8a1147c6eb9cf20133c6911415336f99e12bd96ba,5198,262144,unknown
train,325.png,41ea376d3ac28c701847f43a310d838fffd120facd34c631161a72f229dd5e25,762e7654e1be2be2edd182a5dc6210cd18929635d67cd05035673ad0f0b58f7a,5334,262144,unknown
train,326.png,f52bf6652cf0f63555f68ecb5905cb82259ddeaaaa58fffe96c0e766f15ab1e2,59b46d3c9758bc918e870a7c049a07c8d3f7725c670a5ab58b94c71385bf2a7d,5933,262144,unknown
train,327.png,4a9054cc1f91bb4b352acbfa5e46a27b4b218fa8753f76254d10a8054037646b,d7c23fdf731da627b77773c9e89b193c95665c17da7b4ad47be35bc14703f099,6027,262144,unknown
train,328.png,7efc890aef7c8d1b104b9a429be41ef9a9e1a46deabf8905f493161503bff13f,ac2f4ffeb20a020d71dc8da2f75783d750a01feba6ff6b13e1ccc02252e36086,4945,262144,unknown
train,329.png,065fed1ac792dcad493926eb37445845036dec2e16fbc19293c2fcaecc5f4d1a,3416d16ffd1f01e190f81261535cd19eedc61d6ca501d1d6608bb20683f3b97c,4847,262144,unknown
train,330.png,dbe06beb44fc419ed01bd25e68f9444458e074f8f70cfcb245471ac53ebe47de,9641c2d792f9d3293e9f00f116996fe7f6b1fa8220fb24688c33762de9b0afc1,4248,262144,unknown
train,331.png,12c8f1c2bd4ee7cb19a0192ca34b62289c7e095e9e9e5da91fc7354bbf20f847,61355891bb908df151a78862c9352a63c65d2837fc0a1827cf93a6ca1a698a27,1498,262144,unknown
train,332.png,aefad9576b98a87de1df187dfedaa5986c68751f08ad33210efd3be53fe521ff,9d194429243e7e2b27e99afc793d683b450021202b91b15bedeee3a03dabe5f8,1975,262144,unknown
train,333.png,c3af84c35e47e43036e32c0b048001a9dddaba8f1044a5442bafdd40aa7deb74,923016aa3d0745a22594abbc8cfe9645e0efcd86d1fea2cd3a3618d628776aca,4522,262144,unknown
train,334.png,a1b7174f3bf1209d2ca7248a4e510afedc9acf6d4b6e7fa3a17e303befd17feb,b3da7c61b1f96160e45dd4a910325d03d1683c8a8f0d2d8f88114ec3c4f96363,3735,262144,unknown
train,335.png,d6c139ed99903d0fa0d9f40efcab1b1046e880e36e7a70c23a892196ffeb6e27,aa4f642df634256cb92fe7a11e9164a40cfc5647d0508d0dfca298a03ba35d44,2008,262144,unknown
train,336.png,d7396909e5eaa436d5eb6531cd502c1017853d7e3d3ab2c540346a309ba6d9d4,820736fbc9f08b4189b6953682498dda07912916ec057b585466269c2e3e5638,1538,262144,unknown
train,337.png,00c6f766ed270ed8e180539b07690afb39c5cb7c711e5f466b0a9f1213a7a933,59f569916900b677594960af7ea8b0c69a2b7ca62e27c7ce5313560ad2446196,1174,262144,unknown
train,338.png,93a0a62a1018bfadcbab03e1adba39fe742cf17f76fd6994b623bc1b68b81239,04981e9f015f60c44c00d739177ecf06993c7cbc6146fdfe63483f42d8c12646,3551,262144,unknown
train,339.png,af563aeb30354aae42d8109c27e1ea1b6482ffdff576a7cd2907ee790b607abe,b51e95be774fd6b086ef707149524d4e78b3d47abcc59fdddfa9ce4e321d13a9,4524,262144,unknown
train,340.png,db326dfef8b57a06ca64a02f87bf71f5e03a568741402a8c95954148da1d801a,f782fb1893b5d87fe3fae944790a61b3c73f42a484f22e46353e8974bca7372f,5116,262144,unknown
train,341.png,0c926188b642a339e35084516517d7b2b36768aafc2bdcf78874a9b3424e42bb,9fb66ad92997fc921fe4c479b63296777c534f78d3eb97d411efb386238a05e9,6043,262144,unknown
train,342.png,b62403f2a8f51423fdf2108cfb4d5d3bc765812d9c694fb01ecb6ad83c7fbb24,74ea15d6ed10ec6730428a8ac488f9547ce596c280606c97cb7d051cdd990a77,5977,262144,unknown
train,343.png,a559e77f01b2a4f57757e95d8c9fa27c83181bbbd2dfeb72f7c83e947c5222ae,e7e7a1739fcc98f564ec8c9c9e075a96a3851256c25a0d8f99abcf475e182b49,5956,262144,unknown
train,344.png,702582da6f4e977b097d1ab6c23ecf6850b8de31f2d857b64d8f13204389b23c,7f302f0c23d83e2e1fba30de435ee7a75baf3dcbb7d44ebddb6b3f17d61fc9da,5305,262144,unknown
train,345.png,762dbc90b6382f09033e267eefa29bae9cd7467df07e346e93416d4ef0b0c84c,a99d7339badc104a170b80886b53df744fec74e401fc7078cdae1f62f8863e46,5177,262144,unknown
train,346.png,07b03a66de25a34900b7052397ebe9ebf906866bf8171771b09d3e483aea26db,b30c35606efb115ccd313464fa5175d78b17371bb92a518c09cb9478c8286caf,3471,262144,unknown
train,347.png,6ae1a27c19ed759c17b590f3e2c92a15d50c9a5e9e5a228a1f4062c54730b7f3,f3be765d60cc95da2f65fd0f2610699f19d3c7474fd1472504f7111255014a58,5053,262144,unknown
train,348.png,09147490a2346df7364639286dcfe149a679ca34c456df6f071e516c659d26a5,018da55b9254990c915f06199fa18cb6a0e7fe15080f3ccdcb3ad2ca2d90190f,3982,262144,unknown
train,349.png,ec89a092d65d6ec0423b6ca60406fd2f4ef8989231f2723d3c7ebb080e37da79,1bdaaa3a0f680aedb97a0212dd67f415905cc1fa81ff57830c9b7af48d9115e1,2101,262144,unknown
train,350.png,4a86414736cdeb9b2b84770f5aace4ab21658fded64f2c46afdb05322aade881,865446fc18c53dfefd7f8ac99773a7489605b91d39cf66f2c1c5e32a990fd5ab,5903,262144,unknown
train,351.png,a4b9e61ef82cbf1c77b54232d39c955e31acc7ecc792545ee75f19599d664f69,62f682b700f83aafcb9066933797b035c1b55f740248739d5f204459e9d8d65c,5875,262144,unknown
train,352.png,1c0ce89f9938496714ae55da83bc56b01e804031725843309921dff62a866dfe,b15eecd101322932269c837d5b183bec8bdf0fdb772a18f3e4ec60d2c8fb621c,6086,262144,unknown
train,353.png,26b7a8ae72bfc1f7d2ad4761fcea582d404af22c439fda62dbc00f3090206df6,4c8b2900e88d5e3b4b6d2a02c7b88f4968e6577fed6e2bbb15b8460b784d9395,6409,262144,unknown
train,354.png,1cc8e29b9f43a5784be5ca7c62379f245d4fcb3c3bc80d70af5c569fb749254c,1e12e34c58554ead52e73d0920a25c9e3c7e67f37bc865aeb1b5c8aca2c045de,6028,262144,unknown
train,355.png,4259f6eb6343a349e89f4c9198526f90aa33973b3ecc96167c969e48b957aa7e,c6016a4665f1c4fbcb399b0265196f5d126ed8f0b20556e88935104bdf9e4cd7,5464,262144,unknown
train,356.png,f040b3f63a190d627954cdbecfe44cd8aecbf91df583bcb7257a186bec8bf873,1a6ba1ba66b8e74c529df9ffa4e58e44a8613f4393897be1116f46b74fe4644f,5081,262144,unknown
train,357.png,bece23d2056919819582df9251a3017fe24b153839b20fbbe883378f8726a77e,bf689edc398feb905610e59639e52cde5fc1c39c9a8ef7d46a86d0b6a18344ac,4861,262144,unknown
train,358.png,02f199b5de3ebcfeed46a58165e64a45da277861decbe90e3b923929d1ad4f80,ed88a287a24bf779b02ce4a593a15abc7d5ca1a0366f89e6990a8261072b9f7b,2080,262144,unknown
train,359.png,43a2d7da383ca7c49c7812b8be97aeb987d9fce8340d1ea6bd603ea594c7fe45,ac37de26cb1a18ad6c01a13e4f53f018ff7d828ef30739c270515adb573910fb,4407,262144,unknown
train,360.png,15dd780fac5149efc295bb3f0453b5f1f24e39de21e0a36b55c54ac076360dd9,a2e4b6e51239a552d04a8456fc48fbc3b9e1cd4f9ce51fcc89ff35a2c02f2b9f,2814,262144,unknown
train,361.png,b58ef430f8b6f61dfb160d229d590d085d5492fa2c9123bcc9a90cfefbdb062c,1e53610e0b95d4f9820891d04a1df8a46b250e62ac0bbdd6840359a6a3911578,1705,262144,unknown
train,362.png,f1ebc70b64603b4515823dc38d403587f17d783c280b8ab6c3619dc7b58b98ea,bcd1e182ad13186202016a4e42fbbdbefab52e8e8e71866ac5c5234d22396e9b,4657,262144,unknown
train,363.png,a29be1f83b6556851ca644f41ed5ccc42847b93b5d80776d75e3c4d6a0623e07,728f26200d3a0115388dfad540b409cd37edc0269d49fa577dbe9261b1621801,5295,262144,unknown
train,364.png,b93624d393dc2f2a4c8d87d523fc46252dd6310138b0168a264f682223ab4a7a,f8097a98a47a476ae32d58291ed9e50752d0dec3934300c0a05f3d02ea9a46bb,5276,262144,unknown
train,365.png,8b85c17d2df2b0ac294748620430de9c408f931367ebd9a70b6a774b0da39f65,196ce80629c9a85a49244906c88244d89caa9c82c312a0f5b5412155f3dbb681,5716,262144,unknown
train,366.png,30cad49c8f66eafdd046987a86fdffb1bc635a2d1aa42cf040361619268fac94,dd1bfb9c4487c9fe2c1b350793b635d00b32190f4f78fd98deb39db8c1131fb0,5899,262144,unknown
train,367.png,8aa1f05e8e896ca4c4b03937f91e80022954d17e3755f8f6fc279fe509989f57,05c4476f66365ebeaccedf2316eaf5851bf1c9c402822689784aedd7754c1e48,4993,262144,unknown
train,368.png,d080f9cd830e42ace0575bf3d6a38b1bf0d4746150132397d8e0d797c69e42fd,5cf52f16bff4b8b55b2e44cc6219a506f35ec5a4f4c46a90f54c13b903f8c17e,4775,262144,unknown
train,369.png,03b1aa1967d08b085af604cf2897305f394ab09fb7a93f5c654940a4281002fa,41338c6e9338d96b54a8175512909faecdcf2d5fe1120e32ff78c433a7313043,4549,262144,unknown
train,370.png,57b3e3d8b8263acf922b64daa8e2ae91fb7f2bb2f0df8d2eb2b67dc26e36e80e,9014e7dae9e74f331c3a4d236587526c99ff24bb67b7b383d5926298bcf73a6a,3405,262144,unknown
train,371.png,0da0973d37f0fd8b95f6e51d8f60fc9d168bdcf1d6f214e415965982479a3b36,e9557478d0b1b7758d4baa4f6b0aa99b06f5a80c44e6b389bbdedea0cade1f21,4527,262144,unknown
train,372.png,8080d77fcf4d3f64d9822a4c81ee7a347d254b78cd05c3bbe43a7ca6978c512f,dd29f84b18afca5e2ad1de71c08512272eef16a1d5ce287e3d7f62b5027f6cd5,3117,262144,unknown
train,373.png,633f9d9de56aa2b7773073f4e5263b2730cf7b79b790c6bd60d808eaa074127f,21f93023dc2a797a6ab5ab1b9bd5e9c4e5c5d410aad3f462c8fe99178ddf0ad6,1746,262144,unknown
train,374.png,f157fa7ee557126e4c3e10a2a92f1e0762b99f3f79070b7e23e935ce4a35ff41,f7d86bb1b9b339cb38a9b61f3042e65ed467951f3264a95ce27264efbca7cab6,4952,262144,unknown
train,375.png,ee54a04453411bca2f2640ef8d233845ac759856cd8395f43806e1aec3f4afa9,9c8a04ff17b06de20bd6b777b01946a0bcd47f2133591c75a6745ca6930f7f2f,5318,262144,unknown
train,376.png,e951ce9fa3621c6ba4410c7bf69c3ea734c5d5783ab5f64a919a66f7707d77f6,6603395dc45c86c613d2857f37b519945dfa25c4a4dd62bc9520ff814a8e300e,5686,262144,unknown
train,377.png,76eec1558ba7a5b64dfb94cee088a9e0e496b2afb8e21a7b90a27844e2b8754e,feeb37f35adbe480bcbf7d06506e6a58241e9d559811841992382270aeed46f6,5921,262144,unknown
train,378.png,b80e63e248489872690e827fa34d3845d13a24a0b265b71485001edb5f183f36,8e2549259f77cdd1f1bfecdb7f6dc3d1bf41c81da63bbac82cb59dea5ba7e61e,5732,262144,unknown
train,379.png,fcd90a224575bd316e70c8e03e61119c22143a3fd0fb683acdb1e69d0264a15b,22a1569e8a4138c8f6628c5fb7dd4345351dde38cb1021069023adf2c4056cdf,4914,262144,unknown
train,380.png,b9658ecb4bc9b9eb5f5574a7fd09b87cec58fcd5d7ab170702f8f19549ad2179,ff4b2a9dd128cebcd72172572607765065719ed0b407dec63d782348e4d02a43,4783,262144,unknown
train,381.png,6d5dbe6e1a351fd5139660d973612317dd01c90b155c1f1674db679f4d04a8e9,f9d114c76586ae37cab9952d3171055a59a81333b85ca402abad8cba81ca7185,3782,262144,unknown
train,382.png,731ab080400869b2f061e3e60c908ed1302f2d703e86d70ceb00216af5d82359,338e81b7c40ed81b92212c4397a318fecc115c07fba47983b728f91ad4f3a309,1291,262144,unknown
train,383.png,8385a57f1584c01b6ab4314e74e279075917509bebd709f6380da6ea292bd69d,1b5f540311d87475660d19b763cd07cf17ffd164167a1862937dd3ca824b0198,3169,262144,unknown
train,384.png,85c77503801290f6a0aea0ab3a650f555e2bcfa9f959a89b156552ffdc4b2a86,8ba551ce54cc18663e81a07ff72aab1f20c9428b746adcf67eb3e6e8d81ad6e4,2438,262144,unknown
train,385.png,459bb217dc904ca4e6cfb18b47d0ae32bdd8cef75b909231b65d38e449cb0e36,bbe646da5eaae28b7495f6019d8cc2bd934f4e9d866f318489727a02c6759912,1374,262144,unknown
train,386.png,766f6d4b9f93749aa7869c54cefdd211b461e71f5a51fb8c890b6c7220a51066,5364e5af7de342dd0d8e0287fd9bf173f5acf58ba228be67b946719b1c245d56,4116,262144,unknown
train,387.png,b026514e99ad101042ea05b60a5f7b3a05e736b82e6212737f04870dafac6141,0f3838580867e482bc0fabe7f4785ac70a76a536409f7438ea1fecf6393d3e9f,4847,262144,unknown
train,388.png,d4bda3ae2de9c8ad65aeb1ac68657425f81fa3a96a31d661d0e2ff7c1b3ccc01,c3a56a8d14e989d7c8950d7cdf9c3e8d5c6e202bffa5cc044896fb319ea30d64,5441,262144,unknown
train,389.png,0a2eb6452bcf13af605f3aea02d1f1e27a66eff4f0cfbf0346b4269dca69920e,125d0f58aed8e084d77d49e0b71dfb79349544d61d50d5bb4518a1a35e935995,5761,262144,unknown
train,390.png,8fa524d527323ec45997923e60f08db53e9f02723bab8c67940d47424373f32a,fd8c8ceef6369a7ace343c11a4a8b38a02a530ab8d60ed98b32622d2f9428841,5839,262144,unknown
train,391.png,6c301ad287ec0cca1d2151a2f5fc71fb4838a36f69da072477a524de92ff8d94,dc9e5dd7463d231bb09f084287234a838893c306461a750e96966af3f2519610,4996,262144,unknown
train,392.png,fb0c8cae2af7c7998a865ed2ab665df1a0dabe050cc664d52b690a3ec58b0e3b,cc87055488afa707ee61091c1d7d393c1cef50add0074963373e5c0eba4cf6f2,4959,262144,unknown
train,393.png,edc52505b95e6ae0f8eefb7d3025a47c9c97555c3a5f2f6299a85f8dfd4dcbd7,b517374d96028e754a52cfc03d041739d579c7648a2f25fc314b060f7a113f80,4110,262144,unknown
train,394.png,787a2c93cb714c8c0448c7dd9ddf542f51de6273ac937146e4e1d4806bca045d,15f0ad4c81ca38cb8e7a089aedb988fbe89e044d4c8d7f779a4371820f5ed042,1434,262144,unknown
train,395.png,4f5cb3a51797218256ff4a07e4f30089c832c20207ff9bc411f4df2db4911836,fe86325ee5a4435c86b349a037c530ae1741a153bf8f0806048f493ae00d08f4,3599,262144,unknown
train,396.png,7d524d84daa002ed75ba73cc96d488bcdf181e948817c7b343285cf6bbc2adc6,030b8baae531a9a5fc9b22a3e0a402e6de66a97b41e33380851eeb212977adbb,5141,262144,unknown
train,397.png,226cfa29a55ce97e97b0c8870585b26428855db30b4ca7e3744bcfe65d8abdb8,5da40ba9728b6f950ed6adcf9fa5e01c96b056bafedc08c877edecdea7e65014,4210,262144,unknown
train,398.png,706b181505b9918ded618be43a26a0feda1dc5817a894e0f4e0301aae4d138c9,1a36779ed17aaeb5c8823540cc7399937dce284b9854118d37e84350a9bb6378,1968,262144,unknown
train,399.png,a2cd27567f5e03e5281b810ae9bd99a820fb1b0426ea62a2e43bacec9ae6b67b,be3ebab24daafb2e3035ab72b4167d1beafad1a33560eb7cb95a77a57dea193b,1550,262144,unknown
train,400.png,ce5fba9ca0306236ec931105942a8335f0774b2852a17b3c04d9fc1f26a66d49,51848a8eb5d1e7b22b28f5e6554b253e23e7232e03b6f62126501f58bc734196,1246,262144,unknown
train,401.png,50172d5e9bfa5d3e0a0a4d5fa89d9477b142d681404a3b363081b0950e9f635d,3d9112ecff628c9c2a4fed275c9d93f34293124d2f87a2a710fa134b82019cc5,4324,262144,unknown
train,402.png,4d4374b2630e080f39042e3d20da3b06041b84f0fde97dfc519d99d472690428,ad2996cf14eb8db3c661907bb6f014db50ba51d8601363127b20b50927829d7b,5134,262144,unknown
train,403.png,d5ad5791cff8940f40b3731bd480816b72fac7b8bc59f04ccbc4df646a474372,d667bf5b82e5f50dcb65602c2414a9bbbe3a45a469374acd364478476fcca1a6,5670,262144,unknown
train,404.png,7940fb653ee700c6e459cc7e9cbcbd602a5656a40808080bd3e00206a0ffd416,b4001cd1f4f53225c2c503df0e104d5e18423bc295006e1d07ad7a92101e478e,5766,262144,unknown
train,405.png,327065e83b4bfa7dd7f1692d7ae523a7235937f1d8a0c1b5b9c9b47032685f30,d5a18e27a4bdc282a261293c73345692cbf1a451a6881efc20189c5851dfd9a6,5840,262144,unknown
train,406.png,b6f4e7b17dca1e2e935cbda1a304d273d1ac67e8f7e150ee795b755ea70c9a9e,a78aed02e4b34debaab87cea9610409382d45019bade858e6dbe22c0e28625c4,6448,262144,unknown
train,407.png,26469926a268a09e24f49379a9cb484c67c20a336f93faf3e10f03bc8406570f,429cdb08bfd5eccd5f2406aaabcf1ed5189b7098913901b29674184e08167e0e,6267,262144,unknown
train,408.png,f186b9ee2e66d29b082a0cc8ffa7acad3dd738511229377e2df0d8704cb449ca,f303ee85705cf124db1e8d23eb053a5d56e129f6aee8fbd9cbdabd3673c1a183,5923,262144,unknown
train,409.png,1f62e0b09b6640e96363ac2878240dbb37970fa5de28388fd20361ea8c1b8af2,e0a1420b5524768ee0f07cc51bc3a564754502dd032e054c84e642edae35dd46,2333,262144,unknown
train,410.png,c93fa1e7625dc27157a408deccf318a595f7b7c7ed846c6a1c2c4d8bf76851db,738a78c475a89e3574005da3d19198f7b25439f4854e87723d850ef44c1ed6a7,3474,262144,unknown
train,411.png,1abb72b10b9c715e0a13f88f83c36fa351954481e9f830ac01f277b75967b23e,e2df59ad0c94bed083274f3e556565a504345bb5791105a907d005e2bb5de3be,4157,262144,unknown
train,412.png,52dbcfd85df64d6a465b93ac50740435ac2aefbef3a4e3f142ae30399a427ef9,e76806309e0e26fac259c77ec6b1ec1acc7a0d807c196d074acdfdfaa98bee75,1963,262144,unknown
train,413.png,03cb78d6102b3ddac1e9f81f3eecae8438ff384bc41bf1d6ae50514d6b8d1439,3e1b1d6f04f6839f6e2667e4efc01ca98397d3a3551e1a02709397dcbea335d8,4672,262144,unknown
train,414.png,e20f541d995f54cbbf14f9cf7e16287358ef8c3494b6eceb0e7cffcd8f7693d5,4b34b031f42ab615925a04501b07aec0b2601b32d14d59711d25dac65d1396fc,5179,262144,unknown
train,415.png,df9800489ba48bfcd8e2273399a83a97ff51f236e67a52ff8d567b5750b9e651,0b656f9a2d049e4e7b5dfa2d24f39e4badb83c2ab002c0a1430eec43bd86ef3a,5423,262144,unknown
train,416.png,2427d33a27c03a1b0cf395d7cd5f8d4cff2298fc458e4e69fd270c45d62602c9,0fbac4ebe89fa449308f57187d7682a07f24aa6550424245bedd189436d2c7ba,5188,262144,unknown
train,417.png,d72629cbe31a8ec26a70c0760c09edec7d92c1469a79bc9919d47f85de7b6fc9,f1f4282a54b1659538669cf704c29504a616daf2b965e3faa6326bece704c908,5515,262144,unknown
train,418.png,c8c6699aa26c33b8658c3b13f8ab7ab3cecca282124ec62f538caf729233d935,c47ae7df363c6834596d01b9e3ebeed6197d1946b8a9674b7f201d4ea6e5f025,5786,262144,unknown
train,419.png,d02a8a36e1c8c3494357a89db06f52ca8fe5c235696d3d0b4d6e0751eeeb3f12,e30f31894b123880f07ff4e35c310f2ebebdd9a79c3bb55ae092e1363afbf505,5390,262144,unknown
train,420.png,e10df439f6f3fa26b8bd2449a4abc004a7ea689bbbe853697c848fc42758401d,18a88248d2197b96e5b3905adcc4a338da77d7872af6334589d7859bd1de3d84,4652,262144,unknown
train,421.png,7bde5b9c7f179ca60fefc701e9899dd5bc643515fd08b5cc6bb5df56d7f190ff,3bf694f66e7c428a4b76c266cf4754a361b7c396cc7ae4ff7c4c2795d34d52dc,2913,262144,unknown
train,422.png,d85e85cf22d16d02d26cc1975dcbc823500be830e0f14e7d3a43e6ad4a1efd9d,358d70e17d79b5dd5a8c6c2f496400c2c51a73938d5d5e24fb8ae95451d70563,3816,262144,unknown
train,423.png,c90eb1f4dbb1d1a6828606cbdc1af30165427b2d52d0e018a8de33c358642e65,5e7e3e58dc56f51065ce248b4a7381d76ff90286e85a5f30d030178060427e54,2910,262144,unknown
train,424.png,bf3ede0ed987bfc39b0c70630f7934f8a5664c90083ec8ab0e786b9a7525897f,21c2debd133e928e58f7073545f30fbd833da6ca9bbe8a174de673c427b8ce3f,1458,262144,unknown
train,425.png,38fb2bfe88c6053ac039c4700479c5eb5a8e8fd97ee3f6dd137d0cae67971adf,2f4c171842ca56fe38b37c12cea5b90fdfe8375d050ec90f1b269de8b9f51890,4568,262144,unknown
train,426.png,7c09e75c3c035c484545df8a7d2c0cc467ff923d7a247191caab490fbe0d03ea,a34e84fd5855e8c3a153088b1468bce01be9c7fabda4be559066632071590650,4609,262144,unknown
train,427.png,e42f951f15800264164e39492e86920744fd4dee90695af46102e4f82c117964,4de9a58984901783adb15c8fdcdfc18bd7788538e9abe3aefe2cb4187fb77a31,5643,262144,unknown
train,428.png,c62f94ad8460e710271b9b08cd8c1b26dd6fb35767d81bd1c8219857711104b2,8097de20f9d80cabf48dc6a9b75267f9da0d359eee5bdf6bfbaf9c265a1e5a28,5588,262144,unknown
train,429.png,e2ce20d69f7f7b40406ba65e66cac474292de7a40bf987a1c447f5e0cc2c71ef,6b65f759c88b548c9d44b91c00e7fcf769ebca3bb582e0d89667f7106b3ff6d4,5410,262144,unknown
train,430.png,3d6eed460d3f6a0eceaf1c2a5f70621d4574c349b9bf43903822900267b0df25,b4a7954b7075bdb3ad9fe78feb04b092a165dcff702e61733889133178c71bf3,4738,262144,unknown
train,431.png,bb45d5a78c68ca74eb4e5543a3ad513e7adfea18a1f83d2c6f47c41ac90e9ac0,c17305bab2ba6dcdf20bf2254dfd3279b6ff745751c968c96b0d5a199273008a,4550,262144,unknown
train,432.png,fd93813c5cdc8958451ee65d33608306584b4db32a00c3f006c71a1411360175,e8e799cff91721d8b056af8d9d335bb7893c31f5ebb96796bac4106a279c80ce,4180,262144,unknown
train,433.png,a6db77022df2e813e785582e0d446236f05fe732f7d62c48284aea5c7b19597c,6b55051f9c1fc4072862e9849cf55d47141f8b6d41cd792c63c159c3faea7fad,3252,262144,unknown
train,434.png,406c5ff15715c848259671aacf3691b02d2830c1b02be035c4edfa44f5c1bb94,d2ddbfc7e83e213ee6381e5e7b40800800d6d7a1382c46af450ef7ffccd6f647,4383,262144,unknown
train,435.png,14e1d6ac51b859dbd30faaf791dab482d319cdfa4e7d9275d1aeabafd2d97e44,d4cccc9a6d0e4524d281a49ff9f666d76e27abac1e94ebfe26f72f341ec6296d,4497,262144,unknown
train,436.png,1e12bfb1482d7f8dd370c880f83d26c898615ca36bdcf3a3f0296f031461ff78,b653fcd5d9fe3bc7b670cd4129d5750484cc54d93a406a1a57101b1146972199,3300,262144,unknown
train,437.png,4013e11c4fc93051864c248a6536736ec639225d3428541c3258d231743b0e65,7c642df402315f3f9f59ba2ae6bb5eaaf41bfa1f65693e948c49f2ebefe7dafc,5113,262144,unknown
train,438.png,bf7b68d0328b2f53fef74d891a9453a1c50c79dd0a9c4ade7a2e4a4675e8e61e,329ad2d58009d6e61268069682b2a633dc32390defebb53a811b08889f528832,5757,262144,unknown
train,439.png,d516fee9ded26d6f07d4e951eebf61577e8c0de48b86fc64f5843c7f746e163f,3a1d001130ea311dd1aa62a75edfce151c36fcb52460c422aeefaacdd9a58f4d,6651,262144,unknown
train,440.png,3395c58c595df9d2c1b2b4370bf31109643317ab28a84ed39e30c45731a86e5d,ed95ccd9e2344bff1327c4914544c335c8a4f394e2e319f63eee4f6190130962,6936,262144,unknown
train,441.png,91cb4213609f55993f3ae8771df160f7704cfca3c16608c561eadab46eafcdfb,039e71e7c4faec87641a26c31f6f1e1341852b92b8f16da407e4c5691a3645de,6509,262144,unknown
train,442.png,bb1e75ef1ff6a9b286ac89e35698146a74ab79492e700dbdd3fc01ee35eee91f,2d322dced5a6e0b74660c11e0218038cc4e9ec03d611140d8851fca4cad6c682,6173,262144,unknown
train,443.png,dbf40c733666c0f873b4674d47200e31421cc25127cb6ef98f5af31c00f7c37d,b33724d5ec2d653d80281c2412a149dda4f439b39204eaa78dd9cbd52e6d7c0f,5866,262144,unknown
train,444.png,fa8d25561608824d79f6592f2b4fe110d974f39ca64420ad961ba109f7bb5e26,cfc228a8695b836d920ffcd6c010883a9a9a9fa634bcac7cd3f248990f64f912,4991,262144,unknown
train,445.png,d6048ea99b8206785aa1e648a32923539876f65bfd5924aba4db1e1da6004367,7881ad420f73627adc3d738174c452b553e98ab2e1ee31846555d21932e57d27,732,262144,unknown
train,446.png,bdf69144d5005adce52326e74db246dd986075477e5128471ee02854c1e86a58,585a6712885dfe08112a683d65dfff0e2643ce9a6fbff572490046a76ef04e0d,952,262144,unknown
train,447.png,e4e265b016d6f524ec527334230f5f143552be5ccecc8a2d70d04292bca62c31,9a06fb82f899cd1f56da0a7bcd36eed401b92470dd0e79f45c994f431534c1f7,5814,262144,unknown
train,448.png,73aeed7c7c273dbcb12699700df8a5d2fbc4325733aa9b59b6055506ff77764c,bfa2a2f00fb2afc48fd70040c0d95db194f481490f179f35e24781e3ee90b632,5114,262144,unknown
train,449.png,bb4566c3e405c5f22c70525ab93286a629f64d36e9fd5b538af143c31e99cab9,30d8edc44770d2d23c4ae4f381e724bb868259536aa0d75dbd3bfa44eb394271,2284,262144,unknown
train,450.png,67431937fdfc0f35dcac0b239ab3c13787be898c15714154d4921650b04c43bd,e03565d14114d09c95a6cd8ca12498652197ac560a848e662f45bddf75a6ac93,1307,262144,unknown
train,451.png,e841ea51eef65e5801b438b3c59dc18d881dbde35b4580e79bdeac0a1e750874,dfc48dfa3b4ba35e9562d8b1d0287c15bbd87f2033a15501954472f48e5875a6,620,262144,unknown
train,452.png,0c6b7fd542bf06fc56af5240a1fd312d1f8d8b06565d91deb6f2a1caefe9a4f9,53d56d70758e5f25feea53d6a6fe51efd775879739fd9bbaee14694fcfde2e47,2496,262144,unknown
train,453.png,ff078625564ccfa410aee79fce6ecf1dc72b3ee0982edf1ccd15b6636b93da88,9751eb7733ccb2a75991f9ea61c88c13faa5057a72e405755b5a104faa4c46f6,4086,262144,unknown
train,454.png,3382345230db661b9821c95b4ab994d0f246b7d03d1ddc14946795d4a45508ba,fe368922c96ba5211b23f72712b34728cad38d159e4545ed24c599249b2d719a,4932,262144,unknown
train,455.png,d74f3f8452e306a54a96ae60bbf947d9930efe801cf4936aa8913c6fc187033b,345f4ba1bba3595e32c01225a2b14caa90dba827873e47da8df0debd389987e5,5458,262144,unknown
train,456.png,022df178e03ae410e842240d959c9d90a7dc8e5b79153dc417f3113e6cf7e82b,4a0a6cbebcc4ac684d675bb364d702fa6d557cc7c01c7a03f19b9ec45eaf132a,6220,262144,unknown
train,457.png,4364e5f04f77add841b1842f1cc57b94eff32f6cd2b71b9dff7da10fbf75e1fc,dd812e2d3d4e102428f5cac3fc1b9803b634f55ef16285c404753210ce448e42,6475,262144,unknown
train,458.png,3bfa2682d445eebc7e94288f85d4a4e457b35284f96f38071fb9cfce61bbf9c4,1effba361f3a53d5769dd3352f7f73bda88894f8277e34857a33994d2d855f3c,5838,262144,unknown
train,459.png,34fa3c3fd48499e81744f4d9f35236f4870805d4da464620d00c03b5237d20d4,40b55698d272de3620f000ea142b6ced3b69fb4f6ebdf0f571ad2d080b3f3353,5692,262144,unknown
train,460.png,7f1a912ad9921c5c1297d1447ea1d19dddb7e4b0a3c129fb6b3605b4eee3bc51,0928b13fb0a5fc9d8c09c79959ada12940e4a75e9d612ac3694d518cfa397134,2092,262144,unknown
train,461.png,0f367baf8ac7d2df655518f1f1c10b32374fef8e149e49bd6dcf837642eee7a6,d3634e3376b959f0376ede2603d196a5ff0ef5abc0dc42cfb74987d5c24b5804,4704,262144,unknown
train,462.png,f67c0023dd730375dba484ce510390e93e55900b2fcb3e1af9deb552c41f0ff2,b2c45b92e5895780a761c9f8b2d428a46c6f438c3c2729ebe307847cdcd9e518,3270,262144,unknown
train,463.png,a1ff616379636e207749b82a49b8620ee94ccde9e40cbf7a2ac971b6fb79ad5e,dff898dfe89784e5692c512f7efb5acc73a580d9117b5577c8078bb02cf1a9d6,1528,262144,unknown
train,464.png,35b178c9cdcd380c55a45a5f6efcee71b5df5152236f994767ebb59c79c10b8b,d84f772a4b74ff4ad8723d75eaa3dd3c37dbf0f54091e005aa8127a9fb7d2ebd,4690,262144,unknown
train,465.png,4d3beef3bfccc395f7e975f318ec28040ed0a585e852ef96d33952c05a301c9f,4e3273fbe840e0c46e70aaa508dea7ade47a89e0e899d28ef6a95f3cfc634643,5345,262144,unknown
train,466.png,36e36d5622ab53f7edf479bf3747046093bb5e43c60089698f385092d17c9eac,85a993101e20f3d9e861bf68ce83d94991033f100289ad855ef1b5f8f601fb97,5117,262144,unknown
train,467.png,fe7eec3e92d3655f44551be7ab03397032033e38bb209426d45314ba2ff5fc45,f0e7585373d390b9ed1ce47aa66bfdb5640a5f59ad3a61db29b9b7fdde0dec56,6121,262144,unknown
train,468.png,385ec7ae0ce951d2f7539c7d9525315b73642d65d2268de5f3b496b37fc1d954,aaca6b1ebe1c8bd10f983bb311a600874ff767993c9415024186cf912af54ab4,6080,262144,unknown
train,469.png,5d213f3a95d86456a82afc9c478ca993d2517a3096972f65e65efd93e96a5cf3,4b4d1e953d474ed61843c0419666515bea65e38f9f893d735616ec59de84f403,5323,262144,unknown
train,470.png,558fabdeeff812b10bbfe53af57d145f5ee778173b5a623346ecae4ee8465cf5,b6ad129303148bffe2be3ae175e6fb40dc710f3911aa4d6a16d2e0575629fbdd,4959,262144,unknown
train,471.png,25ac47249be34d93c0698def064462376ded785f196400ec4f2eee138d9ff3d1,9dce76b3242351c8f7fddad4e5d2615499a603faf5b99fc6bd75c13e958173fe,4347,262144,unknown
train,472.png,a484de05410ab561001123e3f6a1aabc88829c9996bf699aae1ee561ba489a0f,747c7f4dff57e969fe7a61889c0b7b0f84478a762773ec3ed78aada0418c10ab,2904,262144,unknown
train,473.png,edaec917235fead3baaa25988e31cc362406958ff3122329b2c2047724003b27,ccf24dbca763fb26c3c17c0cfab3e079a62f8f50e942585ba5158ac93dad2ecf,4705,262144,unknown
train,474.png,92edc87cbcaf62507c6d6c28ad4594b4e883c46bcd51907a5999dd6ddde22bd0,3f3e1255900f4aed21dca47a1726e9c3a219b947a463d0ea387250c37b94cc12,4645,262144,unknown
train,475.png,3a6a2acc4b14f254fe2775261fa978350affd50d2940032e6ae02c923851f47c,6d9b4fddf31df8cc06c3f4096d987bff647a25ab3b9a7b1ba2b865479849750a,3264,262144,unknown
train,476.png,e18aef13d9b13c23387328042dee550c3dd4834ec685d2ec0fb6f5fbd200b7fb,ac3555013af7fb95cc9955594ea27feff5988172d55f9bd0d3b9c48021306954,5885,262144,unknown
train,477.png,571da2f1e967fcd89885a7ac18e7a8c32b8e28b232fab05c0b6646f056061153,d3972232c2c0c88e5ca141b31db717df1a296f27abd36b358b171cb733638756,6386,262144,unknown
train,478.png,d35cee441ac05429342b46b730e9b886090a6f3e0e2a96e28417d33af5c1036f,2718543faf6bd40eeb69e80722b9d74175ade53a13880a1fed6bd5498b9ebe96,6972,262144,unknown
train,479.png,092cfe1b3532ee2e6fdf693a908dab8fa348e3252917ed352da4a94d0cdcd550,5d93ab85c51e8934c14d91212888b45bc96549525b320c949fb63e5d89b28256,7234,262144,unknown
train,480.png,951efc7b2cceff08c1fb7c53feacb922a3a2aebcb4e6e16b2e5878f6f70fb45b,eab87ff99707a8fdb9ed5eaa346fb5512dac4f745fc89d8ce3b5601c62ff8a38,7561,262144,unknown
train,481.png,411b9d7ed492d13ae50b1d159221171b83b1421e91e2f62b0c83854c60f8cadc,0ff429579152f9df67983f605fd2f6a7dd55581d7c771c17df2966feacc311aa,7735,262144,unknown
train,482.png,be327d74c33e18cdaa3c0b103dd93145018ea9d93bcadf5283fc5f13c4e5e267,e4cff898bc6dd45ef39a351c86eca6ed90295aabcd31919c397fc67a29e0bfe2,7842,262144,unknown
train,483.png,35486ec3a71dc07a453c77a4cd70376ff6503dceaba9cb456a1361279384274b,2a1aef1c697e10600f569a74ecc8cb49a1e6467a19dbab0e2fc29ab9ad9c47f3,7540,262144,unknown
train,484.png,243dae57fce068ea9acb87c1f87396b740476cc01038f823a1625d5f79f7385f,41f2dfc27640acc9dad588415b4a217b8b898a79c0a0d838313e7a9d214c11f9,2165,262144,unknown
train,485.png,334121f8bc19691ec2b821a7c2eab39f05da68df1c6acc978eb8f3602ea27cb7,886d9912c3c44542430abc8b8d3feba12101864d5b3ce361d5a3e165cc54ae1a,3913,262144,unknown
train,486.png,b052270c3627995978f15a977f22e0bb9f84e7599c62735f2943fb71ae3d2959,35b7faf2281d13b8e3ded8ed435a69878ef1ec5045fc08e40a9b2ba45d171122,2252,262144,unknown
train,487.png,428b73ce165414f1cbe8c4be17d7cfb1aca8a7bfa2ff56ed3e41a459f3313349,a30985045f16de3a302c555d726e81ab554e7188b79fe04002befde5766ab864,1420,262144,unknown
train,488.png,06e89c2c29e49e4f3a3c511fd0d149e39e38667179ef97e5e5fdb4e90edf7e8a,6f881b5226bc36f73cb36fba8d0550709f3979fd89c4e29f1c7b0385a7c282c9,4849,262144,unknown
train,489.png,11387f0a00a77fe082139e17f532ce2b285ab393cd052f69556f13e3460974ef,07d1c17f7e2e5aba7670594c6ff2a38f0d19ddb3de13371c82a14a8c7e0f0047,5287,262144,unknown
train,490.png,57932b851ad91878745abc22582edf9fe8e056f299d49c06982917b0dc619670,251cf8588cfb87be8840d55530a4eff08437735605300745acb0fd809b4eb817,5613,262144,unknown
train,491.png,089822c0f4a6fcb0b8dd7064499cbf3bc8ae7381577260575aad36c4089ab49f,4703886d0dfddbfbb5a7aa7d01d17d19cb94bfb4022cdc5e365d3d2b76027a09,6031,262144,unknown
train,492.png,2c0b4f759aa8fd4a0e00d041c975baedaf930248ecf7277ae4d4304a4ec0a89e,9ee656a16edb73c6563d9335a3aa6333ece0e0e0ca08dfa28c636c43a736c647,5473,262144,unknown
train,493.png,5938998e292e691e2ec7afb28315c50982b0adafae0354524267ef78bbc064c4,91badf2104e57b1a6c2b0da0775924f30f92920ce86d1185a607d20bef0c2d69,5198,262144,unknown
train,494.png,8fe7eff6c8eb6ac980f9b8a5666ca8e73fca03c65d233353a5f162b992b79752,a26ebca31d68bcfa2846a507bf42f5d1d67b73df73038ec23cf328746919e246,4877,262144,unknown
train,495.png,4e8d19ed7773b9c51e36dc0aac258e4fc6f1905307c4ca9a714321757da326a3,74185730a4a2cdffa83560ed5ca7cb8703243f87c4c70acf226cddfb5e4aaaaf,4536,262144,unknown
train,496.png,5f1438b7bcbe2ad19b45b7f5a0727b4622744d030649e4f4d50d72242bc3e940,8d6d67addd8c3a34459d5cef8125d66bc352e976749c0621cbc1b898d5c6bbcf,1945,262144,unknown
train,497.png,f6507304ab0e871da3f444dde90ba6991cec8e1ef83ca71f1a4be9c9f69ce1ed,f2c2ec25f7b6c8633cbc49d16b1c93ad79f0fe66d39ac81c3edef6b3d5027ffe,4274,262144,unknown
train,498.png,1163a225e420183506b4b5031ccbe20bb982e2619c8082afbd926be0dee3d7b8,da7d7d55199b9effd4dd777b6cd44203a98d598daf26e3f9d123b7846da0d119,3264,262144,unknown
train,499.png,870d7162a9a74fdf4c9946ac0a2d14fd1898432b521066d52d0b7d647f3de031,c2fa4d6910f0372f6cbba72b23c4283dba435cee26bdc7ce866b31e41b12521f,1760,262144,unknown
train,500.png,0bcac5edb0fcab1fc84f734e3e6e4c513c544ecda200be37bb1b79abf4b269b7,b1180cf8e81e88b6c087b08889751b9b6178074ad23068622a6f0cb46c88abb3,5006,262144,unknown
train,501.png,3fd362782caa7a116208af6fe0dbde4f91cbf6019271647c400f9cea5b65038a,892f81e3bac487a0b71e923d42adbd67898c51a2faff407c75bfd856f30b06e8,5467,262144,unknown
train,502.png,bec15d47b8f06285eab6ca1c9ea5d53e63d8492482cf3b7a3e592998bd690593,227c3cf7cb65d2754b5f9ca5d6506ad31e695fbb73fcce8927a1712bdbdf6218,5951,262144,unknown
train,503.png,8e309a09571d791985955133d7efa501db97f3e90532df734270fdaebbfafab0,50a1fd6223c3289f8638a10d2b0918b767cf0ec90b32870749c795df43039a29,6451,262144,unknown
train,504.png,0e3b5db863e4bfb76763010a4399a4684bd28a5d5cf88d6779344a2094f6c35e,951401135b4a6f8229f016cb39523c0e030b8fddcf09b738bc0978d734e59434,6595,262144,unknown
train,505.png,83facf7709bef52b719de5f033213658ce00a7eb4289b53fad6dff18e624ddf9,3f6d5d46312b38edf1c4dd19c94f8619fc9d4280878e92804da700bfbdeec415,5892,262144,unknown
train,506.png,26eeb0f1701acb0e896286ca87a2e524fb5468703c6023d0c9fdd600978a47fe,b3645ed557c7496c171a60684d8660f6955527a25d7d003839db83e4f4e2ce37,5399,262144,unknown
train,507.png,4ed353d9e74b46263b08f8f543fe4f3945611749dce9ab9bc6d8053ea24965a9,8162924082c8325a989dbd3581b6f8151080c73ed971c403464ddaba782ae96c,4796,262144,unknown
train,508.png,d0fb91026ab7d26c7914e16965d2799a9b246e1db791fb9d3b3c295a1a475eeb,cd9d47ced97dabc63d8cea65c546f21b39f374cacd5a6e74becc8344a73425e3,2078,262144,unknown
train,509.png,4267fcdb0fcb9d6d75c5f2997f6c74f6464a164f003b289a78e7008f46128c81,ebbcbec153bb8f008138ac0411d2a22afffed40596918b2b62875583dac1107d,4141,262144,unknown
train,510.png,cf7d931b9321da698650ea7adb988d4bfef01c8962a1ab3f0142fa2480553517,90085b6194c94f8b8a67008ebfb57051ab948a6df5faa52938df30a9921ab0d1,3120,262144,unknown
train,511.png,b2524b2eca310f64b3160213935ffad582ef799b98a9ac633a70333ca7832dbb,2377474fb4e9695c2504daa38a24ccf9f09774b8a467441842040bfe63f2db54,1291,262144,unknown
train,512.png,071e68aa6e2d0ba82be181017b2c74326d8502fd6fe1b27e077e95cd3e28ddbc,1e8fbd7fb600fb69b98afaceb9bbf7f1445564a3db5a1ada937dd7f0dc7e18b8,4709,262144,unknown
train,513.png,ff363d7b86a5f1a8c8d1ddac848c8bca6bea345b9046ae055497896f4f0aada3,cca2e1ad34d76468560400c96fb1468e6a25e6b046ba9c8da342b20929938042,5614,262144,unknown
train,514.png,f58de2df347951818480f723af320007fa88dbe367b061f1619f233534e0d753,9cf20cc371fea59094c4c344cd1feb78046a0e71161a1f9f3fb50df74afa6319,6094,262144,unknown
train,515.png,7696a36dbdfc53f5481f173e640319137bc8e1168cdcb344726bc742a253a041,a2ec70b26d7a6633113a058e2a3bbfd1f4b6f4d7be2e85c6d008971c28280f69,5931,262144,unknown
train,516.png,d68752a954b902a8325a0b2be12960347b2a996f46f905897a9f4eaafee67647,3ab8a44633d74ee7b2ff9523b5a882d03230e1b37499ad323cec2c9172402958,5588,262144,unknown
train,517.png,6584dea54b5e1fe94a16967be86008c9b01efdccd42101ed7e76431b03344892,b113f098484cf5a564329870fbda2d5362fbe553e61df072226fcc1ec9204283,5328,262144,unknown
train,518.png,d24fb46a80da2ff1be1c2db7e911faf11f82d75cf88cdca6232b4270e6687be7,2aa5201a5df89025465854c8eb4f8437ad71b00da328600c9fc8b2bd568b82d4,4667,262144,unknown
train,519.png,edf375b73b4fbc4affe5b18a775fa8fb645c2cc923e219bf533cc48956bec92e,e29560a8a88cdeaaed480b2ac2ba91f6e00ebd7f33df17bd6c9a128e13be7983,4360,262144,unknown
train,520.png,c874dfdf841fc8fdfce01c7b694fb21126ad954d1a12a03a6c6af41d61ee7fcc,a7600690122bdfc5b41860ca8057f2d25a69d0030d353fa70df00975125d960a,1880,262144,unknown
train,521.png,11a0038ec6cd9445b99da33c42d4becfa2771a3eccc60969c2b3d232a398dbbd,b88d3e987f3345d136406ffc1e58a1e140a9cffead6c48c4a99df698bbf2ea20,4196,262144,unknown
train,522.png,fd76c24ece510a8eafede211ffb21a082b1f2ddf486a3909488592424e9d743d,fd5f0b3839e80d68319f1fbce4379796bb4b6bdd60924bfae8650e2c0a3039ce,3478,262144,unknown
train,523.png,233fb05756c147d10a06d8595717173941ae4a8de1e464cf5d7aa989112bfcd8,69ce42207bb35750ef81ed0b19c72e9bd083aafcfeeba0492e57560c0b5b7faa,1368,262144,unknown
train,524.png,0c39e2aa12e988e83d8af2267e31ddaab18147afc1c1669621864fcd51553829,e701cd3327242e7b077d59dcbb71a2e707da9785341cb9d72b10e10e4973bf2d,4760,262144,unknown
train,525.png,181d22a0d14620247805c8a5b88f3d9610aca7b8a503211a599dd39f45e923df,1bfab19d89f0223c080b4a0f83279c6dd6f3cb505b306a978dad5668dd583476,5235,262144,unknown
train,526.png,28d9e990dad620a2d766e746ba631988659c58fd28738571842b59b29c667c87,f04fce51e549b12bf91bd2053563fb5c71414685c9d02a4edf494b1fb81f215c,5585,262144,unknown
train,527.png,cbf8fe44f2fc1087d89b62019917ef9f570e1515c1c2484fcdc43caf0b35d06f,3b116534d248c4d9c7a914b85670844bc466970e93775562dffb3631dea448c1,6239,262144,unknown
train,528.png,c4f1a9a26a0429b7d0854b16087eae24d2cafc0e528871a323642f2c4ff2eca7,72667597a99ad3c44eab09739906b71175fd52674507e4b46a3f2d54e8d92604,6118,262144,unknown
train,529.png,62341993c33d27a0a9dc3298a8f8284edd0c7878bd0c2fb16538cb77cb6761c0,3797ec41c7964c230dd0e5c46cc810f4bdc2e86bda253adb5ac9274a21b01c1f,5427,262144,unknown
train,530.png,e241b1c96cc14ff3771a90bac53c0e0852823641aaf4172ca7853e021eb88cc9,c3ba944df5f52f367b3fb527ff643d1a5546703b49c676ee7e6bf0e80843ec61,5145,262144,unknown
train,531.png,083ad31d9bbb4b8cb209381af5252a1d7ad3e02019e0c3c3de2ba7e58fd0ea2f,7ad05e4fad0abf064733dc34dfae072617a688bc633348536b751a5c73d3a6bb,4075,262144,unknown
train,532.png,9aa705a68c0c00f602b84a17ff2915e06cb99ce3ad3f2d7d1a31e3f1fe93dc13,b39f4b65634846a446f75e1795b2ea9d582ed97be4b2828a1d681ae4156038d8,3662,262144,unknown
train,533.png,7846ce19e202e7ff5a8a5312ab0c4f6331cf3c1271ab29da7ee6ed0b001a260f,118332810f87e2e205f7c49db3f459ee80326aec07b3d7e84cfd0d1f978bd5b6,4753,262144,unknown
train,534.png,ba83f0267718629cad5657c6d05740b521f7b63fb865070422fcccc3c92822c0,1329f376d1b343e9e92df3cfc33d6bfd991539069b8c18f88cec7243e9b0615e,2384,262144,unknown
train,535.png,d3dc96afc82d85a5998285da9e127d09419dae77fe829f8f7596230b2e7b9190,4896c59fa852da627c862d79b542b37d3154ed5eff91ca41603c749ca7905f40,1237,262144,unknown
train,536.png,9dd9986d4865c7fb0c95463330374eb23f8325961bd6e7c47fff6c7d2c5a6ff7,52f031406eb40561acc72f2beeed2ff44da84243589783315fa719c742a661d5,5328,262144,unknown
train,537.png,66421766412610298c1b8889f7648ead9668950b98e832282389d9abf59100d4,5eec1b39fcf71f3fa47b1403799fe1c6d7573a48ee78bba0cbe3fa8e3ac1cf81,6081,262144,unknown
train,538.png,f358e5779db186a453109c8d4015dccd2058629a550354dd7b1a77a209bbc5b6,f150d31b0bfb2bc69417164d87dbcf755ebeb790bd456cd96be1f039fcb9f8ca,6087,262144,unknown
train,539.png,511b28c92c365cd1b1bf3946ae9f4b80ba2941f1890d899cda9af204ae259a23,8fe12975104b47d79003987e807b1908d0f1e358e83aa81cd4bca41af4e362d1,5997,262144,unknown
train,540.png,57960a5939d6b6a5bfd30e8c6421b8c697311cd8414a8316b0771a612528e23b,c9ca08fccc4325ebe2d8f68f197041c67a1ee109c2fae8bee925a32e67dfb1e9,5337,262144,unknown
train,541.png,0cc732494c088029d7e18f40dc9975c83aa3dd8252cece1bc5409430b93302ed,98ac37c9ea52339ff9496572c499a9565867f1e7ccc1abc352092253545c047c,5697,262144,unknown
train,542.png,cef64030b5e26deff56b874a7b959449dcbe5e8775d71fb1e7efe550e588759f,6306beab4949797edffcdf5545b6aaccf7b6456e7bf3e7e67ba86415b71ae499,5009,262144,unknown
train,543.png,8eb1cf3e068a3bc62c08fa444acbba012a9dd8933a4f333a36fe70581fe1d18e,2f1ae6c7d8c29537e6fd8d2f1d9400d02a31683b732a4ed694ecaf9486e22e30,4281,262144,unknown
train,544.png,2a160bbbbf2859924b42236eb1c7b6c75c3647a0c58a7f4ebbcdeeecaf352011,d6c35cba45ef2c09b6c138e13c9f85f796f1cf2c0798cda0a1d7e51373ba120a,1565,262144,unknown
train,545.png,26a902fe08c930c3fc40461cb87a586f33ecb136a92f8b8f94e619c5bfdd4f4b,d17c2e55bdac67e91817b09a03a671e627597cb02984563e886b1de3c8e706fa,3532,262144,unknown
train,546.png,ab33f84647bd8c6c545b7a64f6e3bc84c7f924b2f3bfa16a4a1d9a040200fb78,5fe0af79e855fc60a7f71e402c444b03ae2c74dcd7068b9945779516a2b8bd6a,2763,262144,unknown
train,547.png,a35ebd0cde123db11e97daa3ebb9b5f510befc2d9a3f9f834351c6b7b8153e2c,5f7753dacc85f17af09187f8397b44e2d2189b6bfee6cfd49e79961e70023b3b,1345,262144,unknown
train,548.png,b2efecc9e6260a48da5e54b407084a241efd59c2771e80365005f87e507810ed,1cfe1a5d99b408f5edbfad32757c2b07a2c083b310895fd59d138525e3c44995,4453,262144,unknown
train,549.png,5ca762998f870e294176e38ec5f738a36791758493d9bd9a1444ef0a747420b6,8f57c98e91dfcd95f742b43ee7a5510af50c893879953d5316e33cf1345cb5c6,5193,262144,unknown
train,550.png,7bec55b97bae55146b903c26ccf240abb7e5af76701265ad39a23a9cb2a90de2,f144bf1d8bc589135dd4c4b2e634d6d32d8c4b5c437c978e3b34b92533a899f3,6026,262144,unknown
train,551.png,efbfe6ede474bdfba252c7cd32984511e6032b7ec4800a843b54ba79524a05a4,d2c1b18c59f5ec1700361ad0dc90acc65790ba30f6fec2faa39b591ed8212b4c,6429,262144,unknown
train,552.png,701e0a43a5c7068853b37b0bad0e430c7da61957290e76d62fe841a4739523cf,0297f78163968ed82e4d64698c23f8b8240489cf5fcd917fce14c2eb6cf2b490,6026,262144,unknown
train,553.png,64e3ed120d88f2e3aaba2dee39bbb7be0fa83f97bd3d20f744e9b5b3eeb1aa00,7ce80f209361a8fa8caa65d6300e0eff1c7386d17f7fda6db3e12415c78818c3,5307,262144,unknown
train,554.png,673dfbd003fb7ab4ad526897b3fd78a36ef537c8abff21c62246f39b3d810d44,033624f3dd172a4f07495b77ab026f5822203d3b90862130c06f21dfb48f2950,5130,262144,unknown
train,555.png,c0c5d551bfc452e9ed50e18d7fcb4e8f45e590375f95c886b85d5d0cb8c1f08e,61ea0859c873248edc4608049d3ba191ca31f76a9a0160cef009683a4f1d827c,4461,262144,unknown
train,556.png,830333addc06e1cf61cc2cf4fe217629ddfc18d9344828fa90d6a0cabcc5364b,bd1eafe5af26867be5a1ba24fdd316308e0658e00b250f1330cf3df9fccfd966,1248,262144,unknown
train,557.png,4c7877060ce9f08d1482a33632a8be88a311fef627ad3472462f4f8bd21b667f,a3599df617e27f13c70b060f81f6223dfecb874e5b6ffbe2d80059a60807ada0,3582,262144,unknown
train,558.png,43eb1eb3de6bbc799cbe4eee70775d68e8d3a76f7fef0a53457b4252d5e218f5,454d23d8a7f59d0a3cfd024c4073aaa0c73d633e7fb9833521e258f84d4a66b6,4480,262144,unknown
train,559.png,30722e334eb04e1ce0a4b6627c099dab1b6522a0bbb930d9936b4e0eec4ac813,fab332c48f697e573894fd9f66970c82787d91b221d03ad12aefc685888b1157,3096,262144,unknown
train,560.png,adfcec96d5df39b49d6e752f49dd4df1ab311668a15237afa00feea93d567b56,12abea839c81c271174db0fd44bca3a80ef1b88ae59b026bb867b5fc316a18bb,4272,262144,unknown
train,561.png,21e30caf7ff71e43b0360e4076c53ebfbd92d446fae4351cc37744adc2e5c6cf,87173d22322835c0b09dc224f5e7a3c984d6614433ec5866b8cfa38e76ced221,5156,262144,unknown
train,562.png,e239ce78217095147cd2b40bbfe09d8954f6e923834453202a2a2413bb08e62b,cf4b16d48b04b5720d29699d0333a48c9e65e3c192d47a60a8b97e42dd41cf32,5172,262144,unknown
train,563.png,25a58cf21bd408618aa45abaaed2ff42ee44e255b40c3fe56c432a0c0a1dcc25,79ae3f017d8842b05b6d42a02a6b5111b0180a2991042c290867dd9dc062b9fc,5571,262144,unknown
train,564.png,bc5b1b8a12a7bd09f89d8bc9f2dee3d2c2da1f91a7d27bb54ba9e7edb6785a84,d7d86224ed26914d60626e4c87e1425f999ddaa35ad170bbe7601439ef944b60,6205,262144,unknown
train,565.png,0c306532afe5807d3a68396c6053400947240304a5feef376be79663d455c855,2affb8d8c3678c487d8c4a079a86ba9aadfb34ca75392a850dcdebb4c44d4323,6291,262144,unknown
train,566.png,fcbc565915ccd1c9929b400d9177edea23d4cc170e2b2bbc76af329467318f2a,9dca22600f1f14767d6f1be8085f6138003979243795ac7f9320c31a90896f3e,5541,262144,unknown
train,567.png,c3c4cd9e6d88f0bd2cf6a95eb1b73526df96c8aa462e6084e00f27973028666c,8c4d3dcbc9783012ff8357b7d78a3fd81fe2c41f8b20c0c3c5f241ee615212bb,5295,262144,unknown
train,568.png,9448e91b207c1d5e741fdf2e5fa962633b52fd96abab1b221a2cedd52b30df95,d556f14651c149ad798f5a2b1ce5a4aec446ce6c5b90d3a35a2bba3119bcb5fc,1989,262144,unknown
train,569.png,8fbefb6bdd70396d24a06115c2a6828779f16f3ca71fb2900d1c334af84e2fb3,58077ef4643ba87f78c51773375c9007392f904cc988e7ad17518ee1b386c090,2714,262144,unknown
train,570.png,cc9fae664025d717634b7ddf6930cd3b1a6c5daac113b76b403a472a4e9961c7,58b8c5f2f95fa0d43836fc09e71cb73b7d9dc944191355a7752c34c201ee7d57,4560,262144,unknown
train,571.png,43f35dbd4fb61aa9c18ecd0c79f92c1677b474d99af79e6520ed73123be5c005,17f1f0ab2ae0d68c66df5e0ac3d79069834f8ebf232b1fd323a5e910610f36ac,4148,262144,unknown
train,572.png,5b5384603567aae95e7b38879ed7cb378b6083b48a9590077bf2221ed69a3960,13c95977c04482679c53792e636c26ece2e43822fe91706b6370f605632b933a,3906,262144,unknown
train,573.png,ac02a8af13104a2bf324c4d7f3f0fef385b85804c9e4b36d78e851d91758aa9d,ede8bbd7eb4f439047ac440acaaf52c1518cada18c975b0778ff516aacc86e7e,4678,262144,unknown
train,574.png,c80fd00f0d166e206d5be2dff426742fa84be855bb75e9f0421298ca2f4b5298,0004f899c5af05e5d36c09f2fe2b8ccb2015d9884afb5e6de3fc542ecbb0fe44,4678,262144,unknown
train,575.png,85b8bfc0d8f6cc237d7ea5848814f533bbe53ee7f02e1be6b3a212f93d8bd262,ec0d9759302143a755ecd2ece9d5511e0b484562adbaefc8e979718474ca9e26,4960,262144,unknown
train,576.png,78a1648a938df8683edd2bd9b3dd7f67daf545e688548063d36fe90f21ac398b,0b884a1b7512e3227994f35189ebcd4d0b96f24e05868f1dacc7118e991ab5f1,5559,262144,unknown
train,577.png,12408784317d661d28c0b36e56a9e49190e0395caf1702d59283fdcd83c680a3,430a1a1cd1c4bc61d7f92b5c2b66978bcac2d7bf88d76b1d9006a22939c6aa4c,5694,262144,unknown
train,578.png,56671481f3e7a94a12febb7247d3340e7acda2a70334fcd8ca8daa7a464d5831,de2f38bc44e0830dc4a8f4d60a6234c08da85b18b8b10ccca60d0ef15fae1873,5016,262144,unknown
train,579.png,3a83a9438b5a67a89341e61061972d62de50ca1f3aa94f7d48a4e6f6f294a04b,f9cbfe7b9da03a1d00ee43ceeed8ae4ac30a76e792f6110166a9851311309bdd,5275,262144,unknown
train,580.png,4b8e6f84590325849f86efc3706ed5c3afaf692c65319f25468fc601c33001ea,7f15c50cbbe1fa1d6b5a323841923a0934a370fc50b3bd19a0bd6fe81ecb6b43,1335,262144,unknown
train,581.png,8e62c57046198c0e084f1eb0d182b0d3a5310c03d6d48b703b49623dc4008112,5bd10dc694268d33dd50a2e35f24148b8d8a5a78feabd00ffa571a4b62b72ff1,1929,262144,unknown
train,582.png,ca68c146605e9d9b65076f5ef40c13d16e6c874ad73ba66e5a558c42ba6e3c5a,4735ea95b5af9a56bfde543052b49a97485db8a479e5d8bbbed9278f4d55f9d9,4943,262144,unknown
train,583.png,a7e6dc3d2f1422fde092d89932a2ac7423795ca28117ffaa48aa6a7e6e4047ee,dbc79ae6551931b2e0cf85ee817f873b14f45b0d1928f6a20f6bf376712e9ff4,4502,262144,unknown
train,584.png,55d7bf11cab5c0dbeea888354569d07fdba267a209e52e9fcbc970038525b984,47abdfcb8abc87cad651a4c88d1cfdb5dd7e46867252bedd9cf03228f362bf04,3378,262144,unknown
train,585.png,e27499a2da689a712093a6ff566723d1d7543ba66f0044383bbc3efa4a34a2bd,26f108743b3e836477282279f2b8d53ac209f8f38d2e09b616a415ec734f09d6,1246,262144,unknown
train,586.png,6f0037bd54b99a5521cbacf204ef39ba197a1ee9d7743041bff44c88f29dbb40,e829e2260a5c9dbc3e19a28f58fcd762bdd8de70310af75e2fc43320deb44da4,1136,262144,unknown
train,587.png,f9caaf3e4fd8e8f15e654f4398d07a481af0aba1596ff9a6a7384d9de374f3bd,9c5b24bcb7ebeecf9ea12515c5206acb0e42bbd7b10a6b0e6dba35baaf62de56,3608,262144,unknown
train,588.png,66f9257d518ef26f2862dcb36c28323a68fe4704065ec43bf81da56c3a52906d,fb4c8efed85bf772dbaf4cc91f8c30963eaaf8c60e5709a3d7b6588b3aa91c3b,4918,262144,unknown
train,589.png,91fe57bdf5e18447614492af3fce21531bbc8bf1eb7e404f25ff8a226a23417c,31bce26f6def3ef579cf239f23d4166fcd4b8f123172c9e190b434cb87c94a0d,5311,262144,unknown
train,590.png,488175a534345f66a6a27504d67dd5ef9225f2968a94bb1a415a3ab5eca72643,af626dcf33d7b39a3a3969bd7bb2a8161428b405bc95d17873aa831744b49ab1,5257,262144,unknown
train,591.png,f1355a7b45ec03745cddd3e6a6e23c244ae7c6d43e3b8f36a4a98d2f772d0514,b21a90ca96d3314d97a44c6a5d9127addd78cefb27cbfffb285c20003d1f98b0,6079,262144,unknown
train,592.png,18d217c710551643d9836810c3b22c98365a549685f804a11849a1600df1659d,7c0f7d39ff3d766f814aef7ec8046ade69dd81d179995ce522f9493266225fb1,6153,262144,unknown
train,593.png,422822b15498e3a533c76a9d18c1f333d75e3ba3f41890b1411b45bf24a17b4e,871e73fba345de12608c7941e01f0e6235d8dd3c5fab077d47ba76349dbfdfa7,5259,262144,unknown
train,594.png,229fc76d2744157f8bf7fedf3d24f8f650066e84f8654826dd8f1c2fef5f0689,18e2431e74d16fc9f5e42029a5456f75879fdb3778430c27eade4242e287d041,5526,262144,unknown
train,595.png,e8414ecac2e863806b0b8d558588683941c7ce6fe8e910570b84330976b774f4,8c151a847f71512a477d2f719d2d101801dce035e99be5561756b8139820e579,3155,262144,unknown
train,596.png,7565a174eb28856468afe96539d765dd1eea613b2bf933006bc95786e715bbc4,52a35bc181b4f20c2d8916240f5087366cb85f4f16e5e4e4858ee6f9d3944591,4142,262144,unknown
train,597.png,bdaf5e2aadb71448bb1a302258bbe190afc5cb1043a06ad56b4e8867f3fc57b0,92992e1fc8b3aec3281ac21fa9eceea2fcf55a582a13a1143160596e3e243ef5,983,262144,unknown
train,598.png,1283b37df1256d4bea5eb13406c38a9696d279741a0eb726a7f9072a138fc490,c1a5ed20f211e553bc00407c3cdff997593b26198d097589b71c7443de03c7c1,695,262144,unknown
train,599.png,a5f2cc95e5b12ad6c5a9619fcd78d69ef4dd5f8d3d3c0943c516e48458610acd,bbf71fc7c3e6ff3e7f5c9bcd970d79cda134b245c67e27394a0a3af3e2daf3c9,4751,262144,unknown
train,600.png,9900e0b7d65004ec05cd9de5d342d2490c482e0ae5a7c7d588649b51e7814e02,0de80a090736591e1abb1cf1e96ff8e3b23471959fe9ff8394f0dfb7f2ec1bde,5219,262144,unknown
train,601.png,f3fe1cab0b195fbfb8caa300aa64e216f77214a2b8ee27dbd2cf7efec33cd378,d141996c2908f08e0ab1ebace28d34169d08c137bdb59e244de697614013976c,5672,262144,unknown
train,602.png,d28c0a3575ec5925e60823f6d26cc32fe69f3c0b005cbc8df93cf8a2594ee8fe,53e3b8b852ad075a159fd9d6163f53e54a1abae812f06f9273453b52f767f5ac,4419,262144,unknown
train,603.png,7ba0e33308c9a7b71c6c14107887c1bb7ceece5c4d82816b33b4e6722175a10a,f1455c7d6f7bc195c45b4ea2d0c30614a9f597ee9c5459fc0864cf95ce3a8c2a,4411,262144,unknown
train,604.png,b6f58ac789b4516eb8c35256b0991a8a2e938686d29b8efeb6703f9b91959c1c,a0351256de55494de747085916d5d2500a5e45ffe1b19f901b07961f9751b778,4834,262144,unknown
train,605.png,8e991d98ba64400db5ebc346e3ce3af0b1f42c4ef5f72c44df85392320f9d4bf,8f747e44b55fdeb95ab4f1bad22a4a2e358b81817c62e28180f41fc901998f45,3932,262144,unknown
train,606.png,38771a89b856645db646105c4a7ca6ce004a728dd0a0755f5001d271c8e986bd,9df314b5d37875d2ab35da1dd6a5073d2665d846a836f836f73fc58b8687768e,2701,262144,unknown
train,607.png,2b4404659ead12943bb6185335bafbdc397340953895f8796bd43c77e9ab03a9,8dbb6fe2ef6b01ec25d64ce78d02c99064b206751475fe36329b6bc00c19e986,909,262144,unknown
train,608.png,c36387d622c5803669c0c482ab7e31af17a7aea7bcb2a66ded6bc7616e91de40,3bd71029420fb38cd342456f889aada115b41607c9ec21eb6b404452672b2379,2436,262144,unknown
train,609.png,40d7a633e3ad1b985b302ce599d1d2a4611224f6eea3eb243e45b2bb22aa1eb2,025aba42484267afd4d408a35133d34e09069f952d6621b2f661934eb93eb75c,4863,262144,unknown
train,610.png,7dd75420d14ae93994c6ce9c9511e3aa69d74a55c40bcda40738e9762b619035,78b3f0a7d9b1e937833926fed02d8d068c4b4d69c8dcbd63fbe07d31f898c179,4061,262144,unknown
train,611.png,d4482f349ed04cfe54a39a6c1141c414d666fbfcd47649515a27be6007d18dbc,f14976ed085ad1aedd2e17383b4e9e2d4f398afdf2f4be61c29610c27ed5a534,1762,262144,unknown
train,612.png,3b336e7a3bb883f1f21d7fa4a7b0ea1a7a5e5f2ab5c3e618db4f508ab08937a8,1a68f125af08a1855c70e8ec83a856de014fdf3e19dd8fb863e60c1f38727e25,1504,262144,unknown
train,613.png,586ca8cbd7cfee679c56077fb21803d810e1590b63d03746f7321a31f60f67a0,1b07ad385ad17c4dc9a420d1fbb4549fbc2fe1214013e606dbe0ff54fffba7ef,886,262144,unknown
train,614.png,c619b79760788e5d7fbfc863d32425c6d8b3e221f59979c03cd5fb5feb407028,0b8b3c73cde097e98c072ff78ba89d0fd343a82e9b7950cf9b1a627c64dfbfd1,3636,262144,unknown
train,615.png,0b2049a29741887a6b47f41acffd2cea2350313e85e6a1a069a7f27d59f570f3,d39d01470c3a976a71cfc3353cae819666a5b95470b97a73cbb3afdd6a1ded5f,4565,262144,unknown
train,616.png,2b1582882916cd55a762e39ca2ea1e948e33992a02f4ee2a5be5bc7457a7858f,1c48aca620999a42de75d4296614eead009bddab7b82a357793074ac32b8213f,4994,262144,unknown
train,617.png,073fc6566e0bc247529d098cdb102cbb36b76fdfcf2981c99cfb42ee000fa4b5,2c8cd8b0a1d8a6f0bc34d44954bd51e0e11209454c548d7fb9140ed35246f640,4880,262144,unknown
train,618.png,be24cf1e440436e0f3bbde83b64c6f4ba0757cdfa742335b35c3f1c90c77d714,1fe891b733c487f64383bc9705729bf32ef233370e82573350aad21ed23ad5c0,5235,262144,unknown
train,619.png,1da5fc07ef2412d5eb301a618847304358ba883997faf863a6746cc64c1d1d66,ea10530cbe816fc81cc8287ea59ae452d03b800aaa106a94004c59a66b460289,6048,262144,unknown
train,620.png,9c6ec623e060f68724682b22171a41b3a055cc70d67a3c2c9503ed90c39a7b11,1b6a69724093e716becfb49361fc3aca626756f1d1582e7f874c190e20931036,5229,262144,unknown
train,621.png,af106e93ddc7899eefd1889d093d98a808d30ff82b79ecb12e19b6379197199e,423df4ef9fe65338b291aaf02c87a3c6574d680c3894fc5b1440872089ebfbd5,5291,262144,unknown
train,622.png,74cbe3504ae6248b8292513cf65eb315bfffe28554371d64c8b9dc9bcc793951,42f7d270d06202f76d04b6a035b788065c77aa8ab1fa0ffa0cec9cbeca1663e0,2649,262144,unknown
train,623.png,b406f7486fbe7c5b944939c82bac708a95473e3867951ff88173170bf1aa28fd,b1b38318915a6d0c027600e059b7781e7f4106c281debd92c18ec4ecd7aca036,3673,262144,unknown
train,624.png,37a925b537d45aacc117bfecb63de7c8989e5b9a1532fe896ca8cd9c0a0db14e,c641696644bf5800a829c2a6f65a11868ca68989d7d16b6914ab6a54cd015d98,3881,262144,unknown
train,625.png,da627946726bb28c2a8b76d76e25d37216ef650bb5d6248df3e1b287e38ff31a,4c157388f0aec011596ff865c78c44e028f0160f7002cc84f537e00429ca16e2,2215,262144,unknown
train,626.png,4bd58933b053b3726c26205ee9971e6238ac71350e14b17f537f5889d6f296e0,c65a61f6da0c2911dce94e2d84f29205904e25a6a52a47b133c60099f9ce36db,4606,262144,unknown
train,627.png,2f97634ac3dbe8ca0a8ff5b50246e96aba08ae892ba54235bc66afaccd8a777d,48f898bc6d7a624689978f161fdbedf5f089ae4fdfcdc6a47f8c29ba6239f564,5195,262144,unknown
train,628.png,df21074d335ad7493f56347db7ee5da5723bfd00d025c70a31703a8d5eef11f9,d1aafa1771e7ffcbe444cecc1f09f4dcfe597052241ad58de342d9d9bdc33453,5068,262144,unknown
train,629.png,4dcf2c62cc4baa08f6b26ed3deb3926a4aea4846b2d840c7ef051d78af32303e,1c0bcd6f9d5dcf35e5795e211baee3fbde5f2ff40778ac0d810b9ae4b808aef2,5971,262144,unknown
train,630.png,bb1c50a1a21f2b925fef00347214385a43ab0e7471b0362da8ab56bc07ea8f8e,986ebe332af8ce2d0931e1568eca4a0121e808aa3597dca58f0c61017d8d07f5,5988,262144,unknown
train,631.png,cef15b1b0a7b094ca51dc55f568da866cbaf03b62b5651ec725a0a4d32688b8e,31855ceefd1aecae87db52d21f33fb5fec3b08bd1f5c57da5ff6e702518a5f86,5154,262144,unknown
train,632.png,a987358277a4830e3468d1ef5b88a5573478c5cf13e3a2ae950295652263a0ad,80ce06be0613341f9b6e01294e2b641a7e124b3a5e7a74e84faeeb7aade83fa0,5178,262144,unknown
train,633.png,90e41a8922e7e40ef635343499ec1130b264d3787ca0e219d69d669699b03405,aace7020c9e640bc84a9c3546b65560823c9b943b32ef69c9370f2c9ccd6562f,4593,262144,unknown
train,634.png,166bbdb56dd16f3749eaff5f9c2963894ab7d59c23afe110a3f28dc7aceaeaae,6e7f3742d402d7af14d90276f5d021f0808ef05811435f7a246fbdcdbce39cec,2062,262144,unknown
train,635.png,9885b1c08931cf3a1085c0a2b0f340ec4464361ab950f32acfb2b384a0ac59cc,413d18b4124326302ae76d55f41017782a69ae4ff4dfc0cc564f7180f23057c2,2894,262144,unknown
train,636.png,efaf608dcd0c8729c8bec38a018d6734d5f2d6b14585c0a8cc6714dc1322bf27,9928c1fa500f6c8af627ce87e96032cf1804e3aba9e429aee9ad5af6ff3cb48d,4199,262144,unknown
train,637.png,b9ef186fd68d904b9bd8b31009a551902f922bf11104e229a0a255ef7bf9aa84,08126eedb9c9a7164b5b09cabac60e7a3af59216a0d958ac1d575421737ea195,1376,262144,unknown
train,638.png,9ba93b3f95f958e10eea7be579bddc6f8b72ec82675ac4a65812b96482d35068,638a53859065c80d36314845ae8c1e9e291a810c10bb26a2149fc2d6ab555e97,3716,262144,unknown
train,639.png,b357bd11f5dc938d3685095a91041c5db365a08469145fb3c23cdfaecdd886a7,91666296e73762dff22dccbbe44a49f4a9c4ab40ef4445fea9f860e4a875d017,4457,262144,unknown
train,640.png,c62ac1940684f59e184fb0456d8566c5b295e48ecb0af171b50c8440c168ac77,34f80ea54607beb2eb9075b45d76c8e2a4037a36f5c891fb7f54ba78c8dc8f9a,4326,262144,unknown
train,641.png,c3882ac720f12b3c4a14e87b7b645988379e70532be11dff9b6fc5ccd2ba0c8c,0778f012122478ef335817c4ae0663e155dfbe6f8b60e39ab0edc9eb16395d05,5004,262144,unknown
train,642.png,5248f4d5e2faa482a206a8428539734d7a209eb91b73684d866cff348183460e,4c1e586b6cb9e33587569f3ed13bc7d5e660994b951ca4aac75afb76e986dae4,5586,262144,unknown
train,643.png,9f1ebf00d126d8146d695c6a3c50dfd1b9bffc59f2ed50cfb14cae65211e7be3,2df495fecd7509f85c5cb88d513f245fa0a63f8ac088d912412f2cf02a08c5a3,5078,262144,unknown
train,644.png,8c042922d2a5f69b2be3a21a2897874336296e44a99dec553c68f03861c9708c,2ddb17b4bb9360f8b4bc144a264134c85fee769c2f5b219428ce11642311cc69,4837,262144,unknown
train,645.png,c09efc8090ded5c1a5687161eaa45fda65d037dd21e9638a3d225f844808468e,0a220213cd867ecc71e3dad2e8f59baf9a28a77442c4d76f4d797c5643a62884,4697,262144,unknown
train,646.png,97eaed48b4235ea7d9cea9692154e28cd7a2da04fa08c9dc56effd7b7b77acee,aca05a1189030d0a4e96222727680f1a4cefcd6771b79a23ffe43884ce2c20c0,673,262144,unknown
train,647.png,6b78b9441c7019874a65cf8c9a1aeeedd39e7f32db5a9631d28e35b83f78baf6,0991ddc007ad69b11bb71e99d024af9d8d67170b920dec92c9be3da80aeedd1c,768,262144,unknown
train,648.png,5e07b2fce0959b2dd4ec44ca4a8add001d5a153d686cf8b3f23319d2fdabe121,f0c8d7fadd68d26d6e92686131f2e19e164bf793ff38fbebb946220ad8755959,4617,262144,unknown
train,649.png,f83d1eaaba47257e068f8393eaa8f66a7db2cfa84cf89021ab98e8a6ade2216b,796ba4215b430ef3b0f0d8767830b6d5bcaf122d95e3a2d88035fd25e5d41efd,4303,262144,unknown
train,650.png,4734664aa6f37708042dfde25040325662f8f4fe021d195595f64334d6e65326,747f3dcddb3216d78f6041e1c161572f192a0021d35e49d94f52818c6c13faf5,3493,262144,unknown
train,651.png,a7214e089ac46fa03e03a299052143b357d222951bb8b5851647813cfb28af3b,241ccabf26d8224f7e2fcf1c45f2c1d83bae1b686fd4fd7fbb63e8cc0bff0d2a,1105,262144,unknown
train,652.png,bf9fbaaeaae249fd064ae9b50c8dfd8b185227fae125037cf0bf36caf1c0f545,591a20553742841d3ff9f907c4b8c6e138d3018ed19ceb490685f3b711b06cf8,971,262144,unknown
train,653.png,d90e255a79fdd86ba39d9ceb151baf182733fb20f7f78cdc61d487fbe8c78cad,5e9ef0e0c1577867b9d38c9dd4ed3d4f88831234d656a1f74f6f39c378a38cc1,1799,262144,unknown
train,654.png,20c195e8660a2690f436fe04571212301d3807afcfcbf8ae5e12ff555f4b9e7b,155876f708bffb4fc01b6079818182bf5f676836f17b9c3b6e6322aa6ab75f54,2648,262144,unknown
train,655.png,84ba5f73a23d29375ea38b584f2bffddd71098a8a96d46ecad98846060369f6f,b7375dc92b292241ae7a1955beaa01baaf64729550fc891fa8e09a03046609d8,3249,262144,unknown
train,656.png,d6b7506281db6854cf22199707d4ed0bfcd149b12c2d2581e0a7b830ede9e368,ded27b491816db27f4f8fb387b7c61b30728cd6b72d3248dcab17a17f5bc473e,3888,262144,unknown
train,657.png,aaa73cd1334906c28b4ef4a2ef6cb4a84216c9bba2af7ab85c32de382a736e81,8d24c75f9679d019f73f94fd6bfefcd05dc73982024c083915e0cee05950ad7d,4555,262144,unknown
train,658.png,a87d4add9d75bc0014f0477711822b32b00b3c23b428aa102a68f198d1efcc5c,a0e9a90429a2463f4c3254872b19649409526ee9c937afc2ab9050afe5cf3e04,5090,262144,unknown
train,659.png,e1e27e1fff25bcda10f76e47790deb8cc66a270e4009991e9e6e58bbe3e175f1,8a383b39a2e19d573f505d4642b1fbaaa5ed8c52c3a1e3d4de3774c1e72ba580,4772,262144,unknown
train,660.png,263e68246468d1585501cb043d0d013feb6da048495d119333dbba7b329d25b5,4b32c7d1603f157d3f4075aeaf3b4586666b41acddd17700994caa0e11b01cdd,4563,262144,unknown
train,661.png,41864e31eb5d92063ff92a9f3d9a95be8f6419a43ba9dee0963f6e79b725f39f,5fd8d9fea00c080b01e93e17a3b29866741b9cbba62c4ee9046d122444d1e963,3011,262144,unknown
train,662.png,20a25885ee46cb6363d8b9821df4be0295641e3f5ad674f65b23050efd1afabe,d8c6a7e9847e652b81e3e08eae89e5de49d79faaafc6b1d6fe311f5c07a0a919,6161,262144,unknown
train,663.png,dae9aa9b6f79df2b1b9e83b508e1af9c2d73796bc282f112cdf4faaab92b6399,539d56c359ef46c038f93a1fa311134cda0d1c155639d483088b51c6b5669079,7229,262144,unknown
train,664.png,e44f653698bb9ad970264169e7ca4440faf8a7f03427d093ba0a6f4c3c4379e4,164595e102838450155a9a255d0f7e964615eb466447cdbee79891377f408400,5352,262144,unknown
train,665.png,f4588dc9ec87080c5ee0381a3ae1ed769e30973b70a86a8c9738967a2f76c6a4,4aa0114190544a5348e1ea7791f3988fecd2926422982e4775568bbdef226d3c,3968,262144,unknown
train,666.png,e2bcdb61d6adc59de5f3eb6b26a8dc17c875bf6725082098a178089809043f65,fa780073dbc0c6163f1c69f314a694befed58403a83b592a005499fb2cefc925,1465,262144,unknown
train,667.png,032a59f084860de1cbb7de07ade256afbb057a4058d9eac9d75e948c8c10326b,48caaf57a4bf95e3edec7c1877040ca92ca21f7c8d0798b139817e9b12756dec,1198,262144,unknown
train,668.png,97b20186ed28fe3932036077c03f73ec53efefc7bce1a885fa9eae6038500e8e,3ff04581be648ec77f5ae6f140504acb02ae9cbdb7ff7b03213f603e9a9d8ad4,6294,262144,unknown
train,669.png,aa905243fe349ca0756884de6a952a4cc8abae2d3a56b5843940ecef3e89d5fb,0dc47cb54e131fc7cc85407a1d75ba1d1fd26a3356683901756e0023d4e911ed,7832,262144,unknown
train,670.png,339b8d565b4fb90e44678700e0c70c2af65cf5126a7d686e899e538733e33ee0,e510dc5a29e0cf400d233b3097c0ca07c9125bcbd848799907b7cd1ad36357ca,8273,262144,unknown
train,671.png,a28ee2687601b09518ebc2c2eb526e1a4990dc9d274f8d3d49df901181eb9d05,a04baa9c6bf67d964d73c59fba0cb0e7e1b3fad34cd67d8c6452b964beacd5ef,9412,262144,unknown
train,672.png,7c808153dc5b0c25d96c747f112316569ed5a0ece1b2b0454ed3332e2284da58,635c972169f4de35c25959371172f4a7a8d8e6fd8a7632201d6e58d5d6482a68,9188,262144,unknown
train,673.png,0dd4a84fd055ccc3e34ec9550429fb9014e1de7e8907ba73597c24b9df40faad,bf3a438f489acf1abe3872a6047354e126e3703114eb5400c4975c4633884802,8930,262144,unknown
train,674.png,2969f46b476e8705239eecfc2f175d2fc0c74c8dadf07cdb6868996662005a0a,c185d5b92e4e6bcfe0312d38efdaaacdba49dc634666b9b41dc7b2bb03ff5b7a,7885,262144,unknown
train,675.png,3e899e41e0c36b8e3a4a9ec6e8dd2d2288ea50fe3f7a0239c93ee7e2068e10e3,2557ae16aa025f214b5cf496b896de21e28a348ec65a294d737fb0f936992585,7881,262144,unknown
train,676.png,78321562981c686b4b0b0bac06348e51d16d64d45c2ef5bf5c668de3b2a91de9,f28f3922b5185c624a1dd0d29afd4303f72ca34a72dbb772cecd39cd3e76850a,2640,262144,unknown
train,677.png,a69c77a18ce17959b7f658d0f1b356a254194cf1a9a711d909c62bcd483c3c47,8b6abb160f72fdb823fac5ac38f49f0bb86b699cc6849bd0aedf1a1dee5241b9,4372,262144,unknown
train,678.png,5b1b1ba0a564e63c2ae9d1acec14f3cf6a83fea2b937cfeb1d7fae846b8a90f6,84799c628f17d41fa723cbbce6c952b52e3ee59f62f37fa7972c21da135fa36b,2954,262144,unknown
train,679.png,663361c13216034ebeb57546f26e50de76b0cffc2a45ca82fcf79aa49b3276b4,3fbf6b23ed01d246cfa7bbe1efa45c94f99f5d1eebc4bcce34f48dd3cbc2d34e,1277,262144,unknown
train,680.png,b928666ce3bf2200c626af8b89ccd633bdb4664228218cdf5044e6d524044134,28bd7365d751ae62f09eb79ed500b4dc0cc1706142170601a0da0b800687c463,4885,262144,unknown
train,681.png,f19a15ecc85ac769b91dd061756df44161643d564f34338d908501dbd13d5fb5,699d4a0d0497ae6ea453bb071fe118d1ebb35b494b0c17c8d4e637f3d6d1b668,5181,262144,unknown
train,682.png,6b2d666dc573c129f6d1a4d0eac71b068af55f0bb4b0e88c0944ff19c0844672,09cc64edc64e04be94d71b03780bfd4c40b94de5f15ef57ea3908e77d0255103,4731,262144,unknown
train,683.png,922c699301913ea8ac6a5e1b1f520218bea04e1245fe456fc923856a02df24ee,578d72378efecc658e4ecf061ce0eb896e83e4d6dbe610e771b6ad158b3c69a1,5683,262144,unknown
train,684.png,a0b5509b52179df27fe94fc009c1bb3098ecacb77b6b2184f371f1d751a9ada2,5edf2826a2f16a4ac3c1c1be5b19b57fedf223fdb6c7436a17f6f59d10f51ed1,5216,262144,unknown
train,685.png,1f2c99e83cc473c164becff75158c1560f1e506ec5d771a02f95940ceb869949,b8a0087d4e25a3414cb04456443db03c872dd0d00c71a9e20999e0718b4f3508,5106,262144,unknown
train,686.png,36d59fff75dc8c4477ed11dfce64e7dfcd046916a5154da67c1be757d9957027,a9c6ccc887c1dc928e057fcb66db78b04275d8fa542b8d5293ce1f52182aad33,4708,262144,unknown
train,687.png,2955a0ed7ceb8e587150c33e2df19094a559bf5eac1bbd9d1c2041efe2308989,2c3cfe4a39989ac171c2cc7c80b19e267643498394480a3e20893e7ee4d6bf41,4188,262144,unknown
train,688.png,8a9b91283088b4956352a4eda20ceaf64606dc5b58b5c93db9ddc86317e8f440,669dc0aad7c78548d29126c00af026b1d612dc2be1ef5060466c0b57d26f1f73,709,262144,unknown
train,689.png,f3f0a7bae20d055c937a670c393e136c15ad2185f943cb975e19ea11a3bc9cf3,71eb069573007d9db3e1b816d2d0663cae7e43c71d213985a5b4fcb6d8c1caed,2061,262144,unknown
train,690.png,a3d4919240d05daa670bd6943630e9e950f63bee078f4868be515a4cb7d2001c,3d1239288ee5acfbfbe277a88b96b2ae557a3a528713769506a892604f53cb21,5821,262144,unknown
train,691.png,7e6ed10d986b21f07a63728a57596cba8e5dee5892cb3cd0cf55a772d7b4fea7,9ad67b63cb5e6abc3607dc40cb91e4886ec79f9d2f99c8577efd02998455bc86,5269,262144,unknown
train,692.png,7531eafab3f1cd2ee9983b06705c62cc2add791baadbf9e8bdeb49cb34a92e71,1f256111fc67af14b3fff71f480100866b0ed5db4eacc0cf41ee204d6f585e8c,5042,262144,unknown
train,693.png,9d39767365a65da2941f7b8ba6f7d7bd60b96d46ceea1440af0cb10831993b66,66310d7a9322ed2f47f789e846b8f74c99296fbcf0cfedb3ea9433b00f6a3256,3405,262144,unknown
train,694.png,efcf0c3074c9d2b33fa2818b66b918076338b6032b8f403646b2485b56d1b4fa,a5482ea17069368a86fa4700ba75c57775c71d4a9f331c86e09ef17e487a21fe,2902,262144,unknown
train,695.png,391f7e49e99dd93766b995c0eedb5ceafb6fca2aad817eaf3078053d25f3a6fd,a0b517079af6bbb1c31fe94a7082d891442f9ecc800a572b5072f58fb9871843,1990,262144,unknown
train,696.png,d620cf05fb84f502e7d9ab5e0c00566cf0b7ac69fb1d5a66ef275d852dbc9930,3efc2588abd0e24f2263e82cba71a8b134c7ca4cda79e1129287c3aff7703bb1,1098,262144,unknown
train,697.png,4e0a51e8274f96da473dcc8c3b10074a1a2dfb03da77bc11f6d22440c7c2185d,6032b1adabb25faa1a510abbc8446c481e77c737d90ade46254b603caa3ceb1d,809,262144,unknown
train,698.png,a63b58a17342c8f8ce02ca3673cc876f8d4b69e8d89ef2ed3f380d73afd0e9a9,dafc2eb7edf4f1292406e4b9f8d1e197b80c1239e9f887ac18db687ff72cf330,3017,262144,unknown
train,699.png,15550ba101e6b897555c6c878c6e5b549cbfc8c9daa295ae2ab93071c06b0fdb,edeebe998a833e57fc52707b70da5c9bf1d409842553d247c56a8f4633f4b253,4007,262144,unknown
train,700.png,4a7b2974deaed90a7a24d2fbbf0e82b7f01c9cdb68943c48270ee92c1f61a56e,c4b76a42e5530653b3d02d830e066e2eea65fd4ef61018f127fa3a596ede3fb4,4735,262144,unknown
train,701.png,66eccfba4e05416e3ee7ba36912ada5c88582cc2991f33d26c6035e0b25e8014,0e067e225f91372bd8a5ab8377c97ca6576f89c15d2b2caf633bff58f50d895d,5217,262144,unknown
train,702.png,7375289e431fb72784e3537c141b3b40c9ee7d4ed25af02c3059dc65ae457c74,f1a2d9073bf04fdedd995af1d9eb77916e54d9a1f442b9905259155fe48713fd,6077,262144,unknown
train,703.png,2fbae41b70060563468ab113ecfec6c1a05fe766336e1fa5c8a565d8eddccbc7,9bc9b6aab6bb2e07a22744c3d23f4259a2470c1edb57de48d66d74b586dbb50a,5800,262144,unknown
train,704.png,42c75189b0ac81708a099a91a8037d7b108eeea6c7fedf3d3bc7d6b4c016748a,c89fea8da5e52a33c69d77528c438aaf5512d4ba90c7dbc2e6bc74dbe5f0147f,5668,262144,unknown
train,705.png,c4c81e13441f056708cdbc5a5cecaa52aa23502865b2e26c5a0f2d14f291ab6f,300002e2d14cf6fe97c9b4141ab89ad9a5a7dd674a27e3d851ca3c1fb5fa2179,5898,262144,unknown
train,706.png,7193245bd3ef126d4e05a96dca6dc9bd2f76245bf24201a5841121e4d58b303c,beb40a9bab3ffb6656bb262c137d5175afc549827116a04acf2e2032ef795038,3230,262144,unknown
train,707.png,a9ca67c9805320102c77a54005cfece27e4fd05a00c046b0a54c50de0c5f3087,f50ed53ddacd616c765bae74eaed403d4106ed8a4b778abc4209418cc4570837,4490,262144,unknown
train,708.png,03e61d93243ef5ae19e6675345878b6d19d2683698f1c3ad18b42cc2081d8392,5ccfab9a37d9595af78e1e79282d161c6ec32be74bdaf6adcbe303e3c276ad7b,4493,262144,unknown
train,709.png,e4088de8989e7a1d78c0a34608b8dd2320ea3d8f53231831ab025386499fca43,3792ddecab827ec624bee2bb5342ebe1876baf934edadeea49547860e76cf0a8,3417,262144,unknown
train,710.png,7d6f743fa3b13872123e3676ac7e19c2ab7736ba8b1abb70c17e31b83df6487c,6615895b3c1448c6a4fcbdf65b736279ba98a7f23d9995b49e98ffc5f15ad981,5211,262144,unknown
train,711.png,25009ead49a84b45d02c101549c531b4a67381acab834d450cdf9c38a0661b6a,7f47b9fe6bb60e76dd6c588125687a1d424034ebae7aa9e4d0bac1894936fe8e,5536,262144,unknown
train,712.png,b157c054c1d1f569e73cfff7e3d544d8cb78d49b9ea6e8c50155094046627f7f,80660da53d57f3ff89c11d308a5d0586ef87e39652e9a1269a48fbf352fc09bd,5340,262144,unknown
train,713.png,0a33b77435c4c5a27bf581cee288e13cf7ea0770ee96fa73de9e2fd1ca653e56,639f503af1b659420d7320f930faf8e9cb4f1b9eb519484692642cad46826753,4825,262144,unknown
train,714.png,0f46af4fa85ac42ad5f2fdd28250c8f223ed9c39cf88152e5709fb74c7afa7c8,924c4f69dd596d93406df950716cb24e3a2b53d120eabebf125ff845a0c41ba1,5939,262144,unknown
train,715.png,3ffbebaa3f75e41f51795386c259de81679a27ddd6f143f1dcb51e1524b37d49,01b1677a3ebf171d0b19c06156344b55a5347690daaf9f3036714b410b50ce5c,5440,262144,unknown
train,716.png,939df38d5fffd062ffc76b4683074c0f4ad8d48267bf76e3e7d5acfbe3cffd93,27560e635b7284dae2f01a934a010578da1b931449d7e9f8d36be64f6ce26650,5285,262144,unknown
train,717.png,eef86ad05e2943f15a7169cb42140f532b9093f6ed1d8a7fcd1d9c48736822d7,c05ec5ef760e385ab59a3fc1e5814484ca1ce0640516f1333c0780c7f122f151,5067,262144,unknown
train,718.png,2390a2af8d9ad8d4330e29251038ac83d3481ffc42b78e5c1557bc9f9febebab,90418f910c6b719e7b6c0e03abab4afcba37e939653b755f1b5d82d67b966f74,2459,262144,unknown
train,719.png,16b76c910b6dc229ed6c71975606174b0b2b0e45067670587e885b8a71c14f6b,ca2f08a277155ca297fe0d255f65c52e1aa02e2d83370c686576b39cd1099323,3994,262144,unknown
train,720.png,5d01cf37fd01824ff6d6f1d4456c2e0ca2c43f7d784485c79089f30fe33f3579,feb7c8003825fbbb08c3006cb678940a8b53a3d3a9d6e381fba0afcb208dcec1,2577,262144,unknown
train,721.png,7aa687e819778f2b3af3e7448935a7084d6a0853a76b76805bad4759c56b8e1d,0bd71f255dc12dd37b8640ca0c810e47eb3b1e4bb835bc4c95b4775384e80ec2,1034,262144,unknown
train,722.png,68b297520c877f3e0194f03fc119f7e043d3beb3c662d71abcd08142736ebcc9,c100a7b3e653ca5761a2dad36f96a81fb334bc1ace50848e7a18ab4cf9fd25fb,4440,262144,unknown
train,723.png,f4bb54d65f42ba6f7eec138a5a3046b51c23d618b5938137ee9b555361cb1a61,b95f084559615f3cbd1be1c9eefdfbee7e9e630fbf22602b8a2ea69455dde22f,4949,262144,unknown
train,724.png,65997e097be1e0d555cb955ddeae31c033626ac34c4ef1585754752bb6e09995,656087cbf39380eced625ab4c7857ae72632cf274a92a8f5fa43239573416ba5,4536,262144,unknown
train,725.png,0c06fc6c49260c5103a70f4ca253c36a584fbfc1823c0fdc8b64c5f4437e8db7,959203676ad0914fb10f7bebc740067bacc92f2809e6801dc4f794af8d99f310,4829,262144,unknown
train,726.png,7f37bd25bb1115dbe265a35866ef1115b6e57839e27d0aa983a928380d4df0c5,f1cd3992660a3629cb6ac1f120838b4cca0bcb87ebfa61f6722834324e14650a,5136,262144,unknown
train,727.png,ae4c1e607db7004c7f753b1bbb8db3f69b21fa95980880e2d148306050190355,602de726758c91dfebea631b0d407bca5020551aade9ac72549cb8ee1e7fb442,4347,262144,unknown
train,728.png,d2837798a570a13303bd1320f733b9b26c9b86d2d80d17ce8c644037fc6f16ba,97578b93181e76934fca93556a906cd62e8d5b94a714035194ffebd43e5bfa7b,4461,262144,unknown
train,729.png,fc9fc91820a2945b6d92f494abfeee36f93bed1cd725af50d394f1624622e3ba,dfa9250ae27eead0fab3afdc505ca3b599668144bd137a7f26d41aa346bd37a4,4089,262144,unknown
train,730.png,c0b9ec5ebff60e031b921350c66dd43cb182b6fa09bcccc22ce5c8b4201db28b,05c306bd5d1ca579ba86314a68ed377afd2ad4904bf3c4ae3aaf8111c27d6f22,2007,262144,unknown
train,731.png,e44577af7fb3979bcf7e3690a40121cc0b4ca1c8be764604013f002ade7e21ab,73864468de7997cf8d57bf3cb99d71f171a78d128426c38e8561864cb735f2bc,4033,262144,unknown
train,732.png,a6bb456b9a53280adf58e354893de3a5e0dccf83bce660e5b9eab013017ddb71,96e784885467d8256dcc0528087cab2fe04b061cde44630d1cb9af4b2320c131,4263,262144,unknown
train,733.png,8c241e8839645738bb4afc7ff020563497bfbac4c103f4356bb87e096c7bc124,c3dadf4c9735ec5d6ed5b65da41f2797908720f74744a9ccbda20dded03860a6,1601,262144,unknown
train,734.png,9bd76236c424d003da9d01a905d169747b906c93dd491e8de69f8d1322ce84ee,88aa9f2b671f2845f3bbf8459fa2e727f204aeedc93f3a6e317ed6f4abce6a43,4844,262144,unknown
train,735.png,67a7147902eb80b631f67783a4df4fb21e3ea9d3543f91394fa862d18b47f47d,c3e8784df5381dd9a56063545ab9060aac917597eb54c1eeb62bc88bf37483df,5458,262144,unknown
train,736.png,8f2fac888a8cd4c66283d2d340cdade1d747a47ff65f662d6c4de68d62a36d07,ca472363e9cf2ad8727863981744d50d5d29aaa9dc1cdc1b90c6f1006ddfcf2a,5740,262144,unknown
train,737.png,6cabd1df1fcaa944bcd3f6bb0cf861afdadf1796d6c08f752651c7007a91989a,228edfbfed3e1bec5896a3b87584f71d401753a43a42685a3deb6b58290a50c9,6632,262144,unknown
train,738.png,30fb6ebaa2edd90de7e44d6994fdfa80338fb7c2e1e4ca0408a140a92613e133,1bb0694f85be1dfb5755af48ec40ff379196d58af253bc278b17fc0338885b8a,6589,262144,unknown
train,739.png,e37b28aa9eb528022feb278c3a7a14bae03675c31af0983cd436721c20d9dd04,be46acec6a0f9836e5fc679c865d62d1ecc99ccd59204d14e94bb72d52ae6d74,5581,262144,unknown
train,740.png,1762b9973a6c795b713c8d225cc217f076bd104b59f77ab656a3d7d7be2ef1ff,8d38e662f683c2d80d1da3780eed5b2ef9a7b2b63cc6865891edfda4171e6144,5872,262144,unknown
train,741.png,a78a6d457d23baee830386f9a9064a5129d1587e39e0b3317f44c0fc93c876bc,19a49b46a9dc4b0d03ec43448a96fb0356451c1ba5a6ae33c6fbe6216292d94e,4770,262144,unknown
train,742.png,368d275e86f6e4d88cc749f337d644f26e0692c45ce951788b01822de6dbf151,37e555e275c2a85cbf40cae6ce081f1ee88721d79245ccb2bc46bfff2311a38a,918,262144,unknown
train,743.png,b23489ad57801562265db3ae23b80c3ac4e187dabe533c26489de79c9a801372,4f25b0652c7826c13111450ca663c9ea37dee380998d4d5e962c153b7527bfa9,1305,262144,unknown
train,744.png,6333d6f1a15ef98f0b18d7f3d2cb6ed3e5c78ed70597405ea1ca9cc2fa42306b,780c1597fb83a9b9d43d8d7ff536b820f8e5745c9c448bf03a557394b3ae5200,4877,262144,unknown
train,745.png,c8c37da5db873b7fd4488ae548578f5e3cb69a626dd57c8fc7e078d4f75a3c43,49e0d1ede55f4a509c6c11160ba33fc23b76a540623c7c23d3fffe0817abd3ec,3925,262144,unknown
train,746.png,f1c2cb4f54340f14d8d56e399e2df602575448be2fab12f0f6296433cff8d0bb,7d3b49a01c126cb7343893a684db882060217ccc6290ee47528c119d6a76000e,2539,262144,unknown
train,747.png,645380883f624d2605945af04b3a4085e9c934b7ddfa0906ab91ce6f64ccc12f,7fae32e896823bea718e8926fbfb347cb1dd67cc3c3e074bba3529eaba246292,1146,262144,unknown
train,748.png,a96e9cb9e3e86324964303e5400cc16186249b8a198510c37d011d289600eee0,50c12acb2c3504fcd7d328728ddf4a5b151515e167c8ab9df567c47c1b80d097,841,262144,unknown
train,749.png,5931b0d25424a27638a592afb2c6c3636bb2726de2c19d57ace9410254c9ce82,b4e3b980da7ff3acf49737a7cb177c8d113a93d73824408e7c6b11fcf38f0236,2507,262144,unknown
train,750.png,3da5921bedcfe23cd5f1602d80b50252d075af52e521aa20456e80ff7b582280,a600c2497164445f7ed47533fcdd123ba01b8206751b16238aff50793cf2f9a7,4243,262144,unknown
train,751.png,d17639cdc978f3cc35269f41dd855520f462c3bbfa79a12e79712ee110cc80e2,8b5157b253efae8a93660183c52ef83bffa22ee66e3cb49771c84406dfe5e200,5230,262144,unknown
train,752.png,d4859c873996555f2a1ddb3f8a8506ad595fb7820e71f11853b423e359b17acc,3d1ccc22d671c7f9a1fd2bab0d56d2f4f818e1be1e61101a98844a41f37c21f0,5527,262144,unknown
train,753.png,f5027a43217ed82e27133f9f0597f9967272dc3c66a1ee3dda44c2a2b280bfb3,cf63d813982d5b7ca893e261b05a530abe7876b6af2985fe499587424a17bf41,5559,262144,unknown
train,754.png,bbd9370d4fc477dccdcb2226ee1f4996b372d92deb98ca87b8f20f829fc20126,eafb29f1a5050990b491bd8c43ec1068034ef9f91b7b501d944990f95b331eb4,6336,262144,unknown
train,755.png,8286ed026314296132b43d50fa4758980dd4c335e319bdd481573c95863a94dc,ee5bd9670dbb9f00f48a1b16aefadaf124e4741c6218bb4223c61c6753d203f3,5236,262144,unknown
train,756.png,6d6bfa4bf6fe46bfb89eeec96f07119722b865d9cbdde96f11fd6540fa4b9af5,53d8102ed9841f3ff2e437c7c06700947bbd2038428456d74073031c3080755d,5294,262144,unknown
train,757.png,702262ee9c7753b2e715d9989bb3b81e49357b8055f04c68a8ef6fc1330d711e,51afef4c5114019759a2e553ee530d1c61f0c29260fe4c8fd2f3849ba0da0c24,840,262144,unknown
train,758.png,22970a620e9fb90a19a3d14679637ccb56e34e9ca8f1e6d466090ccd35a3e5b5,1a9a47217bb22b747c1712452931e8356f137873a967e69e371b3ef5c73084b5,2364,262144,unknown
train,759.png,8d9f36c170ae6c044693b0a4a7cd184f77320f46df3e69f925cca9ef7db5ae64,dae1e35b31817340fb133ea88ae32470afc8c5b7f1ad8d9291c4385494d5b02f,2487,262144,unknown
train,760.png,7507e950548cafa0dbec5afc9e4b089a52af8f36c0bdbca45c5969c1a70981d4,9a0f61f1d5d11ddafc3289e8fca17844dce3c43d906c81ff932523aff23baa82,1009,262144,unknown
train,761.png,5da2a55e0dad8c4aff684f5cbeca130670b18360d471b8af0b4d7bdf51af44b8,0157cea57e4564c9cf60c8297800e4b0647438d5b5d138e69ab683c61740ca59,3724,262144,unknown
train,762.png,7aa4dea15328b7266ed77ca10eb3c1666c570e37d2db8e9e9d1ffa07d7b24fbb,3ee8d526e90d89b0b8779bd173d024b7ca1dbae5baee9f9b8c7b4b71d0053718,3996,262144,unknown
train,763.png,057310e43a1bbe7c48190423b568264e10231317e3a61ad3b27b0fdceaba5a95,6d36e39f09d9e66777de338df62f4ef5dd3909b67553424a2476bc214b1b7044,4174,262144,unknown
train,764.png,87ee8526360724a2c577f7126f0618756a302725c58e1c7ae720d39c65c75cb6,607ac13c07a967c6f569b97d985ad926e31d3c2206f852617f3a356d61fe6881,5372,262144,unknown
train,765.png,5d7bf63cb7a6b6ad526296fc345c5988f185cdb986af24898d1bf32ecf19f220,3a027a83e3671d64baa25948c380e673ceb2348f26709cd5e6bc1d7941c74fcb,5479,262144,unknown
train,766.png,bb4a67aeefae885320a130990b4214db3d43995000a3d14b29429a1600e39315,870ca5def028eb2be00e3e5d96117ffc943bb6cd11cc592632a081689d69bf5f,4483,262144,unknown
train,767.png,eafab8ae94af53cbf91061a67911b068e87c5d2d49517575cdbc2fe39c72291f,faf118a931ed51630df75ef813bc20c977b7d1fc974e8716b9f2afa42c273b83,4500,262144,unknown
train,768.png,1bac173aba4c67ae1ee607e4142ba29cccf9bf0943fafc816745e8d60b81a171,08a303c08944836ebb8a4f5ba274090e5f6f6db07f287c01768c6774c9cf47c0,4087,262144,unknown
train,769.png,f34160a25c6983ea014f8999998c976f1c819666b64ad1d203b5e0b034884570,727fdff6782035deba89ebd39e84f7733711f40c519d442c441d24f438e9ff79,2453,262144,unknown
train,770.png,8e47b8970b99c9d8bd3b1cd9000f8288500eeceafc44b09b2befe4add77503c9,4258dd11075de1ac8889ce7618c1a0099a6c4b94866a7fde48f50ec531eb7de7,4271,262144,unknown
train,771.png,2f6f57cf9e7e123622e20aacd514240adb1671d49b7523133a2ea52c53426f63,275b1c2c8427bd1b7ec9d6e5382a137994781a467a42eab6efe7da0dfe00030a,3101,262144,unknown
train,772.png,086954393dc95e8ab9d25243e3fe46adb9fc1a26267bccc1b5781103ad6098eb,10ec2e204d3dd7851ca0659c0ce21e11506cfeac1992d984a67abd877ee98ad2,2365,262144,unknown
train,773.png,5b398047bce7de7d404d679b45b27009353c02e645380ef0418a41e0cbd805f2,91f9f455f9faf0b4a0351bfd67a058e0fab524367128fe0b3d66c01ebab6be90,4939,262144,unknown
train,774.png,023a6869e6ffd34d5c1c924c6c8582789ed11c354da5b37573cd500abb254691,d0e9992b566a831fd2026e98a06a4c53a66d70a468a2e5d051ec17c916f062ca,5206,262144,unknown
train,775.png,f2d08b0e1dba64cd0d3223e94a8963df212606ab9b6ec69c2bf74c51996542a3,4877d820e8f71dcb0b11042ddaca426d2b539c4d3412f5b5efe0ab5a1305ccc5,5111,262144,unknown
train,776.png,3508061d9df0b9977508f572e61080c98ee75fdc356675109b6ee617e5a3a99d,5c48fd7636ccf08c9db0e0db0d6bc277c5e6862aed0e8245b56e7087aca65b12,6078,262144,unknown
train,777.png,dd05d718d43c653b5b751577aab8f9e9decea5b0fec600b2af7dedc10b15c797,29ca29e526207de4117bb3fa708f7e3b9868029be060d2ef4b8cc5c8fe2d9e8f,5784,262144,unknown
train,778.png,5751783501422703a822ff0c4544ec23b19378ea2f28acf3590a86c387b72c2e,51269e763ee821254c82d80162a728b21ce42f47b9ebe308794f72b9ae919cf4,5408,262144,unknown
train,779.png,fcf7424a1d1ad7d68d04ec9b9f3a161bb41b22e8793ffc96cf827dead64f1641,da6483af379935d24fe0ca548462962f5fafab42242021d2407980270847ceea,5707,262144,unknown
train,780.png,d1b87476004e7b83032064d7946cbb38242dffd66269947742060a42739f75e5,aff44eada2c5fb75ec2fe2a64aa9696422deb3e768773ae4f7a043bb5f2e92b1,4977,262144,unknown
train,781.png,918257ca95d47d13de3a75cf4108ce6285da8574fabb069fbab0813f24712a12,a290e5d4c11e28b72b19027c4bb84610862e8aa1351d0979cff41662293f593c,4978,262144,unknown
train,782.png,437c9db0af126ca6d6912a9a6aaa1a407b3cd94fcec09c193d0fcd39be7eb586,e63530faa1f0ae536645de39fbfa7140c9d934cc2dcdb77ecd8bf61121d4e495,5598,262144,unknown
train,783.png,3c4afde8618c81ea9b54c4442449452bcbac12578b1d5325aef64172c36a48c5,500953500436bd6bf72d775b389e42da21c91c2e0e75e588f682306957771d9a,2078,262144,unknown
train,784.png,a0f66551340b2d315d3f635996d6b8085440bb8bfa177dae7bd2e9c7e4883e10,d4c8c159abbcb68727f64822978db9346730a7b47b0be4702d2c4eafaa872489,987,262144,unknown
train,785.png,650b867029e1c41c51a68f8a30cdae4d55d8de6eb4bd571aa8299426d95766b7,2778bd05264a524f2e18dd26917fd3438756eb7fe473c6b8511718c9359125de,5429,262144,unknown
train,786.png,be98add8bebe7189421322afb4d2ea9189228010e0a5cb9bd66afffdabc30882,3913da326023392c9dac8ecf332a417559fc296b3a0ce4abc4ea952b3b14ef78,5018,262144,unknown
train,787.png,1998b2f57f48564c5d2b81b4dfef02044937d51f717a33dfec3090e8c6e66fb2,da01ca07793caac3e96a1a0da7089b79db3641593945c859d7b2020bf2fa774e,6245,262144,unknown
train,788.png,6bfe43d85cd3d3fd6ed22160856923966d5b1553bb4362cebf3c56c5fa6bde72,7f749dbe5f245acbc12316889227edbd92c43f0411193e0d64cf0d47a66fbc84,5966,262144,unknown
train,789.png,1783a2d3027affa176178e811921ea85389935635659d9870f58985c097d9ce5,4f5b4d52cacb29a2aeaa505ba624ff8611068294da57313524e6adc00ef13e79,5172,262144,unknown
train,790.png,bff40b8d322c03186443a6c1b734ba28b0fae89b5fde555ed44575543cd8c225,a36520599eac045abc6d234d8834f7ea86e8271e46f9ee2ac2167bd653fc167a,5001,262144,unknown
train,791.png,f6f5f6ec2424c8c9b1d25ede2b00d3d33a7af4b724cccf28aa3f93f1b145594d,854340baaf48fef0c4fcf6a2d1f615cd94829ffe2b210be11da96cfc957d55d7,4602,262144,unknown
train,792.png,302f71a6588ed6331d5d82e3e4d4cc80e44dbc508af71bb85a26f19b66e9471b,701d84171feceee8213c8b61bcfab941ca295fdd223e724939eeee4641363e95,3744,262144,unknown
train,793.png,b7f12b25ccfaba08b0a9d536bce3578cfc81ed0b96e030161032907a4cefa259,6375e44ff536d80414d5a238ec2d43b58822aa917ca6cf0c443200db249116ef,718,262144,unknown
train,794.png,306511a6d27682591bfe5622abc1df63a94d6546374a9119e45e5bd59181a308,9ce78dd0082b3d933aa203a77810426f78824ba696ea616fb0a38fd71171985a,954,262144,unknown
train,795.png,ebb9fc4271c26918713f9cc2276cbc493064870d9e52738e81e3d4b7dcbd7c09,ec0392126001291b3cfc8cf87162cf170d2a466a23ac04f98be19e66cecdca05,4714,262144,unknown
train,796.png,1c4cfc0312716d3e3560d40772e5b63ad697afc7ba5c3af90d3c4b0bb8a5ff28,e6656294c123fdd4746c81206ce95604da1dc35a7961e4c43d8f127a79d068e3,3811,262144,unknown
train,797.png,4de19062ff2deca823c8ceb4465da309671dc1eb5e2049ca5a0c7710c52a87c1,9222327cf742e15794e077dd1ff68d88c44a50dc2cb52753c3936b2b240aebab,2299,262144,unknown
train,798.png,b70ed203a25edc7a4eb0bf93402e4ceecd98fdb41f0cd5d9061bddf806899db6,ce489575a10c2798da0d9973d48d37062e2f2a7ec0da484b047e79e6f421f4bf,1394,262144,unknown
train,799.png,24ccaa6706e07641a058ad0dc24e87b0b91729f963b3f1c608bc300887b00779,60a69879a3d9d18083a0efab88ce5fda793e54a3d2f76cabe48082789eda7694,902,262144,unknown
train,800.png,46bd75e98c832a66fde7878332c214d0521c4e51ae2a5eafd94c17639c243e7f,c23550fd0d270a177f9592c18431947142a5992394dc9d842d522ece8009cf25,1913,262144,unknown
train,801.png,fd09187067d610a4c648bb0b2d357d87c5eeaebe1e300fdb0cfa3d0326febe33,dbfe3065062b558b94e3737fde345a9f450773b0535cb8333c9860ebdbc0fe64,4232,262144,unknown
train,802.png,9b3662d44ff146102904a7c29d70e0115bb708bc932382bb48d51366a353b304,372a4bf0ac1c4e96df46164d661a4bd238af66f7adafd793230d20135f18880b,4684,262144,unknown
train,803.png,799ae459f24e35eaf60695d84b1e524c9aec559b2908bca412853c8626bf7b4b,b6817e7fc6bd90e0e6ccd4a6108cb276b79190b38c4a8b14dd372d2dcd2de153,4913,262144,unknown
train,804.png,4b255d03e7d4e0e2fab37eb3741b94aef6cdea25c3a6571154282135a7a4ae50,b7be9123730fd619c2f2944696410b352a50366b0fc879c626b511b0bfc9f858,4892,262144,unknown
train,805.png,09d79ab0dd7514d55c6c1363cd9815d59dc6f1990990860a7d2a88d66ff41738,861d7c88be269f1f74710eb90ad48fbcbedafb898b435de5309d386cadebd5bf,5891,262144,unknown
train,806.png,dcbf8b490ff3811502e4eea47598f4947c1051e84625f07ddcfa06683218d540,88457761ea1d2f2592dcf904d992589dcca8a3dd0a8b20575968ee3b042b52ee,5675,262144,unknown
train,807.png,cd719633e5d56a94394b513836cc535bd0615336714e086a0e2f2016c68ad7f2,8599c7149e84a81fbd563fc4dac947c1bbc6d6c7f0d3abb5bafebb6c86e8c1c9,5165,262144,unknown
train,808.png,c6a306e20155dec3c71bff2578c87ebbdfad4d2511a49f92821b70c3cc40acf6,428a8c6284e6b9b78d5c1cdeb4b974b807b37855a285de7f0b81190b18906bb1,3047,262144,unknown
train,809.png,0772303b6ca831482811fb3b3e828897c8896cd53def204992941c1b31d99eee,48177c978ae6d5b04138dfaf766124ea0998c04be1f5e4c1eba6481c8a8c105d,4727,262144,unknown
train,810.png,f53296c310f09ae73c0d95bfb7a8de7a3ba2abc75eee506bb9ae2436910fa403,7e7bc7d14775082ec5357f068bdced16eef482adeeaecc36c7b019154e4c4a8f,3475,262144,unknown
train,811.png,f9fc312b066b308ff7501c2a5497b1e9d9e1d5ce5d8b75f8d84c620949786f8d,4b19fe264d9fded55c7c0bdfae593883b763d3a454268d4835004b9a1d178a13,1724,262144,unknown
train,812.png,30e60757757090f548db4a58c5fc9e88c2c88ffbb115727f4cd4e95db252a452,e47b1cb2b700dd70019132d400e2f754d75d6590497d64980635b39b2a869a76,5255,262144,unknown
train,813.png,2dc0b8864a37f9c59aa6d371032a4251d663ebc1c733e4e921291c7dfde60a57,f61cfb73586c6cca80885f307bf269326a2c3c54ba331090a7199764cbafaf38,5535,262144,unknown
train,814.png,e4503b02c6bdbe7b5e1498b370e9b6d4af8182c9b156afe9250c3d564f7ba99a,b77d7f36bffa28676de675e1316966e48e4a8c2d640e7e5822744edafc6f619b,6501,262144,unknown
train,815.png,c7c06c53799680cd6b9b53cc85f6baffda84dea02405ca16cd3fbffc0709f7ad,36096ca852557ac691d6e327c28342d8524ef309bfee30195acf01255e6ff156,6336,262144,unknown
train,816.png,80f8eeef2ee7f0164d694870303b8430c77d66ca7413938f70796f76d1aebc43,f6796e0adfa3d9ee73998b10ec89abb5e3b1afbb328196243dce5bfced378c18,6379,262144,unknown
train,817.png,b60a6164b53de2aaa1f34e2d4bc8060475a40ea3b2872b1c2f8d691f61efa3fa,2f139c3b830eed974dbb021048c2aa2296e1e549e94e86c99d5d0cbc6740d3c9,5194,262144,unknown
train,818.png,c9c9b324ce666b9494de43b2d160865ac3b158043954659c93a9bfc7081f1a8b,b449ea1837dde8f9a496bd878629578607d9a7034eee8ac79c41a9172cb2784d,5044,262144,unknown
train,819.png,52dabff90a4c1ec9369db26a0241a65800cbbc51288581f07032a66712860071,a3ed24266435bcd219310bde0c4e80c4d4b4ad08289e0b4cb667e198484b6459,4908,262144,unknown
train,820.png,8bd4bae36cd8ef663d3fae35dfec86ea75032e7b8e039a9457c433ee8dac4c9d,ce0c34012415431a0a1f8f4141d7c81cde9071ac1913471ae1d087d64938858c,2766,262144,unknown
train,821.png,8c64854749818030e3e8d85220f74bb6e5f3a24b445dacd02e6b4ce1f52a947a,9a435a63a987ba9b24bdff2ffbe5aa29a202dbb538dcfa2f21bcf9746793a4c4,4000,262144,unknown
train,822.png,5878dbad9725bdce12c2c974430b82945ba7a3f74e9da52e4eb9a4fa8d21374f,2e9fff39181ac000932e5daf25da597af25bf3fea8cbef49da90612ad6a72251,3524,262144,unknown
train,823.png,9cff1a9bf0eb5c9a24c279e1a763cb395dbc8ba264ff99fa1b2e7cf6540430f2,dc56fef7449c91e4e43d3761dacc70cfce82e01575cbef1b4485d6b4ebc109f7,1646,262144,unknown
train,824.png,e9e3d9d61380d9b56648ee5b029a591fc7bb5cb864254fbfa540ee46540298a7,52b97116d6ef9602b6ef8ac06e64954fe504cc69e0ad0b3bcee1de22051e3d10,5386,262144,unknown
train,825.png,93a4b080b6894f33060fd81785208fac6ccf782ae8e851c80555aba62a5dc0b9,604bb18da2323a004a44b14b12c23093d1a855f5f75102c6beb5d5be5a618782,5859,262144,unknown
train,826.png,3d1f88c4b561d5e21bd3a342ffba131b1f692fa9fd69773bf16e98c362d47dba,e06d7e81fbc03d2b7b40a3fec3d8bd2456faa8818ac1747e29ac3bc38fb561be,5716,262144,unknown
train,827.png,df715ab3285d33a234ce47fa52e566a80ef754c4cff04cb0e0c8c02503463a9d,21b45ec3fb721b22c38c3b3d54ef3e3caffad3bf0d385ea5b5f57a0d9767cca9,6180,262144,unknown
train,828.png,bfedb25acaf6e263d0065cc5e265dc6662da5bb288250ff2ecb80ea181a64afc,1102fb5217fa1bd1af104abea64a2198e034e1767063da123d8515d5df7d9fc7,5726,262144,unknown
train,829.png,b24c5844df76157ca9c6479cc143ccebc1ca5ae194a836ae28cb05867db20666,38bc49a4d1b7d2441a3a8e37a7cf527a785e23ebf944ae8cb35b86d5fdbdd072,5431,262144,unknown
train,830.png,e9fa284191d11a2f72e5d89306c38428be2d21e761f42643faf6e05e3592c7d0,151196da19bd9b5603bfa1b3149d37b0154ba219217f9684a1de6a98cd67a2b4,5268,262144,unknown
train,831.png,9e49a7ed3a92d022d411b363c1bea78556bc14506597612b36361dbfde5c3c1e,86c0fb4a8e1163772af4ccc30e0e93b2d4d59b0b32b403b88c2257a3610c84d6,4817,262144,unknown
train,832.png,4b4b57513324ea620f53b1e272984c7d9dfe032bbdcb3487cff71967e4072268,bb384780b261170b3de9a7438d2a68bb3a09e785f8dfcbeb8145cb7ad068e5ff,1972,262144,unknown
train,833.png,b51d8809d97d81474a7ce8d785135811c39297f4cd292860b5345e3b6599bdb0,e2b24f5d8b879dfa4ac953a44247b849ca90f3df79fc92534503156b08b4f035,4448,262144,unknown
train,834.png,ec24a709695e17e35d353748a94f2b9a60fc5f834ea5decba984d521b65d5810,0504c9bd9194d3307b011fc559ec72cb89e1b246cf5ec6a99e6ad06f7ae2f8cb,2525,262144,unknown
train,835.png,6a2617ac88eea8062e003f7016afe62d49a24c4bd8f42952d27a161d97f8ed1d,09fdd4af27bcaef9e174dca4cbc3fee663f0898258027bf491d5e895bdd5bf38,931,262144,unknown
train,836.png,85e3d544cd0abbe02823cbd7265cca16f57de6898179be1f4a21fd3e28f84677,28fe098e56a96ac4c15699b727e253c1b7280d57608b389fe6170e76ca343f6c,4929,262144,unknown
train,837.png,a69e5f720dfe28fcb30a88f9d8a0d871ebbb64654cda5ba293140af3dca962a6,14db9fd198bba78706f2890fc81c7c28d1290d8850a065d1f3f43f8966113ee5,5262,262144,unknown
train,838.png,b1af5fcae7df16f9ab503dce2ae6f25d6b0cda0b2a5388874989157a8eec1b0e,01d5624cd54cd69c79e9f88d31b3f739e3e41cac669cc9e05cdcf2d85dee790b,6207,262144,unknown
train,839.png,7b66fdb0fee021e8850c9e016455d5ad67854e937671d728663cfeb87786e50a,8b8101dc1ee3970754633282f70d8573e0dd28fb32cadf366155bfc1c309ca7f,5039,262144,unknown
train,840.png,1c642306a570b2892be003442a373bae080ec7ca24d515fae905f9a59537bd08,5dbef2d6237febaf683621ab0eb0b05a5be6359a7224abd9b707aed23b9ebd9b,4857,262144,unknown
train,841.png,779871894f4ab83fec4f036f2bab73775ad1ba78ed44e6ef72644f59116b2ba8,f066c18de6f32c7f06573d4dbdce83d2b7fe89cb4f3fd98c2bb51c22c4598b00,5170,262144,unknown
train,842.png,35eca62fab204db4a29e013a43968e18bdaf7b1fa847f831e6ccbac694087fe5,2e6a40b4348f4f4862db459d4447907ded386799b31f988ab0d15f476861b51f,4864,262144,unknown
train,843.png,b89b2c76b9040a51d9b27c47c05c75090da817ab45dbb02727fc2d4dd4c5c788,7e77a89288f04346b3ee364fec292903219bd73a0692e4914e6543bdca4f245e,3863,262144,unknown
train,844.png,e93d072ef47cd0610d6a03625689e4cef6ecfc6b00a4b2853078f62d26306a93,ff9d6b36be00077e457cc4afba0d7f46855dca630fdb9ec67b8114caa5eea168,1013,262144,unknown
train,845.png,0800e5e610f2de4adfab3c55e552fb5438cc91d20ddaa93a3320b4ba4d684c5c,d24f1852dbef3c41c370c4b7143ab4b7b30ef2cb1b1c1ea8b91bb87515668b22,2790,262144,unknown
train,846.png,694a989ecbd13056ea4c339a8b5cc75dcad09e993d9d197013e0ebcde832ded0,1ddcec3c188d1088191f1cdfa44e5fa9d2c66c9ecb9f60712bbfa4ffbefe4a32,4593,262144,unknown
train,847.png,a5aebc77626673fe44a06cf72a966c4626403545d3b14ac378a4e4d6ee444c70,73419fd122f6bdaee2b143fad4dc9dd6449c0cde36e4a9fdc5d2fb9aae611543,1785,262144,unknown
train,848.png,e3bc59200654dcb7c0229ca4260a4aa7fca174ac40b54e6868d3d7e7c325e32c,4d9728a65a89791be5dee2ea3dadae436972d75b8d4f4420fe2364ff91a1690b,4261,262144,unknown
train,849.png,af168c386ffe5709e1a9151ea82f2db52bfb7c01066b5e5d8edac9db15e0b1a6,a4023f411ecffa556bd98b16a6b6fec2d4147e19b4be9d2dd48bd156334f1b42,5635,262144,unknown
train,850.png,75327c86a356f1de74b46e593c5ac870d383bcb8869234820575e822bee40063,6f09fef168ff8b1e7cad70cb87a68ea37744f1a84c6c9c64fd60f061081b3f28,5922,262144,unknown
train,851.png,713d777e80cd623300fdada60f751717dd80a5a70897c815aa03d6084a8259a7,07a59bc3afbc7b5d326e9b1ebcbe665d7f0dd67dbd9fe4d0ffcc521208f5dc98,5702,262144,unknown
train,852.png,bcfa5e989c0e7860c455a49d76b91a297e48155ad5b0f78ed86288af74fda009,f9716294367d64dd4a81244bfb95c7438b65d35e27a4d1e6fd27486fb25e1931,6623,262144,unknown
train,853.png,e1971fafdcb405d6bbd997239cbc1dbb5712cf70607f4888d31673eb4bbed562,4d6e879201840a984e7bf5726de8017605491c91134ab50154a541779f68537d,6199,262144,unknown
train,854.png,b27ef5d065e581dcd1b75ca60931dd2018514b46054a6ed984237a2b044ba830,d86c158d7b6214bf52d6651b22598721c34cbe85f8da0c6c4312cc6d430db344,5800,262144,unknown
train,855.png,aa86b2acad0357246f87fbc8add35b52b0bf2ad0699c8acc40501ebdcde66b03,4bbff37f3d97f8649c8d31c040eb5628f15cd6ccea8df0ced505329e100f169d,5543,262144,unknown
train,856.png,459513a57f021a829dc1d162c1d959e02cb0c8ad063f5f444db0a9af9499f47c,b1bedeea955106100a756421146cdc1fa3afc575114719c81807a95eac7ac9c0,3912,262144,unknown
train,857.png,dfdbcc11939cb72f9f02c3240003e2cd1149e39f523c95114426276218e3cb7a,00ee2f5b525be3a75c708850af113fd87467fb77575b709112292aa4ddd083ec,5711,262144,unknown
train,858.png,56e0b1350caffc51f8035096c9a8098f78db5997bff0d0be1dae4e986beeb289,b9d1bc30f631980c23c6f9aa4cac9c347ee4a62aa8c0caafae2adb8e72f12e18,5344,262144,unknown
train,859.png,ad7451eaddbb86879a58308b2a416d7a7583e2f3f2ee9733b946f21220974acd,5a51c62218a9004b3bf3b60d0b15d381f125469d530949a337cc70a21e64af14,3484,262144,unknown
train,860.png,1d6a61182c172e5a39c086b853cea5b24dafcee32519d45f36baa94db7b315ff,e71381db394af7b1690cbbf168120f4b9179a0074d209442d0bf98ca43f0ab6f,6424,262144,unknown
train,861.png,c8a114285ead131e1da5be798078fa2444684e3244e55d955c31a81272491157,119ce44c3e888ef35fe133625e97b258d5ebf4d710ad01e5e0b2cbea90383193,7027,262144,unknown
train,862.png,57b56e9bc133a68fa530fe4c972422756f9dd455a18ba8ca9fc0b2d7133120e6,5cb76f1b4f1c7440b6005b259d4e4622aa7b94d963595d78279d7f708eff61d6,6786,262144,unknown
train,863.png,62c80c8d4880658c9a768355c954a47c9b8283398cbe40199fd322e01e7b5c6a,c8ad75fa8cb4c47962a10ef466606aca435be5c0c07ef8a29f83fa2ab1f1b5b0,7711,262144,unknown
train,864.png,07f9b404341d6d8d33abec4753a9496b7129624f43c8160ec95130a30a1f21c3,459eff9ca013db74fa18b9daab377523cf72eaf62cd88a3bc295fab8b2094ae3,6416,262144,unknown
train,865.png,0ac7cec04bb4e34d99d3d503f9b1efa00c693dbac9cfe37d89c97a88e7b8258e,b4f7fab0a4e035dda5355474266fba1694a5972ff14b0b416fa8cb21b7f27cef,6906,262144,unknown
train,866.png,58891a7647c6251a6b275e9395c6aebaecd7f94288ac61afcfe6742f34b3016a,1d7a98d51b531951439102d9cda25604aeb49487df7df736fb618c598cc8c257,7092,262144,unknown
train,867.png,7e8bed4c62a3a796ac3b76be8f5eda715faa5da4189a78c1733a6407c2067497,bcd6a75923c9f111731a6d3d4edd9a84a814abf92d70563665a1b6142712d37e,5873,262144,unknown
train,868.png,09b7bc982a587442247163a549eb98e20072e270be2b649787bbb8881fd3c79a,385125c23b51d95ca7446437944bddfb84e8aefb198e2b4472cd384b7bc3f39f,2176,262144,unknown
train,869.png,08b8d78f81fabbb27161dbf538281961cbf73d7be13d3d51f3fe62a764538260,afe8f8af89f3415aee9d77bbcdbcaed9ae89edefff16b5430bde837976c9f873,4225,262144,unknown
train,870.png,f76d4c7ce16be5cbf3a810686fe50613087e56750571828977359b5817113975,20c133cac66abf314547f0bf04ebc7787117e42264f5f5db5bd0d7f22fba19cb,3900,262144,unknown
train,871.png,8e3034d2f930926ca6937e5a6fc35f9b822632bcdb2217b0072279d9715d7d0c,5e636b66cfcb6b76a467dd02f18bf6a140e72b74fd7d790bca1d507676f7d4ab,2594,262144,unknown
train,872.png,c781838108a716613c495c0af2322a81cd1c75c38c71eb2637a9129446911742,cd42da4ceb9eb677ea9fe40006daa2953c0154c0e0a1cff7e5963762c6b50490,4981,262144,unknown
train,873.png,23befc25d83d78f2bf079ad59188a7a592529a067d01f140df954c078c8e7915,b12406e18461126b42dca2554caae63cc401cd09d251ea91e2bea1e4c10ae84e,5511,262144,unknown
train,874.png,25affb5f1255a853e075980fdf21e228aadfddc3942368be663fab925be1e8f5,813a92063410547a84cb6018e931866282c692f60251e802a451c4904e99aa46,5536,262144,unknown
train,875.png,890a11ece620a8181320e567b744a85a583dcf3f68892af6d9d858ca9b08b10c,65c2f24ffdf698bc34fd5f551c21939cf437f3fc23455f4ba3b4ec4d23a79e9b,6279,262144,unknown
train,876.png,cfa73053f44827ce6de5086266b1437cb6e2a3a9923a2ee4cc7d35aa477b3882,567f8026c2fd2a4c6cf240f55fe4faf61021f3e835f3a6e91badf4b74375c108,5288,262144,unknown
train,877.png,7ebba2dedd4fdf6ea1c053e9985e1f3895c09ee3140b9670f5ee11bc2b24abdf,e4a7ef1ed909babb82199f243d549f5c247f928c2f158e72873895a3afdcd061,5373,262144,unknown
train,878.png,d4c17633468f1245a0ffbe242ab3b79e5875b3a0c533bf3df07a49615511f81c,864d7b1602203e7da71f3db3d7ae601eba2a60408e94e965a9db2e1c3caac7b9,5470,262144,unknown
train,879.png,21ba58333ba467fea21fed47c237a675a6ed886d4b2867a4c99c31be215bba5e,7f4de3d1576b24f6db795e321fe0fc17182a9bdaa283366e5250c2379ee96eb4,4803,262144,unknown
train,880.png,ce016a946b3af16baa60d1043c62167813819938b6b6b1c7e99351e55a97dbe8,83ae8cbb1c6f3b1309f795cf28bd6491ce594d356f91c8a981253e0114218634,2409,262144,unknown
train,881.png,ccc42979c37c0fe673763e8c6bfa9b25766c694aab6512fff9f031c77fac0fb4,135f14f3c05c95e08f3b21b9856c8bd9eaa58c1157a65f84ea5e638f374a32ad,3449,262144,unknown
train,882.png,bc6f8dbf68c8b18fe5a913ead8ba98bab33a1b68e9fb98aaed205c7952a92968,218844aba009d2e0b314e5a0e2797dda46aa6b96273e0880f87b00a417aaf2c3,4261,262144,unknown
train,883.png,4da554381d70f0d7f1fb1d82b7661bdf66ce043a16e205521d29ef45e60b214b,a7412771d5a2f71fbc5389a4c1b2390024f8520e8bed271f2c5d04f9488b8244,2776,262144,unknown
train,884.png,20e6f4200aec495e1801585c220c8cd7fb7f52114f1de16fc618ce6ad611cfbd,c627c8c729b0b73d21a89d85ccb954aeda8fcae6027b6559917f4a53f61ab7b6,4403,262144,unknown
train,885.png,17c46fda356ad8908d80badeff2b4a9c3f7e784541d25295698490da430e73f9,afd3cbfda03b464f13a916d5b4d9c7e01fa6c43a6107c7fc3a7ccdff04756e6c,5076,262144,unknown
train,886.png,5eba8aa1e4e1004bafd75ac1415168ab31c837d415c11b8b703b8c9451760815,69340a7ba1b1421aea7a726259b48c90ca292e7f301fb90301f6cd29e4d66778,5747,262144,unknown
train,887.png,f19b78fa267644b7a7c9d84917b13b75acd38ec72d00805b448dd9cd10e2a69a,c6189f9473fdfc868dbe5f7410af6e4198f95c5d3b92c1f9dc77235fdbfe3225,5903,262144,unknown
train,888.png,c2189665aa551bf2efbaa1095f573651daf5d1669c3b372e2a7bc9f9e8429cf9,a0ade68cd522adbce41d1407f045994faae66854467a7ed4dab2f52fef620831,6027,262144,unknown
train,889.png,4b8214b80351f7a65b496035c6948eb6172a44c8a365b64a0c1a21f3baea29c5,2423664b72955f54f93f0b9ce3fd70597b36c25a806d15674c165f8ebf2a2a9d,5471,262144,unknown
train,890.png,fbb9e151f0d8d92ec18d91f9d16e271b6869e69d5503be055086f56a72cd2486,b614d1f194231735ff7d0ab1e19f5791326a9e0f281efffb304fbb7103ec9de0,5579,262144,unknown
train,891.png,acc35e29864128e1cd3b1c3db7cd8098bd36ea9a74f1cdb707e28642b0d1c800,c3f7db1be830bf934a78634f2e5869b85a9f134988518ebf38860c8c8ebf6df4,4702,262144,unknown
train,892.png,720741172d0dadd5be2bf63e3f19536780d310e89432803a5de8a024dff23b74,e0fc4e7b845700b31d03646753a70b4636749b688553719bb7cabfad67f8b59f,2695,262144,unknown
train,893.png,3c39536eef11099e3dd442dd0dea86bf7dadc75c3b0b0cdf72a0f0fbcee15ce4,f5e2c03f699ef16861ba841f9ee0cd2de9df94f2cbc83f6d8fdd629813ca090a,3594,262144,unknown
train,894.png,ee42a4adb55b1879f8dccc7df673532e58aeac35dab90debd4eb38913f5fe288,32c8d63694ac507fbde618f473c0fd27ade68ca075c41b5d923ebc3642081672,2745,262144,unknown
train,895.png,4fee18a79054cb987ddde4dbe821c48d3edf0d9fdafd7649b036af29a4c06809,c605d85bf31bc3891835ccb59f801c74ad30bb624eba5d0aae940ea517480c96,2244,262144,unknown
train,896.png,3d018dd9c15de2258945f3b5e9eee5d1f20bce2d74ddd98f956ffe3fa859998d,a1a2b22d8cd9839a6914ea6aade72a3360dc5a68c3ee08df2163807919f9583e,4838,262144,unknown
train,897.png,c0f6dd319df12e2fba1c31be453c2970e3d546fe6c1f8b497d429989c2b2490a,b9ae0e5e4e4bed47b16548d95abbcac58e42204a91392731e5ddf29be3004d07,5577,262144,unknown
train,898.png,01c3edca4797ef709e0b60757c1557cc858149ada182c7b18d90f8f87718fa02,5a6179672966cfeba9d093c1e6e580d4068823e2af846df230c0cbfd5691a09e,5385,262144,unknown
train,899.png,96cd40969ddd04de23b068d191e2de0236721a881ad6750f334f4e16b62d9ba6,9b28708266cb807a270c3e05cb136ac7ade9434f7b63ea17b62ced55f24c5add,6553,262144,unknown
train,900.png,b19f52239c96ad769e4080c3fbdb6453400370b45f1c4182e3a9e53374c6fb54,290087e060269a9d1c8dc90271736485e319da1c48ff272f538db7be35abd3c7,5732,262144,unknown
train,901.png,c2399b7ad188faa235c0a1e7f9777d1c169a7676f2bbbb2a32f83b52ce928d7e,347e383df28a79ac56040aac0df1f7aa9c9b0df24a9698ba132319cee8e0d916,5423,262144,unknown
train,902.png,43c8bf5d273d92389a28946e2acaa0670cecd2879ccc6471e55128a5647f3ca0,d0f67457b340642a38b94637c74d416229ac84d4beab57c006344c22efe77771,5217,262144,unknown
train,903.png,d7f7bc05e7e26f0ffcbc069428b9f6eea5327bcdfab8d4fb167059e65428af27,5e9f5ecb84ddad9258e95dd8ce3e9e2f877662d662addc8a8dff34b763c75cc3,4611,262144,unknown
train,904.png,b07ffe1640dc3711e68a0cd6c10c515fa3acbf11d4ee8f64cd31b8c7cf8a8ecb,31a81828306e9c176871ca93fb1999a7582e94676198256daf7af3ce781926b7,3942,262144,unknown
train,905.png,a9836a3c3925c9b470672ac8eb0957b714c7589c0b25d174fb637fe2ca62f5be,e0bdadeb14211f265987d7021053459402aee72b7799323fcf75c01d1e850da8,4700,262144,unknown
train,906.png,f86e57aae51090214cee326d2915c6ada0d7cb55465ccee02d831cb7f480eef0,0eea806f015cdb072711c875b7633cf08a0e0ca6848693fe03a50a3971ecfbeb,3538,262144,unknown
train,907.png,6da7521f659b442ac46a8590135aaaf68bea889621f0d2a13b0821e23fd44aa5,366e852b0d6dafaaabee2d2be96f9e73235540773c643efb5e397021d417748b,2161,262144,unknown
train,908.png,01b342de8867f171c6b2c6e3de0d3dc03a0e691e650b18b12f0f37b5d524337b,5c73e4965fc6ba51f50ca420be30074f7ce995750191cde0856b2aedcc2bec6c,4941,262144,unknown
train,909.png,bd5d86d503b7feff5cb1d6d6581c0f3bd0e98c526151b43c8b30e59d01f1afe9,ad33ade99123a7265c6d68e415e959273a93353faef7b7f93f0c3ddb173e21f4,5016,262144,unknown
train,910.png,ef65c1e9d6b3642d3a3bd083e63979d4bbe2bd3a028b1668e60869c5645f90ac,5a56ecc37b4ced9c1427e77d97005b45beb069ebbfb10bf95f9e2665e1d26909,4902,262144,unknown
train,911.png,5bee01459393e250d427e1a4cfae94f14e2f948dbc5d909b1ad22aba463c100f,c61b65fd92b9f5a9a7a4bee65d77e2951758a1d59716b856f384db6c9e5de7ec,6357,262144,unknown
train,912.png,66cb1a85362ef51d46bbb77ec384ed792161aaf450b102ae37a51b7995e38da6,eba78d508b2b72c13691f1241c767c78bee3ddf889ac43d5af1376a65b54c070,5368,262144,unknown
train,913.png,d60e1090a5583202c41739b656dc340baef0a10bf0424a72b87f4c4f43a60b47,3b5562ab3f0a3aff18e75035b69385420af41a82039cb5be85a7e9910054c9ad,5242,262144,unknown
train,914.png,54b6031d6ce75afaa66b3b2691d155c7911233d9dbcec2fd0815aaad6f47a609,ac25377f39e72a9c2dda3ea572b93c44fbd5fe84a4d857b420a2b590b3675ba8,4859,262144,unknown
train,915.png,4640b96edacf04b2e3b09afa9a456c4ff1492373a53cd8c314a6b5daaebf65d0,cdfa4d90c0b798168c8e64df7b9087f40cebb5076b96b899b9dd44914553a62a,4375,262144,unknown
train,916.png,e4e1e54fae67732944ac9bdeb67de05ef61b1c47abccdef98550dd81994ebc76,10db9835a3eed88da168ebc17ef4b085746ae70845b1113ca37c35dc9d540c03,2298,262144,unknown
train,917.png,dc0f620ab66958f87b3a97c0da2448173e173fc62253b3ca8cc48b408d1723ea,ec05435fbf332bb75cbb9ef890a273310f3e8adc9026f7bd4e28f9fec402efe3,4108,262144,unknown
train,918.png,95a3bb23f01a159782fc89194aacdd985c8f1a662156049f46fc59e255e569d9,4544d76601b370df10086f5e1be476888bcfab0fde3d7c89b301948fe0b8d01e,1486,262144,unknown
train,919.png,7eb352d0ee39846542bc5912b5cc9f9077d8119a164e5b69783dbb36c74dcc31,c4a269c13dce9b60805d92c389021c06ccb3a9ee179b69acdbc1b3db78d04e44,1007,262144,unknown
train,920.png,43577c4a0ef2f13bbb5a028f41f663b611f542986c125a2763faa93a5ba481b1,1ce09c64d5c15382d7ec20c616bb07a7e472a09f6e9e12d1d734e02784d809a0,4910,262144,unknown
train,921.png,44d885c0ca88ccdc1081dcb988d4a9981949c4f4607e90db41c4285f866396b6,b50472b2094617fac2000b181467ff413f3c951bd189814271252901831322d9,5101,262144,unknown
train,922.png,75e5c0ed913254cb866a0b438e01ee790cf4870523f10122dd6de38125608019,a903855cb99117433e53d291dae447d41bc2f98f84646130d6900e4362b27877,4876,262144,unknown
train,923.png,1d4d028e4eeb3c55bbc890efe8ee7fe0c33c34789563fd96fdc93f835c02eb11,fe15a1b46720e89fb7e70edbaa3bb99d958c67453bcf5e40a384fbcd89210365,6149,262144,unknown
train,924.png,dbef7e8a62a425739d4ad463cfa6fb5f9f4238f68aa8a072baa8b31091560d34,46f1d135a588c28fa7e7ebf422360b1aa4b6e97957e244f770ec068a3dfce535,5687,262144,unknown
train,925.png,3ea9886f176f3e483ab925a4fcbb09de80e0149714a83b6a2563856a901d28fd,a5b3a8d5d07d3be317eb259856aa07d17b7a63acaf469bd5626e659bba5d1919,4937,262144,unknown
train,926.png,9d7595c1a21c9df811a663c66d2e74dc6c75e386fb4cf0f39686fb466deba8c3,7898e539f33c295c98bc16e68b9282cb4c697cbd4adc09b3ae2bf7affc344b3e,4703,262144,unknown
train,927.png,8878999d544d467f3e8775e5250d192e02d808784a4c05fa34780b5a472e2f13,b61363bd3d006fb75e3787f1af7300e74cb99ca5c0c5b7dfb0632bb18f83cc64,4131,262144,unknown
train,928.png,50a5126816ad7c6f61fc726cfed9d41aa84be7fe58cd189e0821a4f0859c180c,a228192eebc2c1a1c73b2597f345bb7644f182fbc5ce7cc57ea22cf7a11092d8,2481,262144,unknown
train,929.png,f6042386b8ebea1527d4181c4965474e6cf988329f96437b5917b428560a8ced,48c46618e7702b90ff2c48ed21622780b1d2d8c1a183bb873c1d5ae04f72559f,3942,262144,unknown
train,930.png,cc8b0aef061c72b48d454b0546ec425f1962a55aea0106a46ed99177f98a5155,7235105031763e1e5ec9ce0aec14290b57e6a88448a5a5e3c40b652172b601c4,3348,262144,unknown
train,931.png,1f12a6d5f47b0704c80303a71130321f2d6762c7b4fad065284672b1d9131aa2,a5e17065108c4de733c00f6032259931460f9981a61fe0eba8245b1517646425,1203,262144,unknown
train,932.png,02478768ab7447ac039a605e8b8938be9f7afe7b3f915c024da46a7103bfd455,910f54b74183e17b588efbe8491cdd4f0ae73c858b531ab886db29da7d5480e4,4791,262144,unknown
train,933.png,0353d64dd501bc589eda3fa5172bff827f7c255417935715a15ff0ae4c1759ad,0b264b99e4bcec710c6d6968af3fdb38f41272a5844a91d78b31350a854c5d78,5023,262144,unknown
train,934.png,e849807809b75da5a16a8e60f6f63df421646373db4e6ae6d00d9ea703936153,790a220bc8636c11cbe792c1b0478f674ccca0cd51d8430d86adb74e15d22d62,4996,262144,unknown
train,935.png,95e27c95c055f84b63a2bb8d508faa7fbd0ba2f8ac4480f41ee928a1036a5d59,f4423929509b72f9b4b3d46547b105b5f0fefd35fe8457dbd98548c7496c91c1,4826,262144,unknown
train,936.png,5c9be68ae0f31d0f0cb6463f298038b796e5bde2bb151e72484e3743387bc4ac,399c0cacbc2c834b59c8f9d2b8b573285c35a409560fbe072c4b9e78acc8db0d,6112,262144,unknown
train,937.png,3166cb9067d14e37152e0e30c58200c2da29c0ace1e5f3a17272187d118a3478,c82fa17f95c92a33b282cd1f53cc8bb2af6fd9f1450f54556ecacf1763bfde39,4967,262144,unknown
train,938.png,ce10c492dbea1bc5c3b354ef2d17b95b1f7f80c9ae619c48fea41023c0ae8ce7,d0d1c4f484321179259f3241741c89f4d126a7ebfbe57cd1b343dd420b77d5ac,4878,262144,unknown
train,939.png,dde058a1b6d81d4267d5aa58e989e8a0b64fd063cb7f2402b9b9f8c8cb6f72b0,a5552087ee95fb8fad0eedb29ef02941f405e2a68df5dfc89284d0fd9835c815,4719,262144,unknown
train,940.png,6314cd71c0adbd507cef198df0d541b304c4adb002d5abc2a681a0d95c99163e,d15c49d147cf39134368dbbd7ad7f4b6cebe421755700f3511aafeeb474896c6,1784,262144,unknown
train,941.png,dc4bcb908b304c34a0a0ee1ef54f0dbc62a2489aeb1c1ecec79b015dbc4cc7fc,67a147fbbc2852f0654613132e9a4c7a7654cd6319655fef420db93cd5b7cd25,2802,262144,unknown
train,942.png,3c34186472fb1ca480afc6da3ad5388b10bb1aa56d8be7ea8c700a79aa6441de,efe049e7ed8cc03305e4ecfe47a2c4ca48b24addee7b369aad975e68b0cc15f9,5879,262144,unknown
train,943.png,0a11bb86cbe7c05fbc53342f6b77af0144ae498f414b82ddc0dcfbab3c4cb01e,d836f1ba02f0f41fc91a39e01142db284eee90fe6be3443f210f17e96cc93b34,4331,262144,unknown
train,944.png,1bfb9915b1dc8aac4977cf7223dd5732aea1d5a1a9b834ed12601db3d62b09ff,79ad51bbdd4a07ec1526cc5a4b71ab0049cd963534cd4de3ba8620a65b669783,4124,262144,unknown
train,945.png,32d8b0a16d4969d8031ca030da9b6d2715997acfaec7146f32e626637b605203,4bcbadf78945e1fe54e76ea41538f2cdd67f9e371b4d507d3ba5d6cf32c86ac0,5162,262144,unknown
train,946.png,b7f6e016c33599c13a581c9ffc1193f2231ca52bea2a69fda5acbfd412470cfe,61edf162016d2eeacef69aee6494e53ccb1d0965e274ff5ffdcfc80f02f1b35e,5506,262144,unknown
train,947.png,5397d7800cbc22f018a17048021d14dd9d9d39bf624ce9061bde704932654aeb,38da6baa8571125e1a40d6cfe7f140870698af347f7348cd160402350c1a690b,5905,262144,unknown
train,948.png,68aca47c34b3230dccd691467b4701997da7b827347e524695769f3d086defd0,f0378e643edee6c3d7b211568b7ee81193b9db6eaab7fb37fc1d602f1e2a1bc5,6741,262144,unknown
train,949.png,60973d220f23895e2905015c2e24b0e5719bc0122c149359545e052f591acc48,29c2cfca6da19960460b2889f3d3527f322e04ab034c1637d543d318c2f6ef0c,6570,262144,unknown
train,950.png,23fd0544a43117557b7064cbd3f091b070fcb0bd8781d5528367022e37fa2e5c,c380c9e92fe282312ab1bf99668b518c744af241d1677e39f806e2382ba586a0,6709,262144,unknown
train,951.png,e004bcb0089d5d2a494517895d6191c2b661fe150673918859676f9fa9b20267,bc9bad602bdc448b95cb6ea585038c898b8e84b46c21a7b4e70b5d9854dacdef,6253,262144,unknown
train,952.png,51266d8f6a6de1a1eda2737274c03f40b12b7a1c8816c284a828a6c330f38e25,6721e7e58f022a9bb2af693aa8aaa940d82bb15a8401a73475398aa985964dc5,1370,262144,unknown
train,953.png,48a384f33ca27c2b5759069a43652b135dcc8756e75c56ff65940897c2d081ae,a7d4deb686a6bfefbe14f83453754c89bfaad0598ad00ca832bbd74850c7b32d,3108,262144,unknown
train,954.png,dc65b0a50ecf1ee26038eae6c85870bcb8435cd76cb210d343c6a3d45388547d,7575f448ef31349faac908cbfe73e0287514d3018c6336d183547437f3ec5e10,2733,262144,unknown
train,955.png,65fa32504c091fd00cc7de5e71ac0b784fe8549c2bab7b89fe7854015dd49cc8,ed08237298121434aec02c7c878d663cb715365ade32177f2da6dde9e8898298,1054,262144,unknown
train,956.png,5667e1e6157af4bb0b94d0248179ed44c924f2f0094620e239249192f388c981,c582aef11137106a686481c8d6c9af0aa8b56b1e07671469c61437247f3ce155,4344,262144,unknown
train,957.png,c7ce7f648d04d17312d84baa0f59ce465b6245b6e4f3c74a2c84355636c5fb90,c8915a16800196f4a96689a277ee9a900ab4df28f4afddf64855df0d82492d62,4852,262144,unknown
train,958.png,6cb4d17656b346cdafff4b44e7bfb91a076d050ed4c4669a8020c9f257ef6e98,722338b7950744a5073b3f42b4707651fa34836359074fa2860667f7ae38f79c,4620,262144,unknown
train,959.png,92b6b5322e2139f4285e470ab79c1f17e0218617375760f9580492a8652f83c6,0eebbffe2e48cb2b3e07381d43e2dcdf763c26ebe852153606db0fa64bed2eb6,5652,262144,unknown
train,960.png,77d0ad8a86826907e1d6f89d27815da399886bb0eeb9af07d7fec00b0fca012b,6226e1d8397d84a081a45d20135bc35d5569fd105212b4e2979a2ac8791fd86a,4816,262144,unknown
train,961.png,75e096141a389108d9def55e8f696e9c54c237380bf4663f5d66426d31da9332,59f9e6861ff9676bc10b3606185d5068b8df046fbfe7c459a9952cba137a35eb,4951,262144,unknown
train,962.png,56d27857f5bd8d46bd167d44e9805cf22427cf15177473098f4fee08389ef548,b6ee0348ff109ea38987dc843e17a402ecafcde456b73a5e91bf5ad25cfe5a62,4953,262144,unknown
train,963.png,8c5802b4ef607284ced42fa746d1f17ee8c9d9be98e66782c8908a4e2304e812,9674f7c83ebdf28692d3860b8f4cbf69f75af7b3c91d2a1bc232204f87e09eca,3977,262144,unknown
train,964.png,c6877f8c746b83002493f3e0ad780657431c43ae7203c312ac91cdcdcbc2b79d,f8e6d187190dee7220a6cf1e002ab8fc9619af473a761f35f164568b1d355441,3771,262144,unknown
train,965.png,cd3f7fd7a1f3ce894c72c386fecd87d9727e1c3d367b67f635d17b318bc5b5fa,e59e6304569a0c199adb216c51dd268d7c1579bdc77929e364e1c75f46a6d5e3,4551,262144,unknown
train,966.png,d9b0e78a32c6cd9fc308167402ebcabc3f37f8b5258d93d8a30d1e3899232358,15f30d162380d7fad2ac4a186f9d29e78dcfaef19c8df38ce2c1b4e969b8ad0f,2789,262144,unknown
train,967.png,20b6241342826a2a61527da940ba2a00dca911614fcbdb88bfd24f2e606afb07,1a15625ee144fa345bd4dd91fae7a0da868b4520767043e560ea6413e08292fe,1213,262144,unknown
train,968.png,d528cd02c14edbf4c04628629fb52f94088004c2bdecc9b87219fd3f0da0cccd,bf86090cb54bbf29cda724bac60e9df53552888e939de92aead47bb6f796868b,5195,262144,unknown
train,969.png,62f44d65254a79128fbffecbadf7463fef05d3fa451b2fbb826ef2a59dcef879,186451ace027edf43b23ca14d65f6e7c5b85f07009ba5dd9bf2fd001298a21a4,5057,262144,unknown
train,970.png,34378c57f45efb09814fb90097efe5b745aeb69aae15ee173216658374f5c869,65b6d17afad006e327c1ef127ae1846534f5b17f2d8e9190f5fd472d4c524077,5094,262144,unknown
train,971.png,ac00c551a8c9513aec0266169e135345bde038f10c3d26e3f1e7d25358e082bb,ac81d3aeea77104d6f39772eb03bc8e67cb87ea162ccf3daba2c138070e687bd,5863,262144,unknown
train,972.png,0afa34bca3c292ac31cce50a85cc553317d6e372565760dd28e27ca1749005c7,fee22bad9fe008cf8468bcd6058014ea6ccef033adb3f0bfaa801c2f4789f625,5298,262144,unknown
train,973.png,92bd977761a65dee8364661cb185c934696d8ef436fb080d8ae34201b667266e,44cf4877f178617ee301993f81092fe68f07b611a6e9c8973ba9e7bb62067d88,4728,262144,unknown
train,974.png,46b993b39a774486fac8fee920f4071a7a252d6fb8210aa54273897364d091ce,e143d6525cff06e26ba38da48c523f8f7745841a1c1e8873dacfcec4acb89ae8,4636,262144,unknown
train,975.png,c9291fe60d9a236a4c8964db92660767eedc0587c37ad00c987bdf08b27a23b0,0876100f492e6bb3a0438065a6f63836d7271c210722030229b5b445700982d8,3733,262144,unknown
train,976.png,48c46117db53f162fbc7faa5e82f9d201f0991d1bca2ca72c60475fcf5e91a36,b52c6bf9187e880bcadb47f692f40418464ee64167b0e2c09b93fe50fb936b52,1305,262144,unknown
train,977.png,f96612f7dccc3366a9cf735fa4905b5ff76cd61de985929d3b0a5db2c4c72c26,2dc38dd817c68422120aacd3f6dfbc93e2bd4c25d5469f7e5be42005a1b484a7,3163,262144,unknown
train,978.png,31ba305df1cf6680b830c6419514be77a9ee4424dabab37fafdfd91d8d122b5d,f56a343879d9dfdb62a84a35bfd27b498806a419e12a626af548c309534c1d07,6703,262144,unknown
train,979.png,abf6b5974abc292177f541786164aba25544348534ae022b2d4163f209f7ff90,e7295e2ecbe6e8368d3a13e896ff55ace8741b9ab5a3e5bc24d243bac4fcb653,5534,262144,unknown
train,980.png,f8d652ec01fcdfe7f1ade864c433a898dcbc51a9d53a153817a747d77edcb27f,e2e48a2529799668b953b6bab12614000d915288bd07bd056bffb50c599272bb,2349,262144,unknown
train,981.png,b3cbd0b5e91169bca1a3ad9832220d19385ba509b533896cc6f77e43e912dc37,2e9f591ad72949bef29aef4d8861a40fc18b49f3cc78081a8f0e22636e666c0d,1498,262144,unknown
train,982.png,5cc9d340f0cf687251d20aea356f8fa9443132147181436e74cc430a34ddcca0,85ab3d4b0d58cb73476a4238ad1f9a83b0784a694478d309dfa0cf90dba67e29,1347,262144,unknown
train,983.png,545ca6786e37c8fb9c6da7feeafd3d684ba55a7eeb95d50e96bd91a3c6ebdae7,1a2b7d2e23c3f89b4559f0f26a80c0ce300af471e28396d10b08c737724755db,4027,262144,unknown
train,984.png,7a3813f8899e68db690f1253db4a25683d83b69ebc7fc752b78c8e6fa75c4400,13dd12b6fae7d32f9c0547373197687449b45cbc8a928d731e5087467e9661fe,5311,262144,unknown
train,985.png,aa4abd3428fea93181777edfb8da9bdd95b6adfa58b54f91914923ebc50a318b,2b3744753da06eeb94d52b1c9f621937c833b34792d1bf05f55022439cecb31f,5849,262144,unknown
train,986.png,6247a51c2c3e0acac45f4818eccc43cbfbc79aa7abcbc65b27454a9f2236ac21,16cce4fc350d1e92c4fcbf66403c9f8f3ec5ca1786b1d6ca68dbd55d60a6c4dd,6895,262144,unknown
train,987.png,94276391cb037f16b84d91197ef071d37229f08d9eed69c6115c337d87fd3327,2ed4b699ab60d4e0b5025867865a5cb8aa31b4b9ee24013abba1d1731df0634f,7799,262144,unknown
train,988.png,1658f8b2c90f2db234ee1f1233d7818ae288bacd1f3ddc67070c74b29595d9ef,e7f35c69d7fe0f1be21ed9ea09188f9fcd43802da32efcab3ef71bc7b3cf8af2,7139,262144,unknown
train,989.png,15c3f7f27c775d0f62f929109d54818d8c8887537616e0e2edc5a6ae8bf62b38,2ae1454c8dcf37754b540cd36c3277607dfdaaf68b76c9b492f801d01c55102c,6716,262144,unknown
train,990.png,5ec0fbfcc2ce115fc12b3b312351d1d359a5b769dfb04c3166aedb977b11820e,075eca9fd9a7b9f9ca1b4a3ce4bcc643a09fd9933aa0e699a411d78a604fb95a,6984,262144,unknown
train,991.png,d9c4f045e6e9dadf774370b7d20d72b49fe095c63e81b50ea3c1fa4ce24cd2b9,ee2a3da0f1571498394e6f6f0dffcccd8754b4fc9eadf2532b1f21de7570b488,1984,262144,unknown
train,992.png,fbffdc16e8969a0693e3f1d8c9668380088b29d28e16291bf5506fffee971723,5381d4832a481686ed0c99efae75bd39a4db1a00e1216ef691f81dafc3393a7f,3854,262144,unknown
train,993.png,d9c5e4ec1e8fb9e77058e6e3813b148cdbdefe27864bf65569b019fb3b24b49f,07931021a1cdfc06c4af32a9fa9872999991d5fa3d8e944472aedee4d3450629,3304,262144,unknown
train,994.png,864f84c76e4b701170b90215be6a98db7b811cefb6055faed7614e812d496396,72e7dd9a97d58e22e17a3237eba290c89ce06f07e1e1671e25364f994ff88f07,1255,262144,unknown
train,995.png,ced1eade9926ba8318295f150a91a5e578ea72a9b7ea93767b7e21985ccb848b,5b6bb00a8d8e011bf5453914d970b073b407aa9fbd0d60ef8a7fc0afe39facd8,4710,262144,unknown
train,996.png,aabf47e07ccb4ee1a3096378b4fb3edbe652f742b12ac8e63f444576691e3516,187f0ad9c1fd9c5fc67a7bb317cb6c4f91224a94be65310f81745ad009275527,5098,262144,unknown
train,997.png,89949423c73021a360732936ed3993f582fa68a844d51efd6143dc1c8d266ee4,46fb2025bc58c933aa1ee6e69ebe46932a33c633a6ddccd163ae226ae01da290,4915,262144,unknown
train,998.png,d73152f2f995424b509620770fadde2297523e57b6827ae9ff0d8932d0d20959,ffe0eba7a4be5797e37f0dfe35d7ae2af4f4803e82dec583724245b639a44ba8,6342,262144,unknown
train,999.png,8ef19384a1a1d6d2a63a6d3777704114de249d1264da1f2926d8c9bb4afb6267,2f152291fd2e1f0346ac7bf0e8f5f1caffa2734a065bae82aa8673b9e2e42285,5996,262144,unknown
train,1000.png,66cf449b4e13a853a8e4d3103ae213d27c06a701316b28db4eb88f1d69b1b911,48c619f5a580b7bdfedb801c79efbc8a99d784329c627c3a363242da0fbb0e3a,5010,262144,unknown
train,1001.png,a764d0e56496bf4afba6b47f0bd6b8156e91a9079eac9580f19a97245b08df40,99e3121f87cca1d61274dacd00a6523122fff505df7c0a4ff18b886b7638dba3,4671,262144,unknown
train,1002.png,7a3cca24b77f6b6501f046f684260b69c2e52b6d5194f252b9f22e2de1173da2,75c461b79248571c2f25b9ddb8fb81d75943c0a0cc4b111897c586b94742f234,4209,262144,unknown
train,1003.png,b3f1e4c65564e09cd5c64fef21c252e135ebcca40c7d04b70399f003a1030ceb,d4e78992aa4daf1881035508a2ef777566ea79a60519740d375531c7f70e82a3,3058,262144,unknown
train,1004.png,3fbe17421b5077a48e448b1df181b8347c8a84d45659b65d0ff84ee06b21784d,a92bf09e07be52b2fc1e7ac02969e976d99cb4139cebeb1626619f04c280f0e4,4046,262144,unknown
train,1005.png,ed100cec0e6e162783d7416e207d3aa95555044869ee0afc78163ceb72c40483,d81786a440a2904a8c4fdcf96c2c4e912c8834b75566b37a84f78c2f462464c1,2858,262144,unknown
train,1006.png,4a60cb0bf3298cf84d4d1891a10bb4d0f652723cbd091bd23e7d784d8e7c330f,9dd6ad9275e8ff6bf4ee189603c1f3281f99c7227f5cc082be3c39df3d54b076,1299,262144,unknown
train,1007.png,e9a78e6888e705771be6fd4cc79834fbd912d6236c933673dd7db1480a3a96c6,e27c313632ca502b36096561ba96c9f3eb24209c579bccf2fe740461ce150f2a,4614,262144,unknown
train,1008.png,129769e7cc9d8f0ecec606fe78909ec5bd05bbdb3ae96489ba54cbd0e5d8fa2c,32cd023693d40ae678347279b2b3a2f06f9289752e0b8b70a2c3bf33bc706c42,4683,262144,unknown
train,1009.png,0d72b1014d1640a2971464aa96db53a246878e1be7c37b43f382730c3925eef6,a75916f816135d8a2a7f09384b05e2633c58555245aa4111fd78fdd79f25d4cc,5708,262144,unknown
train,1010.png,694d75de46a02f5fa70022e219a3014872aacc7bc8345e37ffb14ef894e1f1ee,562b6a4f12ef18bc8f9acc13bf657872e97a4fa33db2ceffac3c6636bd910e87,5520,262144,unknown
train,1011.png,d2a6aa48c9d308fbcde6a27b0434b2641a4c8da202dd7e5392f0b3ada2ab9f2f,44151e5fc8d4b190506cb7a8bfc64dd3933097832aaf57327cd466cc23edbefa,5150,262144,unknown
train,1012.png,bb1cae3039924eb1466692ebd3980c24198e06815ca1c3ed868112cd47620d14,2b95e1e2b2dde8849c99881547cdba513c57e8600dbd72fabb39a400cac6d500,5073,262144,unknown
train,1013.png,fd575359736523b3b7d852f51cac8d971249063dfda5cad94a000e0db4d2df02,2ae654238651f3e43dfc9452637ed8cbecdbfa1a493b64c131be7fbf73ff4c1c,4778,262144,unknown
train,1014.png,7b2bdb489f4b9c96dad8616ec8cbd6df4f4d9ed3ffdecafb6408883113ca1c8e,7f89137c0e581682662c91b3ac79de14df7d11e99b19896ad19da26be488bcdc,3913,262144,unknown
train,1015.png,361312de5f77b320c17709ef2b3a617cee3d5e7a485c4f12a93b593300dd8758,bd37c70dfee16e1ea368f6dceedd2e3383d1d55a4deadb1dbedf0cd848fdc161,1385,262144,unknown
train,1016.png,ede9ef148149b15298ea51be784a838f4c5298c881f640b8196b8e239a6c4303,1e9d3ec5006911852c6fe53710cf54a930375d38ba100d9c92ff6b8dc7cb6535,2508,262144,unknown
train,1017.png,96255023887f01e2a298736e69586ca159ac42ed335418f2ee84288690069009,f3ecead8d6bfc094816b36aa62edefe905155ff036169c0a9d473004e5dfdf78,3581,262144,unknown
train,1018.png,c84d30feb3f51b72d6f1cb9c618a47c4d73c92849615b8d4126f2ebfdbdbee93,f4e4faf074fd2c884c2f25830cddf3ab733aeaad12f4f53fd24efc703dd8f18f,1182,262144,unknown
train,1019.png,fcad28057badbcdee15c8dc81daafd1d00a14aa6d059cad916d9f450ddc2d0ef,fb8d962ced0b9f25b9ec314f06fdea61e39aec57cfa456d14fe849c145289c56,3868,262144,unknown
train,1020.png,7da2a386f94d009dd99b964dfda12b946a15eaee9916596caec7df7caded8787,5687a21e254a6e20411466b4d3193ca47e6ca321d7b7722386340dff69b7d4ff,4259,262144,unknown
train,1021.png,03e973cc2355d60f3e9d9b705d6e764fb8a59c141e095084abef2c5f547f6fca,8206e6b161f7aa2faf2cc70b96866450682dfb22497aa4e99bff8729fcb6fafa,4193,262144,unknown
train,1022.png,9e354cb4d1ffd1496a6660393b25388cea93a31e2960bdeba7dc380adbb53662,b5e301b2c5ec02df7f92497ef9687d2ec9f204b5e7989419bcbb012258bd4f5f,4231,262144,unknown
train,1023.png,52712f2fe4b42759423ad88bf678acbf915f6c28d18fb80e9df13f1a32f9a22f,8bd84c216b63822c0c6708ab9499ada5bd25aa6b6759171f843525055a954d11,5365,262144,unknown
train,1024.png,039b3a34c8196f1d411a958aaa112a77996934ccd8c9dd0230c1057faa180147,27a06d8ea50a2a3c852fdc0c1535c558359eff85e30e464be7314e356cd7ec2d,4292,262144,unknown
train,1025.png,3b7ae5f2ad5ab5efc9d67348d19b042cbb7682002c615b41ac04b051a1ada23a,e8b3b246b1f565f9efe2743541a7ebc0f5d306a2ca10a6fcd72eb52e5c91eebb,4402,262144,unknown
train,1026.png,8bcec30a5015f2e2b27afb720340068f626739060703789b0b929af939937365,a61de60e6158d9e30a9a7d4a5b2e85054db5409285d694c0e27c2724178eab42,4148,262144,unknown
train,1027.png,4ea6809f534392362acfd53cd100dadccfc4d98b9778492160c321b6a96c7dbb,0cdac2c31975b5a4f61d91514975bbd00a1a2897e523204253f5655cfaa9a73c,1203,262144,unknown
train,1028.png,d01e8df5e739e358474475a7c0d673376b817700701fde1b95e189aa81ab8c4f,f94af6e8de442ffcf9b16c4c35df4605a0a7146e44268934c43b27f0dd7f92dd,2171,262144,unknown
train,1029.png,7d8956d84bc594bdc53b9451982e510984a91e99aeab8cd46902844f87da4cd7,5f9b2dd17f35f885e2f10c8877b3ce02138dab88c5dce206a939ba72525f0d2b,1220,262144,unknown
train,1030.png,965d5ccc575cc2538edf2e36f411668986acdb5f7cf71b9f3cd6cdb5e41ae495,07c8287ef16667d69efc5d05e7cf4d14094508cf31817d5e597cddb2492f7df9,934,262144,unknown
train,1031.png,1650b5c884dd0d7e08b92c079cd44fa1b37edabaa32f6ac0924a6cfa6047441a,253e9b172e29865845fafad9f584784f924e4e1b3f06f29d44d29129320079b1,3647,262144,unknown
train,1032.png,8d46e432095c7534ba11710ce9bb1a09d29e217913fb54879d8084e50c051d90,1fee6b463e38ae0db7c2370cbfda63227c93b808c76b95d236614d301237dade,4806,262144,unknown
train,1033.png,3c26ec795f259a503de870391153fabb567c80b5cf05f2d0a0e80e1da363eb45,7d7c191a9e094c5e0ac5b6c730d877ccabb10444142dfe6bc4b95c18bd217c38,5529,262144,unknown
train,1034.png,e9973bedd8a86e038e73f199f11c9137ae98653703d1850e93668e83a0343f0f,6c8750070916eaa76c1b29d908002794230c02e151b50b89d316c99e306a001c,5711,262144,unknown
train,1035.png,02a277d0a1cf38523ee01d80efde576e0baacf2d38ea750fae8b803a8f81ea48,995e1ff8e3485a73c49cfef846a38af5d811cdc280a4ef40b34ef90e3b3d2312,5648,262144,unknown
train,1036.png,b6224cb0c29404e730784d77a982d77d6e71130fb444489323a042055d08f73d,0be8a21427aa34892fe4ea05283cd934fc8ec6364f6a3c816ce50407fe81e51a,5417,262144,unknown
train,1037.png,2862a85081273cf5dbd132c143bf388dd868923cb51d0165059cb3f37f3d2c08,ceeab1df4d40f5bcd4f793685d222e1d395fcf1c5937ff68e9a404dba7994c8a,4864,262144,unknown
train,1038.png,db8787e690c34de0f38a46f66715e6fa090473e6d6e80f1037e98444a19bebd5,4116782a934c99377a2538b28dfd870ca42c6e9536a77a64e3a3c7b8c405afd3,4039,262144,unknown
train,1039.png,9ef1ae91385184a6c02b7f4a7035b4dc7b9be4e23cafa09655f24967f32c5c92,3e1755b028ea7a34d0ce35fdb7b06f2387b4ccd83046efc01b9486a9ac6da12e,2507,262144,unknown
train,1040.png,6aa19b1bd6d7963adc88cb5497188f58510c6be11a602c57ff6470d0dc88d9aa,78f85ff74cb4e4e254d243416f07c1c4f2bb9b72432ce438b8a70260caf351c5,4568,262144,unknown
train,1041.png,a855090b686856b8e03efd16ee14ac38d03c165fdc552babdd10676572d5e20c,f4c3525dde6ae02d3f07764fb4ce5614cf6922f612c29fdaa9ed15298d816bbc,3166,262144,unknown
train,1042.png,2659488f5d1f5c5371f6a05e0d81a9567eef6bf84830dad23810ae90b3d1d0ad,1ed13c892337e29e5ed35c88e84d986442bf85dbc00740e042e41873f621a558,2651,262144,unknown
train,1043.png,e61b87c3505ecd58f35bd8fee74a158fdeaa79e4d64aee1b07bee3f55ad68faa,15ab93fb164a85303dd3f2dba67760fd15ea34d211acfd99622bd4d655878b72,5130,262144,unknown
train,1044.png,09f8ec1b3c0f24a1718e716dc9f010e4993f064db0aef7fbe7e26a7929a40dc0,d15d380ccf78c7a506bc02e99ea1ab8a79e2c25d3d6c54913150d3bc0be14353,5060,262144,unknown
train,1045.png,6312ae4ef316d415a2970469d460ef8315e269b01a7ab076a289db67acd00aff,f50845f379c6a26cdac400e842d6f398f033e9120e4751befcc2655072d07955,4983,262144,unknown
train,1046.png,3261aa75858e4bd80723f8db4c69da535bb594c815ffcc0e377f4f0eaf64efe3,9e508ab80db0d9bcf5ffcf45429819be8b8603ecfaafc6cc9a09b9f1acd993cc,6171,262144,unknown
train,1047.png,ee840d2d94396a23da65ff8c6ad56609a954a0f8d0c893bc48570ea2fdc76b29,c7330c88f4c9bd31b595221705f4f64b28a926883ed8c4baa0d04ee3ec291ff8,6446,262144,unknown
train,1048.png,9f55defa9be5be78f59b523cd75bcba4dd603b991f38a59bc1f9e6bbd833ce1e,00dfc09a8dccc4f6ea880e2c8a05ae92f5613b9b38f2819382420ca1020cc43c,5400,262144,unknown
train,1049.png,4e64cc32a94763b4af728d3ea4409242b83448c0940fada6420c1fddd637c2ec,3ea4c963e22f3efac5392655aa3716fc0fef3df2561ecac248648df1f68d09b0,5576,262144,unknown
train,1050.png,1f16c377fda9029844be706cf2a3e38d800f3ae8ec64bb4f104928a84a6b941e,f073b0443147430487c71c8333c079e5b7e759b7d02cb31819458b870d716959,4968,262144,unknown
train,1051.png,f1ca435e6450304d0aa5661120bc520ad2174d7ea99feee0a5375d828329ee68,b2fbfd06bc1ba63efb59a7f354db0fc07e9889efe7717becba6d86f1094eeb9a,1185,262144,unknown
train,1052.png,5123f0bba93520ffef05017cea6c4bae025d72eed46fb78601adb2cc466c45e4,f23b0983c7f66b86baca05cba411a9882c1f255fc435e002487db65b29ac3abb,2122,262144,unknown
train,1053.png,d7db29e7bb4f9f386ece2385bd6e0b981108c94bb5b52e0ca5d119254fdf0ff2,9ba262627b648fdf038cb1d0dce89e439cc90bb58502ac24ca391828576abed0,4704,262144,unknown
train,1054.png,0d33c097062f66c9a335874179a79532b66f055480b1fb2080d87c39fd746609,01a44ce84b4f6779e4d17b48eddbfac556c8175f11c5af3494f90bdb31b10ff9,3726,262144,unknown
train,1055.png,cdf419890e6ab97e03dace916487c542694d20ecc946db97588c1986163b4ac9,91c70368b350d7e4cd858e22df249fa680393bb99e18af6dccb613708e7c147b,2764,262144,unknown
train,1056.png,011935a4a5706ab9dcc90b8174858a5acdb612afec792af439cc8da96765060b,3838b4aa47691476bd98bb62b472843b76dd6ca9e0917cd5b0088ec447085f88,1830,262144,unknown
train,1057.png,e5c6dd4e9f1958407528421f2bd61afd0b57ce704005cb44af693f5c128d215c,5f63c224874eb3b9f1ec0f3b7fb4bb4dfc61fd626b0225f7548fd4c34772255b,762,262144,unknown
train,1058.png,632082363c5ea207a4e0990b4549f9f768f93577cbfb8605a4eaa9d64ed34d3f,247e66b58a4ca1bdfe19acbc7cb5dfc180d3009f5a79f786f159f91d5bd0fffc,4034,262144,unknown
train,1059.png,b44e17b665c4e5dbb613988443686b5e9cf3de265ccf0b7751c095e3a3809957,7d1984448b7ed38cab93b5916fe8f6ead51553b4b46a1adc0f1a28fbfe6a8ff6,4892,262144,unknown
train,1060.png,f1798df288ede817ee9d474146542b4002a9f1302816b8085b3c416b19284de3,a686b096a8d6ea008ce5e6215e7364003739ed5d83b47433c08c43105d3059a7,5255,262144,unknown
train,1061.png,f5bd97d9019c2645a569f81cbc13f4666b112338757da0bd41b776a48b00e6f7,52ce02a958b6841c9e55bfcaaecec02c29edb63d258a8c923fa3a9e2d8c8d322,5429,262144,unknown
train,1062.png,01778911936479db1214260259fa3ac2ab1828cfe59a52245738805176e8cf14,dd16b0ec6c8d614ce59b1409c65e30b7807003ad9c6998783cd366463d0211eb,6165,262144,unknown
train,1063.png,938054abc1d03a1b229aef87fc8538343c170a6a11da09fe9cafd744505dc1b4,608dac5fdaae2cf31658a898f124cdcf7df56b969b7e932ab267d09a5b9e5bc1,6310,262144,unknown
train,1064.png,eeb15bca4e24a5ada24419784c0648efe6bca9e4f80b3faa0960f234507a9320,9df16628fc86b5dbe01306b2980553a39b1d3c80019c0161e653fd1a04778066,5592,262144,unknown
train,1065.png,9755caf38257b06b9285f1baecf22ca4ed89461707f70caa5c4c083bd453dc89,4b614ed916447b47b7a41a68ffdad6e2a0bbc6a2a1a13cec2933848ba4ad0562,4959,262144,unknown
train,1066.png,d9cc4226eeb627b6ad5abaa9037aa747e215ae46de2761efe9cc59ae2bb69cef,7f0e52f4dea9bf62c1edb83cf7bc27694d7a3ddf7bf2d22750a9ae09de9bf97e,1917,262144,unknown
train,1067.png,e7159a1528995e55e73ad1e1d904bb90a03de27e6b1e2139a7f81d0e02746524,4e2bdbd512c1f0f6a0c9870d2174162f803600d79e430038ac50bf51a04ecce9,3157,262144,unknown
train,1068.png,6d96708fe7183ef5623356366836a67fe44f44dd15b8c0cbf876a929590873a9,b1df0ab0e174a3e97a4dddc2d08bf7711422843567a0bae2dfe94b5a3524dd84,2640,262144,unknown
train,1069.png,442a714d0092fb872acddbe4b88d0cf6cbb8d4e94766efce9aaa395504c46f5a,614cec7296a3aa1687cfbd21eeef4c890722538fd1fcfb869234d9ea3edc2ce2,1614,262144,unknown
train,1070.png,fa36117f91a10be8ce9acda3ec599194103d915812caa68754e18cb2689609a2,665ad63282de00d7e5be363988f760f0807e467074edd9f147c628979bde68d7,4838,262144,unknown
train,1071.png,ce0e4a62520080140ece6eecdfdf765aef50c7c456550164607b2e6dea3591e9,a98bd58c7444f187ff4b49b16f00aa73b4640df5e354e3667c345f24199368b9,5665,262144,unknown
train,1072.png,f8fb150c949a449ccca91eb04323592b31123fec5ec6ace7ba9da7ca12879129,e7671223121f94dcd48a0909853ae0113766374a16c28c034eb00e2d0a2c08df,6558,262144,unknown
train,1073.png,ce680520bc71219d989fa8815ee427157fb0ba0dea51969acf3ac88a86ce0b75,ff388a0ce14badd0c34db4b1d82348904af2bec6168417c8cae595951816a648,6273,262144,unknown
train,1074.png,3751950db332cc0bcda39bce21423f876430625105563a3acd14d430f5da6255,e31247406669d42baa37a33e51fd328eb542ff1a5b793765f41c248584ac60d9,5911,262144,unknown
train,1075.png,3485a87cf07e9caecf5f7ac0cd25ccb9803a06df7f7fa70c2226f2fc38434c4b,03b181f6c706e6dede493a5d3174f52c729b7a80b3b71268790cf772186f9672,5431,262144,unknown
train,1076.png,1d02c4faad6a7970af2df9c29caee4873b43e3775092129b560ecaa2b70f239f,659c5849db698b1268457855b056d8161c111dda861b504cbd073e8fde7d4aec,4904,262144,unknown
train,1077.png,8134e62f6b97c98bd34b7cf14c026163c35ec3f34b12e6a02d9744e64fcb152b,df626643f159c738a7913df385f30b59338bca9ceef823488ac375e7b99aa0bd,3860,262144,unknown
train,1078.png,aa496d40d7982ac52d6d34dc682133f9bf4632a963a5e60d0c48923d6b99fb88,0131785dd282f21c1e321ba6ffbe07abcf4a2e82218828b252dba864a97d512e,1634,262144,unknown
train,1079.png,6e00c71dca61f35d2a7e8415e14a1c918e9a56a7eeae569b5f218783558a8391,091b4d0555474e80247ba7da0b4d6ac047e42ff83fa4d55a26498c94982eb5a6,3111,262144,unknown
train,1080.png,e347f5b4993a2762b1ad8a2316ee36410794487500dcff68d9ae58c800407bf0,b9c1098c0578f12279d05be93d1a1ef9402f2e992aa8ef8dcc49ded727a1bd1e,2868,262144,unknown
train,1081.png,a918448425b143bedbcf553a2569ee16487a8d9d7996436bcc80a81fe613e11f,1342f6d8dfc6fd9b4f5d9c9ab20ed7f284593e7af9053ff34e7a8d119504a6b1,1033,262144,unknown
train,1082.png,b8419f787089fb382089f464bbe560702748dba079f3bec16850215748f03cd8,01f6f17a7e533710c400da79c4eff4a77d4c8f63d82cdba19f3272de03c03e30,4472,262144,unknown
train,1083.png,a27d93ece59bd9174ef50798a1f9082896e99523a3e7490e631c2af8eec0b69e,20315d75e0e686f0c438e96b9b97b08c0f73dfad38662827416eaa75fab9f5fa,4992,262144,unknown
train,1084.png,ca5adbd1d13f2ee50183b6fa981b0b308aa992e141fc98a565f7036df5006f98,562d9235c748b0845c1240de31db84c1bb590a28ea176293ba80b4a29d8e337d,5204,262144,unknown
train,1085.png,8319c1b5e459deec5e86e61b9a97a828684f824789464c40c66eeb6dd27d9284,145d1465260ea7becf8a5833f86bd284dfe0cceb442fed2d8e854a385d174530,6101,262144,unknown
train,1086.png,d3fce2d45162a331301b43ec32ff867cb2fbaca1eb630d7445840842db652a11,42c8f7335a112c26656c88b0fea52bbcb4aab788865bf1af476efe4c958f9eb9,5640,262144,unknown
train,1087.png,e12fd1d421a0c1c240c6686d4c411d3af9500ce1272c238136544ee40787da24,65e05e98346026997bdc795c68e32638d5140e02ae6045d649830e1ad1583e6a,4787,262144,unknown
train,1088.png,bc136a6477a5547e6c61f748ddf71f6da3de0b16445086027c4dfac9068b268d,f7aaa4dd8dc251cda4b6433545f4ecc7a29dbc5f1a6d866aa93f6d08082b213b,4857,262144,unknown
train,1089.png,7594d96e455365a7969f1f4b8dc70795a845ea148d131bb1026cbb423e814ba6,9e9ee8126af74a34b36bd074109169b99f72a43fad08aa282764d8d814ec347b,4140,262144,unknown
train,1090.png,188652e2351f1ff8965e17c72830ce86943093aad62d7c12d825968065dc1a2c,0646336f7d96b7d28dc59ac878e222e7f53d212013f243fc28b51b39e57798ca,2257,262144,unknown
train,1091.png,0e5d2f88addf9775a2b24b7df18cbfd3fe875e7f9d52eb717c14719949297aeb,16582f7e1110aa4be2902d61fec364d59e6f88fa4d28a4b6ecbb562e9e1030c0,3682,262144,unknown
train,1092.png,34633f95bae858f97c0efd20bfb4703e749f9b5b437e9accae01d49182967f92,abe4993edd4bde4e77e440d78b533a2251e196a18f254c96849066aba25c59ba,2477,262144,unknown
train,1093.png,d39764e88480f4e9ebbd87deabef218209fcc2748c2cfbb750e61fa3f39245a5,2dac655705a9c8a513b1492ec7e9d030e66b42e4ec83b6a9af0beaadb8d564ab,1544,262144,unknown
train,1094.png,359f7bdb79da87ed13b876287e329958ef95f6a3ea08f8a2881c3908bae678be,430eae43948e169f33e75f69a976c2bce0974f4c9939d15168176eec5973f75d,4800,262144,unknown
train,1095.png,7718e443d5b0a89fe608a72a7c27b9673acb8acb5ad7120d60b4e5303d39b8dc,9ea4ddffb0288d7ae795e224ae61e816823bbf6fb54dc961b035ab212cf1b5fa,5608,262144,unknown
train,1096.png,9fa061f5c64de7298769e52f4fcc6c136fde0a1f8fe22939d227eefc88b4e34c,f670077725a2868730b604df8496115bf73ea571e1ab4f5aba7d7529c837c548,6278,262144,unknown
train,1097.png,3425ce4fa1dc4bcf925ca5340cb18a68824996da36edebcf46a9d6d48c86a0a5,d92804d935ff730db50314eaa25e024ddc90b4673acf5753e8412ca0d226d140,6097,262144,unknown
train,1098.png,1d4960852bbe799fd1c51f91c2dd1a3747bc354b33849d32fcd74229f44a3b81,f31a6153610e63585de6af4475430ac5db640ba0a3c320ffa035a64fa6cab2d5,5976,262144,unknown
train,1099.png,b144adf30940a350040e8a9bcefde887a199a978da6eb8e1df707231d3b6cfcf,73927062e166adddaf4cfa739140835ea9f9c290faa0000867a4cd98de48c00d,5175,262144,unknown
train,1100.png,05608c23fb19247055019fd63a81f9040160d9969bddb7ebd07104085e197cb9,de48197378189433950707d527da98cf833004f0f06fbc7a565272a1412936f9,5559,262144,unknown
train,1101.png,b38b0801b57a95bc7084aadf0b914670931abdd56281cf28261c830cb99d0bf4,b633704c4cffdec1dea6925df8080df1ab6455b3c55c1fc6913db4c992bb40d2,4623,262144,unknown
train,1102.png,415592f6b3fe499cbafa8da8e5f03b12bf7805a09715f301765cdd8174b5a32f,b0ea2e205769c918ebda0a8d08c847357cf893243e902930757328cdeaa16c89,2633,262144,unknown
train,1103.png,0e2c30834980df808abab2dae92edc9dc3b8965bc54671f39d6c0bb64d986d23,e4079ac70b2eb4ed467dda32b69d6c45e895aaea235407a3c33d87dfa6b9745e,4470,262144,unknown
train,1104.png,32f646de723c14b957cd339b3aff0be4a3eb7657681263ae95975b5da2468a92,5e4bc00e344c7cd8f88169219bf203cf8906f46d0ab3785abc10e6b1f1659cb4,3924,262144,unknown
train,1105.png,0b4a7dfe21c2d7a7045e57f784f0aea9465a867c348568b2350073dd1190c666,8cea12723d724804ab4d57fe9939cee18dda47d85d817d8c0f24f05023b8d8c8,2689,262144,unknown
train,1106.png,c2f279687348ef462ec12751d242640108bfd48dcea766e0bb1e38b06f3de932,943accda5787efd767ea95b59c0a989394931a6d83e78f2c5a7332ea9c47e0b2,4875,262144,unknown
train,1107.png,3ae7e4035f6fa388ce6bd695061404a38daf00d910406852180a24feac24c1f0,422e1cbd5afb3106f73d13a05ce201f92857163123bfff20c3da43c5d2c0a7c2,5607,262144,unknown
train,1108.png,5637303aeb8caf11b91d53412de2a971dc9ee025998f955c3fcc7c426c9df38c,41c75e8b34bb2e84f62c84ad1b43f686ca3973f248e097debcf9bcb43ebc10ac,5802,262144,unknown
train,1109.png,d222f4a798cc4d02d0eeb5375a6524e80d233cd077d80d61be8c465f59d27e0e,ad9f7f64167a7fe34e7b10f6314ad78677cabc4cb063b394056e63115dff7949,5996,262144,unknown
train,1110.png,f6fc862c4cf194d8be09abf18592a1b351626c6d56ca447009da3a4a9ff4cac3,75287436b1e4b35eea903fbd124e9ea118fdd4852c07bd62d57637a6dbc03c62,5847,262144,unknown
train,1111.png,3a25d0dc6606b20f5b1dd7d1f8ecc72b18626dd5f85d8a8efdaf60a6df48bdd6,30c8c0f8384ba223afc82fea5e1e733cf6ca2fa37a2386d488ebd4f06a235c74,5427,262144,unknown
train,1112.png,e17106bc28cde148cd6fa346d00bd1caa5e127e7b0abbbc83b327dd60fee3e1e,b4a22dec50ffeb4a4c94b9473760c1cf3ab4556d7691ec8095aaf993e181cdc9,5678,262144,unknown
train,1113.png,e07b950b85f94adde14e9c67b0ff3ea5de6f24fb5752969c3db6485f11ce14ec,27b10bd6dacd5694096be75014ded2f5f3a39ac94bf34d9cd021a9ea63cff699,5305,262144,unknown
train,1114.png,e87c1b8f16ae3e8d65cebc44632d1afebdc4b37bd9916347bea9d8c206b1a92f,1e37f5efedd4ecb3ee4f9a3f919e9eb111c66c9bc01527f6d6abf2e7a0f11b98,1129,262144,unknown
train,1115.png,d8e9026a3add616ad07254ca6185a9b6e6e32083643facab78ba10ac2ccfd71b,9fa1b32ae83068703b7485993bfe15ed8651e65682e50af411c028640f0f03d4,1811,262144,unknown
train,1116.png,e235b91e06d5543f58638d2af790f20b0656b1726937fc84502d76ea475bd67f,4ba8cc96e9ad010ba2c0a0cf3a78ca57b0a2ab4fefa5954ddad396403e0891ba,6072,262144,unknown
train,1117.png,59c6b7a0913364e5e140eb504e98f7c9ace12cefd63a8ae68addc7f024e338cc,5083e73551516155b3e4fa13b67e2db499c35b1ab6f8a7fe194d75fd5a040bbb,5111,262144,unknown
train,1118.png,b47dd0a774ee2add54917385be445ae34c1637cb8c2c54881fa6a086494b032a,194752d2c021c06f4875703b0958cc0d8b4047f4ea3807675b834bc44287ccc7,4694,262144,unknown
train,1119.png,1323587ff555af0e1f0aebbf2df79bfaf9e7b14a72c064ff86256dc42fc5ca59,2a16efc4712bfbb5f57e91f265b21f26846854a4e3f1f1414f0c2aa617fe08d4,2558,262144,unknown
train,1120.png,96c7d016583424c6b74b527863677bf5f263a14166eb003c16158c306f412b87,542bcd2d44e9b508ffbe8e0371c3a5ac24d464b825af5e2f34120aff9f3f3af0,1186,262144,unknown
train,1121.png,86657cc12c37d1ec961505d54444dee2b3733ad2ec521ced642361bb4cef2fe4,cd801544cd38d49c8fa5d40f7981b942ca3d3878d580079331a56c4dd59da0bd,3258,262144,unknown
train,1122.png,761b236b4c0bde2c0cdafb17a7b97ccf9f8600264773a0993d0db53acedfe5a2,07fe114ac09824286c292a3671a4bc0f909fa911e4541f5a8dd15b8879fb483a,4275,262144,unknown
train,1123.png,60bafcd2318204b1cb6b2161f02dba411b9f5fa79c01ceec77debf9d2ae8bde5,f3cb70f6295052797db7459f23e1f5c73357f61a853df5eb923cdd9f64cf012d,5039,262144,unknown
train,1124.png,215e70ed24e774bcd1765c4575a14c0ec6ca4cf7551cd7ffb4dde06463480e84,311fb58ec9db941dde981bbcb082ab382940ce5c795f4fd9f6134dfddccdf988,5635,262144,unknown
train,1125.png,e2cbcfc6ec64ccd6fdde0451af87d0b164fb49d649c2e238d2c532ef4c97b687,941be4e82e008310475972f08a30b8a3daa60f1a697f2b91bb8316e6e79e8710,5779,262144,unknown
train,1126.png,697bee6db6f92df400f10c26f770e77f20edd480abbf2cb450f4658aa871c331,be6a4e3629116e959c1f2b7e68b921eb69f07be7966e9a8339747c6b31908301,6399,262144,unknown
train,1127.png,da26005cbd0056807a71bfa5c011fdea5645f396d372d97bd58cf791a6766a9d,a9b88ca7f5423bae1db434f044a55a7102d7a62251aa000731b2029953bed59f,6662,262144,unknown
train,1128.png,62bcf4988e1e997d12b0abe90a2519670bc8b38d4e3dda152a9fa7cbd59e6654,d9861a1f4fabe78f64ff9e0af03050b8f86d7357ad722af95c1e13881aceab51,6828,262144,unknown
train,1129.png,595fef5fbef3b4710066193638eaf14e7301fc95ba2122f1095ecc1ac24dda75,fffde0a872a913264ca62c4890d957cb5995c48f9095bd1633df28009d168460,1344,262144,unknown
train,1130.png,5396eaa4bf286cdfecab5ee701385ba5d9e88ba7402285502240ee79dce6f217,759b5e83a35074ec6f781de5e386579c999dfd6c2505f783053e07cf2a5beca1,4048,262144,unknown
train,1131.png,e8955feba06b43e907da91aa3f7b68aac1caf62a69f81975b3b717732a600303,e72de1fc551c7244c3f0b82f078b39247261a301ddcadb18627ca4dacb329ee2,5348,262144,unknown
train,1132.png,199b560fa242729a438ae6761b955719008775a5105c9601289912552d9d16a2,e767d7c9b4acd68ef94a4380810565f33e412c2ab319b68c640903cfab436ae9,4704,262144,unknown
train,1133.png,61b10cbd2435eb47444c694eedb93658d6dc4711257f797128ad6a3bb3a6a271,230fa4c56bc1ae7efaa3a0e613602a0589633a807d553298763d6715a91765d2,3363,262144,unknown
train,1134.png,4bfd539abfbecd58446afaeaafc3770f0dfaca719afc1fa33d0c1e8f58b43137,3e1f1b6d97138555bddea044a741fe697436c5cc702c48d0985066aaceebefb7,2303,262144,unknown
train,1135.png,fb53e2662da52832566f002066da8e8ec3877d8c5128868436a69ba43eceb412,26b6846fb6ba4f765e706e7c54c18e02f3bb662d9e8de23a129804419976d95b,914,262144,unknown
train,1136.png,f8a7c1ec71f7b8a6d61ef368736cd312d9222c42821c39410ad6ce247b9eef56,0350341cd6da42f8e5596257fa81012621edb72e0550f55444d89a408f95c991,4462,262144,unknown
train,1137.png,be62bafb2acb136d39ed18029e1748c844b158cd3015fcbe0b93e18ce9e49067,501e9cee59679b7b17ea02e5382aaa74eda65dc1034e22c9903da7bb861c766b,4844,262144,unknown
train,1138.png,00b0669efef952d3c657c4b8f7f950ab8dcc2f637b45c82d9487146c48564e6d,b10401b50b4c807c18955b29e87875a94a201a95dab2bf02a06f3262e31eedcf,5569,262144,unknown
train,1139.png,ea63ee5df27ceb58bca2c08e095f65e7694d583e02b99b78e540e4265819ea81,68923ff920521f7f5472ba7be553c93ad24442ea53d31eb660b7c1270d6d79a0,6578,262144,unknown
train,1140.png,ca790fd0f965421aa683156fabd3b4f6264f739b5a1472251ece23867010c0d0,bf81f6d4d2d2faa3e9724130d509a79d408b5c2a3def82a45123d80822914e1d,6779,262144,unknown
train,1141.png,34dafaa820348607cd8cb7026eaf051a1475a85fd9217d82bdcb2b3fe384314c,664516821710b2682a571fead4cba2f5e749a01590c88ab1fd9f1cffae2c09be,6919,262144,unknown
train,1142.png,9556909a2a51ea87fad353c485318aa452b24687c996b97dc1b1fa6b3ada67e6,a56ff5fb1e0bdf82141b6cd23cbedc6381fbe0823b41224d5841fa3985beefde,6109,262144,unknown
train,1143.png,5115b22ee3b72ea209db01c1d0422d4358895213a6e24b9d25294cce67579aae,fea5a0e14eace1e82e1cdf320b058173cc04e2afa186f157d3d2f5456b130f76,5758,262144,unknown
train,1144.png,e258ff8f3256b451fb723ed86d79ac6b7ad23cd5690319f68465e45780cbdf9a,4951dbc65f56cfc80556dc4a56a6ca5c91a5ff335a7486fa8bf981074ddcc00b,1693,262144,unknown
train,1145.png,336e108c8df688701935f40b406f98fd48184c4f9099d59d934d1f96ed6d8c86,3d7a19b9c1e98426d05cbd2ad237f72c5173a6c68d5a3401abd8fd5ac042d182,2617,262144,unknown
train,1146.png,29ad1038e209322bc73bca24da84b5fe44a62feb5d8c9c873fb5f0c1172b4594,8da098505a02c71455acb5c568531f63e37cab5d2ff5b0b121aa08f3441a161b,5946,262144,unknown
train,1147.png,ec5a42b80b2fdf1c2082ff87838a9057ed74750c4bd139eb1ed88a3af99fd965,6652300be3e7006a5d021494f1642903767df445ea9b510190f3e5959a4c6e9b,5260,262144,unknown
train,1148.png,a1d409a24f319661941777ee48e19cc81a0dfe636941c8ab568ca877ae8ae733,87cea6cdcb7164968b85fc0f840da34530d4061bca814b006562429873646537,3665,262144,unknown
train,1149.png,f0802208615937c47b41007f4f0ac2cad724bb2dab9e4496c693e5ec94eb1c4c,32601d8ff8a685420fa8fc327c29eec4cbb311bc11b34f71ac7498cb3f407247,2629,262144,unknown
train,1150.png,30a39b3939eade6236005fc0bdc34a84af371433f08e0a7fe5b7da7227cf5d66,04fdae21d6cc936818b469b8284e788b98841108e7daa66755fefdc998f85d91,1757,262144,unknown
train,1151.png,1f04182560733c3fa01eee173534f731f2704cdbc5cf34b1e890b9079b85ebec,b97f3f780b081b619f0dd73057ae15c1a75847dd20d5d03f69e5e1c6f2fe519b,3348,262144,unknown
train,1152.png,82832360250c3007c91f9468074034d65294c829bedc3df90c77dd75a7797ef8,285927fd7beb09d687dd33c9aefa27fd4beb0337ccaed2a1a5b65a27d7c2ef45,4373,262144,unknown
train,1153.png,f63d4381676e6879d3260c4d183e553a49f2cbe6837c36d70cf2f94c99adb84c,5f3eab537f4828849c6b4382ab34891be9fd01d614ccb5734263e6fc9157eb3b,5067,262144,unknown
train,1154.png,0a500323e42ecb917dfbc3fff4eea6b397f5c34620fd0bb7fd6bdfc7573a4405,00f72fc813c7d50961a6492826f7021c81b583a6b932f1807acad4258bd48c90,5468,262144,unknown
train,1155.png,c9fcad637c8462d838673c0f3177b9e22ee178a011e04ae6ca1a500d9a3c52bc,fbb7df14a7d6769cf0b7fa640a77076b928d7bf4e3553751f3e78432e90b0b11,5783,262144,unknown
train,1156.png,bb8114279bd5de53312f0cf5777e6e4b68beeee2161de12382b651648f891291,829265c9e49280756c1e1047c451a27a1183347dae42a796ad1e098c23ae6939,6516,262144,unknown
train,1157.png,3b6a14b6b3549d5157b583c01cc561c2226229fdf3d7a9c9c59974851e419906,c09445d91c20aafc8fffeacb89205f5a2c37ff137ad44a62488a5bda0e41e9dd,6872,262144,unknown
train,1158.png,74a4e563f379c6e6dec695b1db1aafbf94f1358ee80c2cf771bac0be5b9d506e,2a98eacc9e3693f956e52b4d9d3485ae27e246ebcbf3e11c2c75337c44dff3d7,7189,262144,unknown
train,1159.png,c153b563adb11c7865b7621d6560fc26e821695384d3e618a9cf6e89d7418ded,2e3d62efa745a153df54b82ccc56ef8ddd03a0ca38ae03ee084c44bb68658cd1,2681,262144,unknown
train,1160.png,72212122024bdeddaa1b53720a5ed2becd4b26f6012e4225ce1a6986572256f1,0bc4c880b234ee9dd4272a4f2175e763035591eb987c0ab56063f2eb0c0bbcb3,4388,262144,unknown
train,1161.png,594baf9f04743f160e59050c8ed4890925346936d8a94471b99bb539bbfdc0ff,c03531fcb293c6e05b585bc3ce7d59f193678bcd4f59255b4668e2833cbcaa9c,2697,262144,unknown
train,1162.png,7c8b020358f6bc898e73a4254c13fb2aabd4d51845c0c7125b1df09289e76288,556e5ac6c13928f12bfb2bc7f8ad6bffc14118d17856e31f63baa7529367a17a,1411,262144,unknown
train,1163.png,09cec87b98cb0bba62e1dac5216a497df78871bd69b8738f1e78b27c2cd607b1,ca796c80c9e8eff417da1a9ec345b4057a38cd71ed3541360a8c64275a082664,5253,262144,unknown
train,1164.png,62225a2f3f26854c3d05ea119714ebd34d5aa9e7cacad0edb63c034e492fde4d,3a6eb97db8f2c406612ab27c4585215faf2a4bfc25a56103889e6096364d2c05,5311,262144,unknown
train,1165.png,6e206908c49586e55b68a9f263c396e5fed453a2af7fe772cb1418f946dbcae1,79273c06780f1b05766963e6cc9dfc4b5f858a44669e849e6fa17ce3f8c3e186,6012,262144,unknown
train,1166.png,60fb4479206f80bf774abc18ae300de90464ce6d4beddc5492a21ccf5c289792,f410902d8c423aed856e4560e3d73ed43fbdb067ad5e790cd773fa74382f9a35,6099,262144,unknown
train,1167.png,29dc2825000cc03fc55476b2ae636c7739e124d9687f6336836a465e32c0d54f,3744f0723d6152ae1a3dd4e251a7647f9a33a2b744804024b702e9e342b6519b,5946,262144,unknown
train,1168.png,5109f8ffee57a68f3426f3541f7f7752b8c9822ffdd3eeffe7875a0cd45f334f,bb6795bef6ffd51b61c2e26c8a4c2d010b103ad47bd3307f72a016b66852c0c0,5592,262144,unknown
train,1169.png,9130b0e8a30dec25200f6828728ec7419af260b9d4659b73f2bb677f10999dbc,fd524522dfba36869b8354233c52e346207594cfbe9ef10d212996d2887ffd0e,5063,262144,unknown
train,1170.png,c6d20219dc87709ff9b22dbdc81fba6c15e47a65208bf3ecc102d4e65c031561,42f00ec4f4201716473ab489fb6279075e4196497c0ae5556d115882c7fc9d14,4535,262144,unknown
train,1171.png,ee8764de6ab12bd342630ae16fa98f170c83285a7b23e0db2f74fc06d95ec61e,d93d59e583b19cc7ccae8f18b28b0d0ad2df0cbcf42226613ae9a04ae56f92ab,3085,262144,unknown
train,1172.png,3c2b00c46a4de260d772292cd78420c5d55b2e544bc5e2dc1e79e4303ff3fe95,46e8ea5c37ff8c7bf3a5fc6040280047d224485f58208c5bf6d0e530113889b4,4383,262144,unknown
train,1173.png,eb7ce838b580a1900c2a6b6fa03067f83fa74f92b0a65a6aa0f8da0f07452c88,8aa12b2798f2dae197cbac944a9fe2e9521dc5d994df6e7e2049da6587984c0c,4365,262144,unknown
train,1174.png,d74e496bac9770d4836ddfa35a8f01fb7c8611f163d03224a7617e0eb578dd60,9ace820dfe8abd24761567369a772cebb68012fecce16a078c28222face04b64,2094,262144,unknown
train,1175.png,2a8e5c313799a978aa3673df007c95bb90f61a5cb0532a8967306fffa254b930,d2d0ffd60d5b3833e61caeeb22baf5a49ff76397584a311d0b2466c70951edb8,5430,262144,unknown
train,1176.png,a9a6b3f1008313736e68df965164a8c2089ba2e54b97f81db861ff3341ffe3cd,cf2c73c09a72cc68fb42b5d15b1081d251736922dd5adf0af0a38d896dcab25d,6129,262144,unknown
train,1177.png,8cda7f98bc7aa7fe835af123dd247de0ddadcd80eab18dec2b0a2e9444dc244b,4477c97a36ffbe09c4b8b75a6842484b31db348a044fbca89cc8e0841f4076e4,6588,262144,unknown
train,1178.png,bbdc63abfa340dc91476be4061d6de5f0b73458a535f4682f8a5b44e12efcf94,a96646036cb450ca4f335d1a4a61d64bd40d3c725004a194e7dda161eae49fb2,6720,262144,unknown
train,1179.png,bde278ee870f381c8ce9f3d4c2ec4e8059c3746c66977edc5389843ace3f05ab,c34beeafbed14336d7f762fac5a35adb0e71f23a12deac65b2dfcb088e2b3e26,6726,262144,unknown
train,1180.png,21d8e6b006996fdd8b64765eb4380c22c548786f84db6352f3df0ba31aab3403,066261250c0962b755dfc0963ce5e371860c816d1e0da7094b9e02a687385693,6282,262144,unknown
train,1181.png,65d12fa892233c8bab003919dbefe8b92ed754c2e89b30bb45b159333857f4ad,583c561a3242b18f3fea0e918a8a6336e5d3a3749b76081f4bb355b8dd9f444a,5827,262144,unknown
train,1182.png,c9d629b2a2964791995efe87c1d7cf5fb58c1f27e13c600122d4ec8b5fee0374,ad436bb7a10679648848f36f6ceb68e7c92f86ede6ae6a15d66f48b958c05950,5115,262144,unknown
train,1183.png,0e0a33a3df5235f0d44d64ee802f6cd4854bee293bfb1df083145fc278bfe45c,67ea814b8526a81bb09e5f886bd65cef69ad0b539bd3fe2cd5a198563a81f6bf,1971,262144,unknown
train,1184.png,dfe9627266c0a51971d22681c5076e0be6d88a1e9120764b6dc12cdf2d88e582,a15823dc33c8050e446f51e31feae3dce738920c3a8150fe19bde797b0a85260,3671,262144,unknown
train,1185.png,36bccaaf8868bb46f13cfe6a81f8b0f4a8accd9e3d77b6e743bd7144ea53fab4,8400ca4b01658f1e451bed84c68beaee45f456276253fd02118416f5a24daa48,4389,262144,unknown
train,1186.png,bf2b4b7232490ba57012113f9206adfbe63a677d6e75ca8955ddef112feaa0da,1fc7706adc9d8424e5bf43ae32151476e1a2f3c5e00be50e9f570a58fa677d06,2005,262144,unknown
train,1187.png,3b36dc3519f4884ddf56aa12672390f8d2abcc9d62b5b4e911a63d83ba9f9886,cf850b209e6cdb57f06d42c313c0f1500f866eb7886aef42627d131629be5699,4508,262144,unknown
train,1188.png,cb8f7259dca191c58ef58f70a9f34006fafacebb77580fa4e50da3f8548fc8c3,d3020f784904d73aec6cdec710393ba62f58ab906ba01fd484a40770ab94fa20,5088,262144,unknown
train,1189.png,48ccd6320ea8542871a1cd11570782302d7a1ec77db116f01fc920f4554729da,294185718650c073f24b4537dc99f376584ffbe935740a0e2ad20abe94270aa1,5553,262144,unknown
train,1190.png,8b244c5d6855416fd69a23b1887f12972026dbab15fe1737a16ef0a0087b59db,4e82ae223324862d4409ec111247b321c9ad853e57b3eaf993ee10b19b25c2a6,5887,262144,unknown
train,1191.png,a69ee45ee5d0ae513880610bab4963815636565919cacd0ae52211a5a2530317,e08e7d031385bbd5870ee0ce3c40cc64ee8880dc1697a38298a59a884611e904,6192,262144,unknown
train,1192.png,3dae6492b82c5ff9a92a5be6390a93be94eadaed0ba09fc63f517075eeca7e35,2f79274201de4fc64775a7885820e880bf0f3b95eac81e3b2df9540d06f07423,6264,262144,unknown
train,1193.png,4d575a83ad9e1fdbeec84784cf5905b3cccc84ec640dad1c9e5e37a5c7d1e6bf,ca1cefb301dd8a3569e2ed13b212db17989d1ab5381e2bd874c8ac0ad66a4e23,5480,262144,unknown
train,1194.png,84c36f8ae31bf710c098b42cea9202014c0de767d9f6f1bd2cccb404b9b991b2,d6e8a288e62c165b802acb72e44a5b696ba7920277ebd507005ed8024d0c0b8d,5062,262144,unknown
train,1195.png,8c644755c37c779a6321c4d46e02c474efe12f55d884a93c9065069cf3a1ca0a,85042fa9045eaea7c8288c18d1505c117452de01991309636ae49e560ea0bc7c,1231,262144,unknown
train,1196.png,e666a8c7d2df04270ccf7bc71adcc94ebd6a8b3820723440fb29fce68c546a8f,53dba20eb9573b16dac71322ba2ccd1278f631273b25177a945e7c6c4da28f10,3299,262144,unknown
train,1197.png,89cb4c4b2a3410d566b952251c45c02de17bdb553dbe3c1746cb56e3d2688291,49c86db6167e3e146bd7b62a71499cb45fbb7d435f59e05633ff2c1846835b89,2579,262144,unknown
train,1198.png,cb211e4d0dd13f177dca54c94a904c66f628ee4ae3a00d548dadc20936214128,18c23322630a00748cadafa5198636e73e08baabfb1f4516a7ec5daa37c35733,2003,262144,unknown
train,1199.png,fe9d6854a159ba400a2c2363616573f52ca163f5f0b06df60ccc2f8a360eacfb,2bcc777b9181a96057886797efccc04f31094e5e94044bf9ed4bd2fd79260449,4227,262144,unknown
train,1200.png,0c34e1b7d63b4f2d64ed1b8935331be7ca304aef58724321a977c8c7ea5a37c8,02f456a43e1392813d4ee69fe0419371af02faacef2fb43f6d3393b315c27c7d,4928,262144,unknown
train,1201.png,8f2d8d6acfd8e4641497d3054c39718b43936de76ec48109505cf186bc35669d,d2cbd3abbeeb4b08973a295b98f4988cf3ea98a5eb2f6465cf48e7f38fd7e35b,5169,262144,unknown
train,1202.png,44a866429938710f225a8a9375e40f75893a4bbd4c1d5896b86b4b6e40956e2f,159a4f4257f623ba5405a80563a0d8566bd9f2e7536b50013fdcefa7b51d7cff,5832,262144,unknown
train,1203.png,a5480d4351c7768cea2113558d8c7dc9af7893952a6efabca66c60cb07dfa021,4372881b30d97cf85916fa45e5c8cafcbc15efee4b279624a1b85f01d63dedd7,5947,262144,unknown
train,1204.png,9eadb5a490ab561cc5c1bb86c615af85d9d1695b4efbdee2221e5d1f16acfb1a,c79aa0307351cf0746c12042921e0907ec35f9fe302652dfb2ffb462697e85ed,5221,262144,unknown
train,1205.png,a4fb6500102a49cff5e707a9be853a679ed59bbf0246573a6e39a968db738631,4bc9ace82ed4db4481480914d016a9c57899401da65da44c73402440978119be,4876,262144,unknown
train,1206.png,cfc53120548b74fde1cd387895cad6df50214c28ab7934938a6951c9d12f32dd,82bcb77495a6ba6e8802ec4248a613718fdd1bb5ff8a299ea23ab6da2e85fc2b,4188,262144,unknown
train,1207.png,1b03291691a137c6ec2eba4a77aea19b85817cacfb878e53378838e89a1daae9,1d802a5a6552c9c847d7e70f8edece517fbcb348b6ae28db53bc8b95aa345a23,1664,262144,unknown
train,1208.png,7cdcca70725b35055e4d770ee40aafeb307d663399e4b74c85756cafe6b6be79,0732c3bef30471bfd4cc19bf6f32f221376ed9fe663e8e21207ee4354d681c03,3611,262144,unknown
train,1209.png,6585fb1cadfc590bcc933fc5a5dba3540042a7d095a4926e5d49966de85d7d13,62e185b05f79e3dd25c3ffe1b11ef345d2c38105f32cdac37fb41398993f64c0,2434,262144,unknown
train,1210.png,99b65d9b8b56329ad71d2a99648d65bc792daac18173f37775dec2f77111d193,44389d4afa532768ef627a195b574fde5fac9fddd9a703271ddccd662729d6ed,919,262144,unknown
train,1211.png,5a3a3314f73483185e0bbe0455bc774c9ca23a9e567dfa817c6695d92b8d9f35,4c984e0573c7198c754990ac8db3a0ef7441431577f7b5da63c7be11c9933cb8,4541,262144,unknown
train,1212.png,3b17a0c09b012365bb02341fabf4e583f22c828e4b72411bb4005704b45267ee,e297b6a6e0387270192306d2ed20f80ca0725cd88c792ee6c9085a7aa9241cac,5854,262144,unknown
train,1213.png,c2f952f2344ddb9ffbccabe3e788aeeab00172aaff1066fe4af9a8e03771643f,527a837af622e067a9cf727c9d31808f6b170ab0950d49bd6c377211618e158c,6718,262144,unknown
train,1214.png,c2eecaf9fd0cce67446669070258ad4063d15c26ac9d86ff0f060e499cbda27c,6bde07d0cbcfef002be91043ea0b0d96920d7246386ff132a60f3497853c7d20,6033,262144,unknown
train,1215.png,bda7d688367b0eda7eadd05c2a51783995b2644081db605e23830189ad20cc9f,ac50fee8541496e4f172134620bb57cb058e9908059db223948c65924ab380a5,5231,262144,unknown
train,1216.png,9c9c0f8bfc8fecd3c24840083b82e5fd2924556bcb78d72fa01c5c6a7933b4b4,e7752b937a5065eea3aede827f989619dc2bc4e35004ccff78e602c3184d2e46,5670,262144,unknown
train,1217.png,8b159356bf747b6328ef1e2cc67317e70feaf29c308943e3998ba7475a134f4f,abc47a661b072c1bce18208e87bfdf05e61e6feff087c0ac08730a7439aa70ca,4696,262144,unknown
train,1218.png,b7e062a075b049628bb10a1092538bed5b5988f15d3f7b00b62096d51f6b65a2,98ee2b123621ab86003cda4bf2f2a16d060292758159c1301735303be719ee6c,4081,262144,unknown
train,1219.png,bb828e14a335aed0ad004fae1f9eb52bca7affc4e4db4597797decbf4c33ff1e,b32d2c36d2749d3a7c5e9950bd92c6d8f73854eb5a7c268c5a4c1338750f01c0,913,262144,unknown
train,1220.png,538452ac1c6050abc88d1cc5048f2f3e47a506a8caa568b70ec22b5199bdd09c,cc1e8bb95d5fcf3663adb100467b9cdf23697e665713dc6c31acdfbe116fad77,1855,262144,unknown
train,1221.png,039d3e55b540a800a2c5130e1235dad4ec6e5869d193454ae7cf0a5c984d82fb,3d456b6fe13f4d797b61ba5302868c5760b2792521eafbe81c4788c5d15570e0,4420,262144,unknown
train,1222.png,139e52d95fb9e5c3e9920114a6bdfbdc7d4bce7e635cc1fbf2a09566eb66f123,acc8f87b8c61a5b102ef8c3e782607d1eea175befce0145bca27f5d4e38e66b7,1628,262144,unknown
train,1223.png,9c06404837ef7c702d15f7615e949b8eff78884d6cd7bb148424656bcf50c232,7265298546d36aabeaada919efd04718d0887047e24f90a8659e0d5fde1f0069,3443,262144,unknown
train,1224.png,95b8a037654fd6342fca7c2128e2fdb64b2745b449f6a2a86f67369eded69376,ea66edd7921ae5d2e5f1bd1fd584bd7603426c2de05865e0e5d64dd13bf2725b,4454,262144,unknown
train,1225.png,de3dda0b1f77fd9184f51b8a169aeb9856df81ac0ee513aee9d81680da11b292,2598a440d3f679643b4dcd86ebb2c470ecba0a34fb05439c38284b5f9e584177,4846,262144,unknown
train,1226.png,e41c7d8e21ddeb29a0d9d44b75eabef1e697e3db5f148114e3ccdf492ae7fa0a,b2a021216d893f8dfda1f8d2f3e216a62f5f97050c63efd2bbd7fdf9679b4081,4893,262144,unknown
train,1227.png,f62aaf1266405de6be900f37038f2e13a2f133b0ffe01b246925d6b0578b0ff5,37ad6765d7530ffb709815c6edf7d8530b526354c492d08b568fd74822c64b6e,5475,262144,unknown
train,1228.png,110a3e6888729a62c0c66088cc811a4b81f724cde7a8622e2a2ef64c30f40819,aa511d4c4358faa593506d7e879bf1a98755b16718485ef3798f5b37afed9d52,5215,262144,unknown
train,1229.png,00a379ac3b763646ac8241c25be647019c05bfe1765aaec83b96d843f605b529,518092cfb2652ccf3f20a34552c2242c3f6a3941d1cc77d8d01c25bc9a366c4a,5017,262144,unknown
train,1230.png,4bd1debc8501c3aa50bb680e2a155b8eba087aef7c7722633a1ec6f0b390914a,5fa335ba63c1da146e807218d9a8f6136ce77efd94fcf9434b401af235aa9f58,5088,262144,unknown
train,1231.png,f657ae9d340807010427f0d3a5447768eac1fbb395703ab927e6777076dcb495,7e86917ab5af8bcc27ab3a22f4b9915c7a266878238e9b60579d2b07d49c4b7f,2310,262144,unknown
train,1232.png,c91f4af06ae67410b34f71979ee16de8b7d093619131590c9e93c6c6819c8772,4fbaa40a48e51c63bd77317aeb34890536af49f7667e59bdde997bb2deb35eac,3830,262144,unknown
train,1233.png,b1ffb5ad8c7f667176a5d10ec266c805b33b4a5fff1ce14eaf385fa20e5920f8,bfcfe81fb42e80626d0eedfbad4fb29ad849878b5c548df41fc73d8f020b2954,4360,262144,unknown
train,1234.png,27a9cd34bb35ddc77a3b7bc65b8de5280f46444c7b3e6e5308ad6bd370decc72,0dd91b2087b8df156410ea3f8721bff73d7f8ef8beea9ff395bcef31f5dc5190,3090,262144,unknown
train,1235.png,3ffb0bb9a2f66bfc91300838e208d84c9770b7e232b239c43b4f14c692997485,4a3942633295deffef21d8df9197f22eeec2d69de049d315d1b8c0a70981514b,4990,262144,unknown
train,1236.png,c7819785f398aa89bd66a9c17fa5b23eba9f46a8f7e89ed155b5f54adf426d2f,0b008d9d1cac8a1bb6dd8df6b0f7afe847e62537e4e160edc072bdcafcda835a,5363,262144,unknown
train,1237.png,7f32e93062e6e88fadadac2f4f1e07badea714e64bb2d2fe2de369a14a5250f7,f5a4fcc63a40e69e73f44198773ad506e7a028f55f308f3d72c9e7830bd3cce4,5967,262144,unknown
train,1238.png,278258d03ef93db76e1bee8011069363584b2f9435fe4ea537a9179322e210f4,05958e9c100465acb7423f3235a5fd9360414688db3b30518c496cf8662bae47,6315,262144,unknown
train,1239.png,7c0889c0dec39bbb7f5edf905b235a3431b9e2c21e22ebd672a37c3d10d488ca,ae559d85561a88b2506c62b486644c1ddee9e52f5e6c78063095886206387cc0,6031,262144,unknown
train,1240.png,f03cd11dbfbb305124fc85df2ef97b49e9b3be8749023fe4172a24532cf39e9a,82a5b3132e30c975071c20e92132aef3e601211ae1fd579690acef14840e1ae9,5592,262144,unknown
train,1241.png,c30f017876925f609150268342dcbcc0ba271f7f6578639e4e5f40c7e72113c1,1df38024425f2948f24685a7af6252fb8ef419b7c6c725f4daaf816f67e42d50,5465,262144,unknown
train,1242.png,abbae54d97d447422835dcc1a5b8757f8169f3365b13ed03e52f3eea198351a6,0134388242c8ab79cf3adc6a3392c4189d77716dc082d05ab140579efa4888f8,4839,262144,unknown
train,1243.png,01f5abdc0f24d4a21d5958c7aa4a588284a04eca6462432181571869e6adc00d,7bc00afa02a8e512e95c97d4a5a54b139f337b109e3083de6507c2bf97e50fba,5275,262144,unknown
train,1244.png,ab27d0fe835393a391f48b80d704c5bee9d8170a43132ec7c3bdec31b647f0e9,eb833de6a406d5a9bc902120440881792ccce1aaeb34bafa69719376ea44f79b,5700,262144,unknown
train,1245.png,67a603e65adc110488acf376aef0bb2a53a9346df82cdd7115abed2e4851af6c,937e3b9ff1008e954dd06ae493d9d28dbf2aed68d26601e430504ca3bc742d39,2983,262144,unknown
train,1246.png,87286afcadc0930984de1cdeebbf244edf4d99b6dea910f21267d9288b76bdc7,1664cd01765fe8754bb0343595ef61c77a7515bb485f45d585107901da61a0b0,1021,262144,unknown
train,1247.png,e00d580e774ba4523abe4d0c5364278a6275cca096c840c38754f40e1d86a02b,fb14f41e5cda948feb69e750cdae9303572a769fc08bcd3c6466ba14b559d71d,6149,262144,unknown
train,1248.png,b5bd4007d699f26afba070647189b35cb9bea63c452f49c9522eff60d98a66da,bc4440b13e50ce887581668f760816eadca3863c46d265a0de19d9f670f0cbbd,7556,262144,unknown
train,1249.png,916aa43ce293a1c94e1edd7f13aedcfc1810e944ac6e2e8eb8bfd6797413cd9c,fd143b5f5b52796758d2d353c0b5f747ff9a9639b21624960138390e7621b7ad,6821,262144,unknown
train,1250.png,edc6c924487e71e6a2b3bdc85cfab7d72868e9172df907165a7f48524a340995,c5a716ce234c6a53c3363f2a029518e5839f21294996f3e79038141e875309d6,6495,262144,unknown
train,1251.png,aca08d3af7dfe72f3b2b5d7094fd3a6474cf3072080909122ffb315055585b4e,e7efba3b8a9df0ae03bafb687fa7b624c2be386c729f4224daba1ebe016ffa01,6078,262144,unknown
train,1252.png,ffac67634332bb40610073375403d6f3d7e44565204c76d508605951458e39e0,c5c3d443f793ce1ca7319c73576c9d795574c98ee07f10b263b3bdaddb270b98,5085,262144,unknown
train,1253.png,a363a6968317dba95f6cb9a2d068c2af3f47978f8e44f9ee1c25abbbe16fa55a,a6d7b2af9b93687b731677efd967cfa489522b204958f73d14d0f70e46a860b9,4793,262144,unknown
train,1254.png,472d8ec13e5e9db88e1d2c95e256d942ce066accc0cfdf4c64f30d09759ef059,1f00df7d19f05fb7bc3de1f20b83eb40aff59959004548a0fa8bf8087c3426d7,3830,262144,unknown
train,1255.png,f50fa6ae4a8d5249517bad8a500596584aa62bc6c2357c2a14a38ea9b0dd06fd,43de2d97a31a33fd3506cc583774f81a2c43aec7e675d90ce83bf57064c0422e,2604,262144,unknown
train,1256.png,ff6d572583d91173cf8cb52ae81a146cfaa031207b2eac6174c7e86eb566b84c,901dc25223b96fd9e0d76735380247a67b5bdf861bd24bdb9bb71b8608414070,4014,262144,unknown
train,1257.png,4de3a238a6895a3cd544f166a63054357bc65d2b994df85a877ebd7cac205d0c,8d2d24a82f135a6f614e615d7f97d3d8efc2724adc0be24901c1f9d0fc9663f4,4104,262144,unknown
train,1258.png,f45657b6ff1f9e1d8906a07ad8185b8c08c6dc44180b7d1c511c3b21d1a47f17,ed5e527a0fa948a7a34394f5f362390d2adc5889712a034b6cefca5d7e18d381,1119,262144,unknown
train,1259.png,ebef61d0ad08c1de3c882415d044b5a290209b4db84f3961cd71ec07e9f95d3d,333b40b1ee4161825d91a4a4fc9080e3a68631c8e76d2f10f64f9b2ef03e19c1,5076,262144,unknown
train,1260.png,acff520c06cb4c6a318123388f1f43985cb27027b0cbe70b597cab781c60d5f3,6555408f3a0cefb1048f118abe1b1e4ca4b7a40ad492340ea11fa73e52901a8b,5806,262144,unknown
train,1261.png,3fbafcc2db074049c28187ef81be08a85737f99d1167650aa86445ed8de4bf3e,c9e28ab9d2d9067ea856eb8830fd936b70bf0aa49f5261ddabd30acfff454fc6,6627,262144,unknown
train,1262.png,aa5d6d3e0d320b2cd68083ef6a7ec9c698a01081061448c4079e0b7111721c9c,8a6b5af1237682ffa33476e28df303e4c2371598a40358628acac8b11c266c30,6926,262144,unknown
train,1263.png,0b3508abc5e7915feb13b6ef1c44573f0ffd6c1e562c9bb37a80ea53cf5048e1,1753ce981a719f94dd1e608ca90e7aa7d82961fd91bb08e9af0880455c937c43,7337,262144,unknown
train,1264.png,6a45e28b977d1493998d25b226dc2a64b1a13f6ac0e496ff6675fc54e1ee58c9,be52880a56c8c2928ba9076031f9c3880cd132ee8ebec4c23fe142d09a470ac6,6351,262144,unknown
train,1265.png,fb7184d68b5f6d7b274faec9a555d5323b219010fc821c987317e0ab8937678d,96bbedc0cca3f854a055711a3b9beb534ce2ff7e2042eb2be4b664c8c7e008b9,4948,262144,unknown
train,1266.png,21ee3bbf53fd6391b5de38a6eecdd95e9a12d86ed1c5edebc910b2b4fb0a9bfa,cfb7a2afa380abf2b68bacf6803ec7c7095619312b0a8f0f9dfa6312949a482b,4630,262144,unknown
train,1267.png,9ed21604d67176fd5c222636d5632e771ca9cd3de77694a8f93183e5c964e4d9,53a3d01184cc4c085705a537dfcff9ba42bfff26e84c85c926ea83cf01fb85fd,2775,262144,unknown
train,1268.png,c270d6c8a3e68d246d31c57eeb6ed68647a283b32bc316b7e31891d5b4ec5b8d,2f9eaca5bc6cc8dd98de5aef157f07d57b7435c01a2ae4d0c1348fdcd8001015,4154,262144,unknown
train,1269.png,1b5f0a6c8246ec00a9be4c5c841b52037c0b4681a2f278243aaa741edb768d88,eb91240d312356a911e17b97778cc1fb61a9683417dc9e36833535348cd32780,3225,262144,unknown
train,1270.png,a96a0c2839719005cb9ce7dd0112396a39ac1ce0a9b2533c7936e3bdec0c68a6,bb221505c57e212ee5aafe768d79728943e325d599127a927c163a6432575b01,1806,262144,unknown
train,1271.png,e823bd15ace5e9f3634af6abbb591585991e5699a7de4297227c8e02d21acdfd,1cab41f0e21bd53eb3041043bb940871a4c1907c1d72c924148802efb43876de,4835,262144,unknown
train,1272.png,4cfac4503bb8a740901b804595118996d7b5bf1ce5b5de95ca1bd5aa87d16220,a1d496b27537afca1cecf2e1240799fffbbe26c83f6e692a69e813e0d19d51cd,5596,262144,unknown
train,1273.png,848bfa3a4bd3a48943894ea338d263075bf9d97c1f3b6175653dbe636aa87ac4,63100bbb0bb27d6d1a5499f9b8e492d006c2376d8489f6befc7d941860ed10e8,6736,262144,unknown
train,1274.png,d8bca74e88d0d85930cb55407d691d3b52efaaf7b7597569fec9d79c89d3416f,c8536125c20b46b080c074a73d50fcc3ed09a9d929c339cd7d3125e8c3d31d65,6334,262144,unknown
train,1275.png,6e7b1a6a590816a1f3275a6cf5473441466cf7e4c3f0fe8bee5ad7727623a00e,347bbc0d24333b2ef18a39de280c5c04a25d89b885951270461889d12b23e4ab,6406,262144,unknown
train,1276.png,b55f4bb54678258b2d2821c965e53098a9066cef7048f9ece9523f793a661d01,e0bc68096a2091f1c146013208fc99556cc71285edac20b816e739aebf38762a,5772,262144,unknown
train,1277.png,f84dca0cb1cfb28a6ba150136bce0fe69dd6c0426f8f7af31482cd81dbe63762,6d902172754280e9bbe61a50cec12eedf253778b83ac41e7a01f927d8bae7b4e,5150,262144,unknown
train,1278.png,e39586339896ae4b7a4fc57eddbc42f5312feec5bf50e4368a88e88bdd292c2d,ef8f0a5197150aec7234211397f9ccd5caa242e2f1f277df902225b5d156470b,4651,262144,unknown
train,1279.png,5b25e26452a87eb078f2fdcfa8b6ecb598ffaa8ed5e759ee88b2359b8de9995f,f7c924cd10ae6fad16990ebc86fb29f3dc5effa4dd7b09bc3736625249550285,3547,262144,unknown
train,1280.png,eb51d4f42d907f747a03711875770eb898120e872033d67feb4057a5f8d00f39,73cdcdaee77dc22c4a354cab7f59d0679ed20a6130f9ff37fe57508a16f1cede,4401,262144,unknown
train,1281.png,3e807f3de5645857b97399636a3e1f556fe60b34f967c3030e3703a1cf400141,f7d4818e65dcd80e9522c942dd763a55c9ac68022a3d83a7545a9f73e3c51da4,3737,262144,unknown
train,1282.png,fe11a47e4b30a5ee291bc784ca98ea9a0757f6945cb31919cd1e1894997e92ef,9e661e718543b2f077506de9a0d6649b62c65d54f3f48097a7b9cb034b19e13e,2824,262144,unknown
train,1283.png,7b3a5a2ef50f2d003953cebecccd5a1316dafc9d9752a282fddae9a53f86d1ce,4d2ebbcc220065730f65225b0c3cc192ee34db90d43ad5815b46401d27d7b82f,4985,262144,unknown
train,1284.png,9bd2dc67db13b78abafd7b390160b037798b9e90a71322e97402e1fd346818a5,9a77c28df64c75d98df27d736397b29d006ae30a84606c5f85252bd4cc5b8474,5544,262144,unknown
train,1285.png,0289375c8fa52c9de234c6d83602e2680496096c99dcdd8864863018a67386e9,25694f7f1af6d97b65502dbbf2cb3714eeb2491551f02daeb06da00cee0ac801,6204,262144,unknown
train,1286.png,4bb353629dcf097230613ab999605262ca1ad15e1bc17b0a76e483b83873667b,c898a4ae3ab7dc8940f6fc257247a0dbecec1e9302bd48c25496eed8655e9e98,6278,262144,unknown
train,1287.png,ba207832e8e7f784a9bab99d345cd0013e238fdb0bc74d97ad33b48139bc11c0,a5e9dc53c7d113ebdce3d2a91711d57fb9f59b2a9dc03431b365aa9b139d3311,6320,262144,unknown
train,1288.png,8a8b0c9600c76b154ff0a1de2aa5feb3a1e242a5778facb4ac28a82f2c6ca0bd,848fd1c7f28a903a049e30289825ec8da067ab7a21241fcd853a3a852fadea39,6044,262144,unknown
train,1289.png,4a509e2172e05b27faed5903600df7a5855dbb09c17bbf12bf23db0d56547238,ae2d4f7ede01eae3af1ff8770cadcebe28faa1fe0a1576911b0933aa6c761224,5012,262144,unknown
train,1290.png,21125e3ad5b4ecbcba7fad7ae55b1c5c8494d874470429479601ad4fd53eccd8,5e5e00f3768331899814e241849f672231650ef02f212fdbd0863764dd0543ce,4376,262144,unknown
train,1291.png,ff9676b7bedd5aba8943775dcbd570ea89c0fc76ff05a2bb1ee252ace96a8622,c2bac5aee9da2bd4b2d90bf7c8b62f1a8507deec1cae00cdf2a49c48e2febfc3,1345,262144,unknown
train,1292.png,bc9d7dd023a27ff0add253ac01c8acf77d888a5323e42799440682d376f7c930,4880d3babd32b358a23ba7511ef9d7ebe90c153d86536e8bfe6391f308724311,3931,262144,unknown
train,1293.png,b09cbcdac3f3c12a2e2f6beb6ad97ff2417b3ad00313fb8a55172ccab1fd4fb8,5a006412166c077178fe77576e9f290812cb6989ea70c4c54187e7cfa689a35a,2653,262144,unknown
train,1294.png,ab8541c8511e027d18fa78566f68139a1ad0de7f262a32d84aa4508203826e55,a5ff1e0e7cd132a104c35769db013295060d2161f7cecaf3c5a5bc16ddd18e1e,2259,262144,unknown
train,1295.png,7461aa9775147fdd88513880510a74178243a8beea0e59f86a15427ef48b6565,86368c710423507ecf8f77b7a95c0f0bce9640c59693882d2365d4748c7cf367,4720,262144,unknown
train,1296.png,861da252c4fe84d3cb6907fbb0af805fbdbbbfffaffc058e84a43ff617f85120,285613a2f0510523689678fabcacf5a73d9641fbb4a853d83376876958283508,5550,262144,unknown
train,1297.png,f954067287d325b85cbbf80d8403304f53b760c2e1a3ab9ecc5b1a37736ea72c,ac91b50a2544348117e20b1068c7792424251b2046c50b25c12892475f54e85d,5666,262144,unknown
train,1298.png,c3a7b57a34cb27a2cbb9e2feca2ba3dd157b0cfddc9a2eddba35c058257452d0,876b089902d2b8cc6890d554922584e3435ebbf7f60767c02cc4e9deb4544e43,5961,262144,unknown
train,1299.png,36bb2b29a3c3f25753e9217bb5055fcbb785a336eb1e72b28d5840d9b572e671,4b4f20763da3e3315a584a611e31b3da2cf22ff124bcb31a51a9cac1063de059,6630,262144,unknown
train,1300.png,7b041a57bf163801d573bfee46c120541290bced318d318afef72cc2f6602eaf,4703b1e81193ace7a46ce456071d05aafff5704c72ed202974ce15532cda3eb6,6825,262144,unknown
train,1301.png,c98bdf8b4ce8a23542027f8f1de99ee5435992f793cad40af8122a47fdb1e827,49fb7461f9ccf51dc26e6986e50a8a378e0e417a9eb9b5bd29129a48cce6c818,6139,262144,unknown
train,1302.png,fe0f10cc1e7e89a6c9ee90aec486e6b7a6b52ce3336a2a6ffa0e2e95d20d32e1,79c83ace47737d8d3221fb1f4ff44301248e1cc6e2fce1f6d0c7625aa1ac5d33,4737,262144,unknown
train,1303.png,6c69e8353c8edca6046a91c518d74eb0301f871924e5d1378381deefc7d7fb8c,53fab2b6341b1d0134c9632b681447c40be4a6449cf6bfd68a64e06e0d4951e9,2881,262144,unknown
train,1304.png,198f9ae7a7c56018cd5abb189cb175202be50223881b848b46f40d57aa734a9e,777c90aff81612f177ba15d2ee9bd51bfc66121ad0819395e677cae2cd5a4949,4394,262144,unknown
train,1305.png,7c17836e23e0c07f8f3cd72802ab6bfe26b3e7b3774881981a5bf2d2b8ebf16e,065f5d2f59e448cba9598d32651b564452649af7194b8a08cb1bee99b6bccb6c,4302,262144,unknown
train,1306.png,c3419a61c3c7e435bf0273cf9454fce56d71a87975aafb5a041297cb43e4ab5e,f5e48b294970d12589cdb1ed11d8b0318af3df7750486f206cfb0456187de813,1604,262144,unknown
train,1307.png,0f055f77d04fcaf4c2098a5853b1373b831ee733d0e453b826a4e29b03fcb3c4,041f90ee07dd7bd988d8bc9e51b67ae0188a1b5fc3b1fd8304f8313a2e84f3c9,5345,262144,unknown
train,1308.png,c0f1397e49fae53713dcbfffd5d2d1c36534acccc33cac1ebf660cf0beca28fa,edc5beaf7969f93e540e777104829fee04514317a16f36afc5fe811e705b10ba,5863,262144,unknown
train,1309.png,ac393f29c4f41d01d9f8689b2847fb591a086d6783156d529220bbc9150510ec,605c9ea147fe9588c02553dd699fe3b5fb2a8fda74df074de812e77a51dcf151,6298,262144,unknown
train,1310.png,c89cfc760caf2e6869e99d60e28aeb2c2caf7e9a853f1b36bfdbe2fd638a3cda,bbb2779f6e19e488ebc5a6a722ef2a882434ac6564ab1847f22e712a29b122c1,6478,262144,unknown
train,1311.png,b6f6baa2ca10c35d4661b6f0ac66011774fe8caa88faf66887523766c94cadfe,871ac0948fcd772146b554c37283253bcfb04a082e7b30ffa460948e2b6f5d26,5498,262144,unknown
train,1312.png,ec3c9caddb1e586acd94337ce9cfa4c6db9645ea2756856eeb59fb7bbcf9b566,b26ea21a95ab588964a23e25bdc99b502e333d94330260f892ce37d7a5f779c8,5546,262144,unknown
train,1313.png,ef05abe5782eaa55a74174d7d78bde10cda5cc2aaba512619994abee203f99c9,a5642230f91d10405a4faffd1b3bc76adfbe0fc5fcd382b9acac6ef7cb0e1844,5742,262144,unknown
train,1314.png,17498681cfce7a085f647a3ee5ed433e3b8ccfafd310c01a71f07fc0f5d4d05f,d847298de8898681d3b7c6453dd8144ea32dd9435b0eddb365c075b64b8c9f41,5034,262144,unknown
train,1315.png,f38ae44d6705d6963b5e6cb278f6714dd14a83f63c6cee3541bfc4c4e43daf08,2bf75a41768eedb63e2c35067997c16773fdab6d674ccf08878d56001909fbe5,2185,262144,unknown
train,1316.png,47786cf94acbe1135f30f94ad63032f044436b569b2fd9162a4d1f605d5205dd,cae196270b6821b85bbec9faebf5b353adfa62696b1f6770ce4b994b2846ff34,4380,262144,unknown
train,1317.png,85e1fe08bacf6332d61980243b2224686f0f425e0fb7bd61678b8ac4b743f059,62c7cba999e2bb159b0819ba8acae2bfb50723b54479af973e99a67434f9e01e,4491,262144,unknown
train,1318.png,89987bd173ad737b16cf58d19714fa22ccf066090275efb30d0cbcfcad85b217,0ade3a6a2bd02baad711f3271b02aa9eacdb32ac6da8648209b8eafb7ed6d0be,2250,262144,unknown
train,1319.png,42d48cf7e080055f5faa6c3488e357764c3b1e733197488eaa8e7aa6a14794ac,36d1556b6ab700f1857f72688115a5a310467f51f1cd6a14d9024ecec742fd91,6740,262144,unknown
train,1320.png,7255237109717d624a100cb39b6ee887509635bc6a0d09b80ead3aafed0ad9d0,2b00dfcc417cf9006ebc54370660ec2a79d0e57e5add042637f277bda2b64ac6,7074,262144,unknown
train,1321.png,5c7f45206172c490427bf84256dbd329ea01c571f5cce6082e1c5faecf349c31,066ca6e45ad6759c2835fa91112e0afab881255410c51cd7c6a93f89b73ff525,7757,262144,unknown
train,1322.png,c575e1a6537f866e511b49ac49ba877ebe0d10cbf8297540daddb1b8b880403c,f2f0e744f93ba9180a106b26f93cd8e629ba6bb916d1ace1d5fc805d4e1e8a72,8659,262144,unknown
train,1323.png,ac1fecd00e8e80662a31fb00196bddcf5b904b60fcc992b334f0a3e5303c62a1,a463b2c0073009232324e12dbdc2f448bcbaef2f9a9ab5063ba0aa176779f807,8336,262144,unknown
train,1324.png,528daf89916fe48c13a0fda7f8bc7c1a1c58ff61346e9ccd556c614a88c16e0e,4227905a0e5f0ea64f386bd1c7b1536cf686221d3ba8d031c6fd5e6fdcc84240,8015,262144,unknown
train,1325.png,3ac89c5548aa9b9d5e9a992eacd7d8cebf8cb26041cc5c3f2b6a234eb8a4b380,a35aab847e83bb6bd41901438f5494110f7d05040483b8f59efb92011d1b241c,7464,262144,unknown
train,1326.png,7bc0a67669fc550d99647a9b023d2ff2dfd762bc5c7197216a2bd6d28c6fde5e,3814408613551419b1918876c4a81a7c8d314f453ee31dcae059236f2d537364,6327,262144,unknown
train,1327.png,123c72f0d0515a9db4708930e7e5866f33a33f4bdb59cb902f57b87f9b7d0c47,66739d037242da5c2b1e7b95bd6fd672f27f256e6dfcc0ff7efd7053a257c343,1187,262144,unknown
train,1328.png,ef6a40363e066bd10925ab7a501052d03b303e3820c5f93e69513c80421847b9,48b87a2352e629e7675c27b7016156f2b10b57a24623c2a682ec04bcce979717,3146,262144,unknown
train,1329.png,24d4972dec56264ea1d5e54354d2f1c9ae95ccea7e5ad770488e700d01ef2683,d20108ecc9cbf31ee4e7e613492b52489ff4c704436481a3dfeb95a63f9c10f5,5170,262144,unknown
train,1330.png,1dead1f28be4671611a7af2da99e26bcd918984adb254408ef387f9607247154,0c6a991f453b2f511a52cac8580c4cd432e61b7c0ff7e4bceb13ef4d89567d13,2387,262144,unknown
train,1331.png,22f6e0557da57ba4c6a65c6ef0dc1561ecd1fb421ed92d3a004b6a58f6d8f057,f1980c6ce9398feba463d23d6b96f9bec9bbfbe45e7918750f0973cd1ceb4abc,4597,262144,unknown
train,1332.png,67cac2e7b79efabff0fd02770cd36b784c756aa1c6084bf61d3eb2a4d99fb995,e9ffa5c21b6aa0f92e2658b2ba00c3939fa3049afcd6bbfa7d4240d6828cecf9,5507,262144,unknown
train,1333.png,78dc3a45281bec0727d3397d89ee52ace7d30687959687ead426a7556a1b7bdd,1b6988dd6ccc636067283fb2aba444b5ce2a8f050866caa986b93742fea52eb1,5890,262144,unknown
train,1334.png,a3db5aade65e0479917356a93693b87b21271a966c36e7fb8c812086976fdace,64431f1f200ad4c7ac1c00c9ead52b2e873ec774bf904c0c7f2b61e323f6bb07,6252,262144,unknown
train,1335.png,b9744f4de650fb602550ddfef99e80da7c7dce7ac0a1410e28a7487b0cb4d41f,aa815723b0d72b2c2037f2045b0a06f752845bede8813139be37e5609714e604,6898,262144,unknown
train,1336.png,7b3962a3a3c6ccad94ebc1bd065549ae50750456b574c33a59af28544ad9e345,8374ede028b0efef63f7267a5f3178e4cab766fa7005234b5b548239bd1cc47a,6575,262144,unknown
train,1337.png,1edf526a4ab3fda8cd656e38c268b1b4ef7b3ff8531cb9a4dfd26a00e387d9c8,0054afaf342a56cb6b48d45f0de563999826d3c5a6cfc10ddfbe3654c993b8d3,5855,262144,unknown
train,1338.png,bcb499c52597a5300aa76fdff77668dd9a53f6c5fbdf8ee0d13955096385e292,882931f97b58acc5b7556c83a34c17fc8f3ff49add0d7d1b4c0d73d3e37c50b0,5476,262144,unknown
train,1339.png,e8f196a070a5cba1d0cb26c19f30a8bd5bfc7b67c46c1871132d1bef05b196b8,22654868929c77a056c26672e94b7b5c7a503e5be893886bdd912f50b8d854a0,1980,262144,unknown
train,1340.png,fe967d49e87c241d6dda5fb0a5c95432ba4ec82f11112c683e5b9ca598579c92,b12e90297b0a518922f442e52a115d32f5f9faae1f67de4a30fe8f4c4ffac604,3002,262144,unknown
train,1341.png,60358eedb1db46818dbdc3bcd71b0ceb10f960800cad7d0f68c2de6ac0c29608,9f107e531f7d6425578a3dd57ffc7d289a52652bb99ac35cb741ae60c5739403,3060,262144,unknown
train,1342.png,69a6a165b2605f5a386ec0441353c796505c080015bbd1c1f0ff619b930c11db,c4c49965cf66a41f4fb87bcea7e349cc6f01dd81b817750c17671398ebb89dc1,1726,262144,unknown
train,1343.png,27a9c6684c9ef4be14f6d97fc094b34436cf53e086310abf6272993d06cd6354,e65116a876ea5ca3fdf9c5e85f1f6362684a16ecfe66cc1e0d229da8c5bb52d9,4493,262144,unknown
train,1344.png,b9c3e39ccfc6d557042b9dd8a0f9182918711515e0776fc81edabf44cd536984,260c5fc09581304186f138f175c4abafd851ce3b1624c5e5d29dfea11a4bfb5a,5100,262144,unknown
train,1345.png,ccf69cad665349ee6348bdeb82d2a075b4717d02fd06cd1e25c3f8d93fb3a9af,5ff4e0ad65edc575667b58af7c89d50c501c4f77de9be7c523aab63a4c8f4cf9,5398,262144,unknown
train,1346.png,d412fb19af8b86ae881c805916e055406a01561858098ddb62986a120e4cc3a0,87b221d63a2c8762dc5790fbdf711e2281654276de4570c4b95a827d379e86b5,6243,262144,unknown
train,1347.png,d88c11a471fb5eee14d8caaeef319e02d8441fea0e1465de13775ebe75388cfc,d471322deeff403bcd0189a9229bcb0f492f2c388197423fe5d32267ed9c6fcb,6202,262144,unknown
train,1348.png,bf5847a3606b55adb39aa75f69338d87262225d027fb1f50222da0acf3856678,f39745bc5ed9fa3fadb2629bef5b86b83ea9ae52a498a21d4f951c2ba9abaca4,6075,262144,unknown
train,1349.png,1b7627a6dc76ecff699663e101e8e12fe5447c691a9dae9e72065a90ad1bbb4f,1965ddab73d0056f37f7b5450c3d0488a05e2a67d65b1ff566cb3750afc9b994,5261,262144,unknown
train,1350.png,738569d69acc42199244afbd78527e24f09ac7934b48e1df58d5b34d9d51cb75,625fc900806fa296cb9c73176be7169a34bd4e69c8aa9e91f5a2b1239524aa8c,4599,262144,unknown
train,1351.png,e1ce3cefb024b1c2b62d92d99060c8c9746d3e870c73ce23bde180d88cc0bd35,17a3437722cc7847164793bc5540eef9d4f69352e7df06e26904d46426e3dcf6,3908,262144,unknown
train,1352.png,57c024561d784ca77ec4dd61607185009f4181a7c8cc5ae5f20cc882d074d9d6,d2916e1c843b3d3a1eea5eb1af5f54acec183ac5bc37133946e0de3fde2b0856,4863,262144,unknown
train,1353.png,4d6bf54a701994bc03d1cefa91bfedf666df70e18da3390d356b92faeffe5137,da76683b1150cffa6db79fc9c5b088f5b966a366ffc2400db4c5a1963c6a5a58,4470,262144,unknown
train,1354.png,ce8934eaab2a16b493aa3834618f560541fc96b663e7a42bc6d95c8cdd96808b,205bda9612c2ccc4ae64cca519fe0845e81da3426ad600e8d3777a8d3057b65e,3000,262144,unknown
train,1355.png,e8a7bbb4506873740bf5597aa7c6f5819d91ae18e1d329fb220970b43689fe1d,386b60f84a9098675b69afd1838a07a97270bfb667e68976f4aff5c9dfdd741f,5387,262144,unknown
train,1356.png,4d6d29464f8737be67751da19d91dbf3804c842ab392acd0ed13bdc4ccc8a8ea,97b2ec9ef79701c1594df0c97e1cb4dc32fc7a7a4730ff2c9c3610044edda715,5727,262144,unknown
train,1357.png,fc613fdaf1c73d3337d9b209c8fa86164da8e7dcce3159ed67a63cc002270b84,de841b700f07578797532898f8f9fb0c309f41ebe70697c5b3c416c2fa11f3cc,5914,262144,unknown
train,1358.png,df61e349932bcb21f7bfd44281033f2778aacd0b5ff2512ab86524b0f75644de,1e2fee8bec924094a9e676bcc047e2bc3eaf627a898cc87b74c9681516aa855e,6560,262144,unknown
train,1359.png,bc5e452f7a2dde1ec2418ae93155c6fc03bd03490d8dc77d5b93022a129b6b56,af5bfc2eb2054782a46dde0f88b4920d0d4d52d93dbf9ef1834bcaee05189939,6574,262144,unknown
train,1360.png,b0f0c69221334f5bb84d3ddf5847d6e3787b4a529c0df839e181f14c3d78a82b,ff11521db4fc9a133b6acbb38afddb1f01d781d9ada9b0c526b1f24d3527ecea,5560,262144,unknown
train,1361.png,8c284f59dbf18bdbe96f28cc9f4c22f92deea9258a3bbc982b94cce0855dc08c,af09251ae30cae0d5b58a7b76d47e0500edd64496ed9d615bb2e6fb55fe9441f,5649,262144,unknown
train,1362.png,c7a6ccd8d5089ba2b1974a6173f8b99e84b84124c4961958071f944545e97808,7daf7a41e522239c797bb96d8a9b8e2b064506bb49fe765cc1bfa43430da85f1,4871,262144,unknown
train,1363.png,82437850f23bc047e7b1b66e9e01a44c588c75ec9f3d516d59ec6495f661e32c,424fc2fea01f736e84e01a3dd3c0af8e072f12af7c12f261f999752e72b794a2,1353,262144,unknown
train,1364.png,eb8378d683bda49d72f5d6aa576ed3a383c42149fb0e078aefe9bbec00989ba1,5ecaa99d72727090b6461cbd85b273fde29b25f892e7c2baf10bfb2b8823eab9,2598,262144,unknown
train,1365.png,6737043e085c0eb4ed2a36b26f5ae906bc419761842db9c3cb1ac5cff0f22746,4c32f740d31febede336ee45969c4cc717695dacee7ab98d61166d1c756ce746,4513,262144,unknown
train,1366.png,dde206c7cfdc532bc97f115bd76e5d922c6c532dd340182913be466f8fdd967d,8e9288fde17c6ef3020ef786c24198cc7f3aff9e6ef570b82aee8607e05941a0,2791,262144,unknown
train,1367.png,5813dae31d6d6380ecf4f023a73122da16718e4a07606a593bf905be0ed3c0c1,0ba9db6c346f93d30231f0736a31e3338a1beb49fb0d5019eb75fedafe113498,4381,262144,unknown
train,1368.png,26b74fb89d0afff537ebcd1926f605681cd3e2a2e64273f31df8997bd27ce6c4,ea0f2d33bf1dce6f1c1fdfa1c9ad9b97cd5c952f8748b40b52ed46e0bc11dc67,5091,262144,unknown
train,1369.png,5695c08b76963a53f99a67cf9b2200de15c35366ea174a1abe824841e3d3a16a,348838d2e372e9274f8a8dbc8d26526320e37442a644ec762960d00bf8a7240d,5243,262144,unknown
train,1370.png,a8bafad0a146acd4b036c483412ff31a8f5447a533c51235dd9e28f9a3fadf1d,a664a3a0853c99e26070358089b457649241276ece51fd8c2af50fc128e7bf44,5552,262144,unknown
train,1371.png,247c34adbcf14e8379300f7598aa01e9e7f9d7ce255d1195a5ea2ddae5503f42,29d7b979d8093dad59a39e1c21a2fa5b2a31266672033165ae5d2a46a204c0fe,6170,262144,unknown
train,1372.png,b81e8b1c1f578715231c62d87695cc1f713682f4e970715e87b92152c94db417,d2570be77c9bc1b04a09a0a73b221295c4423a3192d393707b2ea3550206d4c0,5790,262144,unknown
train,1373.png,29b51b7704bbcb4e09920d6fb01e9009b5ed6a1371e42d686682b9c4df1d5ef1,1ae846add9eb5c652591f442c61f1ac38708f10d736be74ac85a1b22ea5c5b98,5518,262144,unknown
train,1374.png,7da03a72d4f38cf15219c77b1d61a723f906e08ca79274ff3722d9c2a523b266,6c49910322ef877aa14b7bc33bb51d869e7f05db5f1d4187868a90296b4c2c2b,4805,262144,unknown
train,1375.png,4e758b829482e89019f642a96dc985864df8027dea576ff55caf831b25e0a724,3fd9226d9052b09240162ef184a7cafd56a47c657c1d754b8c68759ab7261f91,3231,262144,unknown
train,1376.png,e6ac60d520f843810aa0c5d98598adfc194c6cad7f657f651d62a3ce8d942530,9f1abab01e456cce8ed08f3fabc7ea73f186c3149186e0dc5db950418366f5d5,4351,262144,unknown
train,1377.png,31401a4c9986c188b5dc29ec50ea85e02358a94974a1608e2bc376063215c572,f5b14f3c24d0b1f247dbd012bfac36e09eb56fb903749bac3d7f4c8c510db356,6100,262144,unknown
train,1378.png,8a91d7864375cbb10bd0f3a6b50741b9dd367562336451b6e150502c243984e2,e1e1fe9b6d75161d5f40ecdc0baac8d70379258e16b7f63870fa94ffd63ba101,5015,262144,unknown
train,1379.png,35b5b4a616d9481101f4ef4316df3feb6a6caf2ff6fcd2f73be203b195de3714,0aeb63b87be615123f11014f4ff8b5dabc7eb190a923ce8f8868a5860e63fed4,6104,262144,unknown
train,1380.png,8fff01ec7ba9af7c047de99a102afd90e584b77f9d583689f95ccbb2e2ab4f17,f46cc20985512d9dfd40b6632b76e55bff1352081e3baddc0bc66ad9db53026f,6704,262144,unknown
train,1381.png,cfb981965c165923917734d189daf64e2824b55b4fb3c10b4119deedbb586464,d4774b2470fdf0ee55592f7a4af49df079ecafae053e944746ea1c504266c3dd,6696,262144,unknown
train,1382.png,aa820a426466335bd087992d4fb62711726b201262ab4a03b1182edb668347b8,35f6a0079e55d15c1883dd7bf30fb2285bf82dc9fb0e0b392e36fdb38e7cbb03,7338,262144,unknown
train,1383.png,c644b9a2350dc303f0fb4659112e6b6e219da8da8063613d11575328a15162fe,32b0a9434e6a866d34c1f4d3f200c10e437fc4bb5d7bef69b27c314ef10700e5,7927,262144,unknown
train,1384.png,6233f95fae80008ffef842b9bbb709918faeb32f4875a7593fbf1a50b91d60f8,cf2cee13c46895e63bb7e0ff9ab5011f76e73c20587fedcde05a83e5ad648730,8292,262144,unknown
train,1385.png,0f8066aa4bc8535033e69ef31c354676eed7959d1c7be3148d159df833d53176,b40b0ab04773d3bebedf9f77996d11bd3a6944264cc007679236b790e03404d9,7908,262144,unknown
train,1386.png,1ec3f58aec8cd6e4880bb3d1a033f7ddbddaf01b6cacc8ebaeae8ee8ccd7a006,6c0ef6abe454d9e6cb1ec009ea71f51694bbd67858c694314253eaea0c096b66,7198,262144,unknown
train,1387.png,448fbb122c982222cb06db53aca72ff39d8262ecbf5e26c411a718890567685e,f8697d8e8ec2af038dfa9cb253510075cb236b9471ca1adce2a8ef026d011f0f,2655,262144,unknown
train,1388.png,f5bc7dd53b4b864cf1163053644331245075913452c27d542c394b8eae1a4c93,7947da677f42be1f356db0568e88d4ac93fbc6e6115fe8c6db530b3ad2998bb4,3154,262144,unknown
train,1389.png,40176071fa5fe1c444a8185483bbc42bc3677dbfefcd0cd9a5bb240d4d6a0e84,3cbef97255b4b6592c8724d15229009b94dd19a6c80fcdb23a36a1e089a813e8,5194,262144,unknown
train,1390.png,2528503b83a60c7149f47583af91d97c3c2f30b79755cb3b7afeb7365b224f3d,bf1d097f0611f77d27efd7a847450bcb354dd409a049c8adbb642faae9ec5a7c,3909,262144,unknown
train,1391.png,63dc7c0503376aad3379e864293ba4fe66245438231fca43725cd5df8ef5c56c,f3792a08c376f36a9b3898136afabc9c17f94fccf5053d1b4e41636390f0f413,4599,262144,unknown
train,1392.png,b93a5613f05039ea8dbc193c8c44fde016721ccf72ff19234011b013563d7e30,651b0b5b1758ed04dfe30acda4b5112d905c5f78806f270794f56546369528fc,5141,262144,unknown
train,1393.png,f1f5aa657d13ac604727c46c7e9170e3cd6501e187a68c99683c5046cd1e170c,248d5ab69e43fa68d80914f0af46a187b352a3c50677b1292586a3401241662b,6230,262144,unknown
train,1394.png,2140ef58e312ba305160dcec17fe2f78a43c8db0938da191ede83c355474224c,9169692f4a2273dc64f78d9aee3a4ed67c4295260f9cf57539a715515108a0dc,6341,262144,unknown
train,1395.png,bcbc084b4ed236662f0c43d1d99563daed9a4adae4b155e912c7d30574031378,03aa4a58951e6e5b8f6e5d437cfb6f1e1c71d5f649312897e70f6fde91ee456a,6048,262144,unknown
train,1396.png,0d265179802a0251c6c02cd007a4154e62f98689c6f554fc5020752539d967ec,49b0134e18a4e97e57a0f2add9f59cbd0aaf80491ee665c3d0ab0211ea55d466,5967,262144,unknown
train,1397.png,9841e31827e7f6abc77a34a29eecd252997c4b3ae17462e2c08bfa2c652fd3c9,28fd672694cf6939b9766f7fdf7b91de49b178758c33a034e60e9da6e3504052,5698,262144,unknown
train,1398.png,9b5dd1d50eb0a76a84dcf432fd649397f6bc23fa8d52b921e4ed35956ef5ef76,7765b1206d6cb75441f6515c362f7d2f03b0a1e55f135925c66c70784da55059,5509,262144,unknown
train,1399.png,53fdc6c5962f96143d8a6c6b96e4ba5310be385e5725015af5d890b9b61adb65,afe4ebcefe0bc567642ca2f9eba69912a8af85e70d6db12a0106f1335e61086e,3461,262144,unknown
train,1400.png,d9b0162c372ad486449c072c73764e72234c331991a28cbd4938649dabb37e5d,f051371b7e4b6d844fd62e5dadd79ab7e0b890f56ec1d114493a5166656c47b0,4577,262144,unknown
train,1401.png,965233081c840c2aca4119f799f045d10f96761d62c2e76a61180a50fdf1b6b2,82785ac9dce2a6fc1a2cef8f95826aed0054b26b8358449b7106d26e082ad4cf,4642,262144,unknown
train,1402.png,84df5f01349fdbe11265fd7d48a042fdabad8bf54b9b6803186e479529b21aed,4b39169ab33ce24a2800b036ed0f9e55443b05753fe738bd43d86b0c79af0a55,2655,262144,unknown
train,1403.png,da1efba1cdb530d4d4388fe56a72aea7042c7d9bb4e1c4110eb5f0865e04be15,8362d969b7a82e6e23b619dab115e85710b99d6887d1be23ab57b6249a3c15de,5313,262144,unknown
train,1404.png,3cd3df344c0779ef4d4db6524a0035f62a9b4f5bbede964b3917478485cb0ed6,203cf3a00177057f9934fe2e5c5a6aaa92c52ac18e16439d5c53973694f426fc,6252,262144,unknown
train,1405.png,99644107f0b9848d4dbe98803e1474a0cfb9a1f8caea7ee57a0e5884206efbd0,3e85e8ac54a16f942223226a76fdfed11e9a4c54560f09372149a5bec8a1eb33,6623,262144,unknown
train,1406.png,813ebcc42bdacaead968ebf9eb5e125b5743f29b8f041e4693816ccd11df1e1f,8eb3e8efd170de331f4d21604d4c9de635b76c031c4ed0e40e3a38651dabeafa,6732,262144,unknown
train,1407.png,11acfa0dac05701043e35b56ede47730d0cc3895eaf707b751d38d36dfeff784,d462fa2a376dab02931d19b24b66aea4c139a7c8de6ed513f643f95385174d65,6202,262144,unknown
train,1408.png,56cda8f2921aacaff6d7758d8b406a1fce50d7e4b5ba49adbae824acf5270dbd,7eb3796cb095477f7e3242cb867295bdc2a968a1c7d4258a50290007ccf89ead,5704,262144,unknown
train,1409.png,2637c1db1e42f302ef727faee180e4a49dd22084109799e63995a897ef8cd7ce,2091f779240e287d6961dd280ab0563757ee08155f7959375bc4db38cd5480af,5728,262144,unknown
train,1410.png,58a4aa6a3202af4febcd29b8d6506329875bc84cd9aa14e494a1a2aa7a9d127e,6568b76991f1065c33755cfbf1d0bff3fd94fd899b4e09c459bc9000ef547714,5101,262144,unknown
train,1411.png,87f1939e5a2da0a6779f624d0fbef920b47cf2fcc563441ff0c0d1d9af3adb6d,bfccc2caf8968bf4e6610845ff4fe3e39ab3eb42af14cd7282150526e43d1399,5296,262144,unknown
train,1412.png,2676bea484c997b32ee2f1cff8e933ddf04474669d041db52cfacd5ba77353c8,6a99191c0217d78630d2c1378baf3c39de5ffd6bd8bd57f13b949ea856d3d99e,7357,262144,unknown
train,1413.png,a4a8393e192a989e57361a44ecd5d8f4757a46408d44115dc2561b44490dba2c,fe177df82caeef0367181ed7d950121d83830829d34b2693272dda4b3b4012ff,4168,262144,unknown
train,1414.png,ab3b7350a720dc9c74fa6ab2a87626714ff3ba69b7828418a45ac1498d2c0e8b,62f89bcebd333f1760936104b488b594e507ff5c4c4ef20ac06ebccc138dd0ea,2558,262144,unknown
train,1415.png,ac603712dc2d85fbd0ab7851c54cd44d1e9a369ca9aaefa0ed32d9235eb63c65,9a2024d2d2aa879093cb26130f531a60b05219584ca3f6a7a161a76d57fdcb3f,9002,262144,unknown
train,1416.png,5dfe44b3dbf637b87886804cdfd6ce62e502da69db60d6e02f3b4eb5a521724e,421dbcdc98b82b0fde7cca9950f2bc61b58a7afdb58ae89fd23ff4fbfe02f47b,9929,262144,unknown
train,1417.png,6da590de8e1cf32d6c1ef39ab79d4024f07065972b471a6d47b03949208b8292,50130104add603ac1345f1026d73510ad0711416f6dd0ebf51fda1b2fe78afdd,9256,262144,unknown
train,1418.png,c4127dbffdc171fc02b9018b256fadb6dd48e8924bd01b473e7f81d894f66924,6a13f44e3aa0929a47d17d669bf045843db627baccf2a83122febc9789204821,8816,262144,unknown
train,1419.png,fa89991efd99337d4351c9654dfbacda75ad59fc80dc6e2d6ecbae94b031a323,70931b2fe7a060dfebabab2271fa8db8f75cd7b048fbaa116277398efade9d57,7625,262144,unknown
train,1420.png,fddc1bb4c8d71afe1b566d038848cbc232305802203a5271cbd353d8ab93e629,acea305337f51dacda7c78d68912336da664e0b8b0abe618a044d48e5100b549,7896,262144,unknown
train,1421.png,4f08a20d22854ead0d92ad9d42ff67474f3ba2d3616318c80e57dc0329018134,e56350d711a873cbc5399b9bccd5ba25aad9a4cace8a4d2a0af6794bf753f4d2,7022,262144,unknown
train,1422.png,7f424b5c0f3a3bb0796ad90cf5e35e9eb0a254f6f87db19147f61e798fd0b401,788ae523a3b7deb94ca8f11bddd2c5961d83be18f0f0e8635fa1875adea790b0,5620,262144,unknown
train,1423.png,624e44957c54824d811a507bf9c2a4c5ddff6692555942704731c6c881a59c29,11dad31a373913257132d891611df541d443e40ceb7888a2aee1e17460c127dd,2829,262144,unknown
train,1424.png,71cb20a480586ccefaf1d06c2b9802d419ce1a5b81a3004bdf882fe152ffe06b,4a31e11ddb8a2f7df044b8d74c54dd5202eb3bf7e5cd3b979048aa6714470af0,4081,262144,unknown
train,1425.png,07766e6f23eef5d3e42592a3f7c04c58997caee7f65bd35dd8679f5a58bb07ff,d26b62d23c6bbaec5059d7fff397988042c61a20a0d959d1c339a8d02307cf9f,3110,262144,unknown
train,1426.png,a6d8a3d0ed4d3bd8337c2941e2301563633b31dee303d43d797f110f76873d7e,f144b1f51b92cfc9b530d8e8a2e9c56568dd73ff3df321e87dac2d99198d0cbe,2209,262144,unknown
train,1427.png,51e7973cd23462aad4e3928279cc9cabd782a35c26efaa0ccb3bfe44ab69d349,f2af1da3aa1dfd88bdb20c30b66163c19b0d81347d8e00191681e4eadc6e07e9,4540,262144,unknown
train,1428.png,125eedc719c9d3f6c3d86d208707cd43ec82f8baa874504686f57cb984b8d451,197a98d3ed06f4e80a3f01cb595d99c105c5ccc800712655ea87ca7b488128db,5257,262144,unknown
train,1429.png,4dd602c68bdc11221b3a4b7c31d9fd29b196d9fa4033d5c9cea61e391a210b0d,0032bdf795bc443a254d06f317a7822808e1324e40a18c8cba6f242c9a5493c6,5833,262144,unknown
train,1430.png,d8061d61e45303613abd412538daef92c17f52a0d08834cc0f9a4b546b8d481b,f9b4786fe93a48a9845faeca787de8875267adf61e03a5266aa6b0403a01cde2,5926,262144,unknown
train,1431.png,d6f35b0fbd8a80a2f7348291eaa6a25e890948862ea740c40a0cef1cf10cc112,fe1c8127c8ac6543640a5b8c143c12ba34b3be7aef267e3449059a5bd222ceef,5875,262144,unknown
train,1432.png,e5f356bdd3891ec859cb8f0603e3fb0357365bee8badf89ef62c48b5624b5930,ef12ea0678b96a283ab2ea25259c4316aab8b56f214667dfd608268107f1257f,5364,262144,unknown
train,1433.png,d29b5f343f54e4e4c4631ead7f32885b64f4b0da4fb86f7c5ef8c2d88d2e0b0c,8d1b599613c509207f8d0e5b91c19997a1d04f11b0d6988b731c8b9ee4d36856,4945,262144,unknown
train,1434.png,0f7d6e314ff08b8674306e451a66ddf409a05652899c5c7b6b8229a637914ede,fec9d8883b257f3c6c97310e0fa7fb40cbd96177be1f530599b21e5b85429503,4314,262144,unknown
train,1435.png,0f6e915235e349a06e6d8a59abcc572e1f5fa7710b60060d80bcbab63528d93a,20dd14a95bc520fe83bab1a798b5e9952afd5fb5638318864a1128b3a01077dc,2750,262144,unknown
train,1436.png,53e54eeceb68ddcbc2f1130b991b8f36029ee87c293e288d17729cc27e23ccf1,16a1e5966d4c5911d27a7193e1de3032de6c08098794aaf74316c7f57b729115,4009,262144,unknown
train,1437.png,50cbc7d8b130ea7d637e72c76df034ada669304cf2f534328acc3db5f102dbea,924b953983cbdf0ba542834aabac2771fbd180a860e2697aee4e8724afcf5fb3,3249,262144,unknown
train,1438.png,7e41cbc814465672706a9a0a8bcf0a4162769e422455874acfd4c0125b642e4e,20751dadea3b35c039b3b0b06d7ffdaadab5d3b68029f6f4a17d400674fa081f,1529,262144,unknown
train,1439.png,d77e6846297f082bf6c348a91e6bf11f3d2bd2ca30bd409fe414d696d1b45ecb,1d136fc6905ef95c903204dea19e51346e7a3a8cc39d936f2b09ec46b38f6d7e,4734,262144,unknown
train,1440.png,e94514369d5e3defeede64d0d88c0eb2598c95889c2abb291919786be23878cc,244a938d98f0bb3d4e497724a1c82d26dc820b757458146090e8399ea9338011,5059,262144,unknown
train,1441.png,6cd146e687576d90327f68bc48fa63c4e45c9a580a10620d60c5f891cb5794b0,a7d65f6a8f73bcaf51fe09889261d77ac57a7d7dca3e39737ed3eea5d2c31da4,5998,262144,unknown
train,1442.png,20523a8885e974138c0a9f8fa3ca08cf4428283e9fffd15a9adde17869c74f09,65597d8c7f1bf157966a2808a09464de3133460f0dfea0f282bcfb120f5efa42,6044,262144,unknown
train,1443.png,4e3feeb2b9b8a7f727fa2f3dae0d4d833f8c85d7f0911ab7e9b0672c6cf75683,a16d1e07ebcafd0cd253c6675e9636110b9564f63d3625b09623f066e069b20e,5908,262144,unknown
train,1444.png,830cdbe5efa1755267a274937bfc31c7a55d559864b67e2ddb6cafa14fc23d9f,0cff2e054a8a985f149a0f93e4f99d424a411e3116cf0032fea655f809a9911e,4898,262144,unknown
train,1445.png,528bf05b926a3f16c66e045e947461569f873ae6026e04960e638e348b71b6b2,a5f4976d5b8b3e39054c087c95102abd6f83bde92996aabe23462a3fd92aad1d,4777,262144,unknown
train,1446.png,6e2626eb5a528957b12594e089fb5eb6606ab6a901c319520c06c2c0152d3e0a,8f47d6f2289f310aa71d57e2591e057228b5859108595aa633f8a0b75f9f10a3,4408,262144,unknown
train,1447.png,6ba3cf856400b46027b720b7e527da95c450b34633f29fb638f00d94094f35ef,bc8026277a438d6628f9f043068270ef19a7a2b4c525cc60ccaef51eb1c511b9,1550,262144,unknown
train,1448.png,385b6f8b64162a9806b47161f4f2da59c8d1826d8eba1b1b1dd3d3695c2aae49,ee03cfdf8530eedbb183f3e0045c07c36a80cc51b6ac222414f55e09cf812f63,2262,262144,unknown
train,1449.png,0de7163f8aa425a9e86d57b98f3a92d41470bb2e3a26c4b73ba9f4f108aa94e9,9dd833e772d11dba7d5c159f4b961fc68128eb3067659a9c30b262aeb323c92c,2562,262144,unknown
train,1450.png,515654d0836517f83d68271a5408bd798591f54902f4112e1ed7fbf7fa66725e,2ff385449d83fc43b397f2b6bd8a2d57ce83110f45c2f8ad8c26054da4f4bc4c,1228,262144,unknown
train,1451.png,d2393241826fa150c8a2b0adcd4af9d6a30911bda25ba2dc28ad2182a88af75b,16a11dffa906f196b30464c719f78e48566a73eb0b88a83ce141d10456cae304,4671,262144,unknown
train,1452.png,88336bf08f9c07eb34b2d7d55d31431e3fcf5239d2e0831fc2a82bd1bbd4fbf4,2ab3fdfb19ebaa485da51e171ea3abd74999beaed558b0494cdbbb9cdc9de409,5422,262144,unknown
train,1453.png,fc89c07464c92c45d0fa289ce06b6ef5a9fedaf12b42d3793439fa44f4378763,428390b83b456d3b2761c740a4359c064c10c93f306072c5369f0899e27e2541,5842,262144,unknown
train,1454.png,0e9a6d408b1a8c3e7a5a5cc35f8e92feca53bcb0db934065d5b08472afa89305,8c3c8ff95d25ca25239337bef7feb61f8c0572118a3b5245db9d0e283aac7baf,6126,262144,unknown
train,1455.png,41e010448dc1b4d89c79fb05196c0efbbc2101168b228537d7facc9455d84fd0,630d77fbf9688fe6968a5ba50441801c114f56d33f5ecf79fdc880de83f9116b,5965,262144,unknown
train,1456.png,0541590a140d6b7cfe39ba98def4c65f7a4baeaf71cd27fa8baa7aa1a1c234dc,a5592297b47dd9904fa8a3af264e434c4c15a1277a168e9e589394b8e5204c70,5258,262144,unknown
train,1457.png,f23a2e1cac2888d1851b4945b24d162c485173d34f17a47f5134408ed532e877,6c1b2270dcad236854700646224304b01babae229c8b4e14ca1c973b70bf0481,5031,262144,unknown
train,1458.png,fad7103e0647b7cc910c1275ada2c00c67ca322a1fb31e422d85b67f5ba60f26,7e6b967a3c47a7121e9f87309c9fd641f90496915fa35f1860ebca457f8e08f8,3772,262144,unknown
train,1459.png,49cc07682a73bbcc2547b7c2ead13e201134f5589a2db61b8076890bec1d8044,278f6b1336e76389c172d52921d589be76276aaa6afcd1d8df3327609245d60f,1407,262144,unknown
train,1460.png,a05f3fc2d22c51871cafd858a64db1be7e041b48a74edd3f53e94d0c80a3a5e2,5ea080f9d92e641158e59c9dad4f835bba8d4c2bf7462bed37231a8c39f05c68,3204,262144,unknown
train,1461.png,98668e4dd60af08e1bc3643e0b6f97f281d1e65bbe2a728f54c6eb87e2d5bd8b,214aa4b7aff9601ed65613124e4688bd5d8eaaad7766f7048bfbca4db2d4f2b8,3457,262144,unknown
train,1462.png,ac006700c531e1a19dc317aed217e588fe0097f6a455da8f132f10d53e5b751f,c5eb5c19632ec556b5e7f5d9ba06e53ef2755d907e9d85746c2a7b5efd4bc57e,1617,262144,unknown
train,1463.png,623a89d077967f2d29117db7ae04683ccb7c29e9aafe2006bfdb2ef25bcbbe57,af471fa0188b4617d227ada5f8617b905efe1daa48e89f3a95dae9b34c6ac9e4,4843,262144,unknown
train,1464.png,e4e6c481a295402e54c625b0ff8056c00b74d2cbf5060dbc21209ceaf72cd89b,9d1a57e89523bb4069bd6732e2a97063e78e7f2e306381eb6de17119e5ea749c,5097,262144,unknown
train,1465.png,38138962f625828b65a187b0ec2a1c9ad014cd23a98714b4f234c4830723cfce,9bba5a9a74a58e389e8ed61c36f50021d9f002ce4179f3bb8abbf03ce8d639a3,4970,262144,unknown
train,1466.png,2d0e1fb558d63db4ecb6fcc98a22519f235d6554af333e557bf42c379b391621,9cb93829c185eea9882694ae849b29d0165025e528fb3d23e4748c42e0092181,5961,262144,unknown
train,1467.png,66f05f7e853622e1d07f59447df7082d0ef0e6e4dc89da94ec3c1167f8da59ec,d1872815b581bbe4ede0b812f25dbf14469b30eda3df20e555b564675e2329bc,6050,262144,unknown
train,1468.png,6032e5d42bafe893415ea9912ca400083e2e53bbc52f3044e571eb0a6f003e25,e9cde05ecab4e6832bde91cd51fe92eea96fa1a939fb91711d98c594cb3c40a7,5668,262144,unknown
train,1469.png,7aa09efda52af2d4d129c02ebdee2cafb031ce8f0e480cb89856276d9402cddc,b3c343f5d5dab42f01a781d2d7124da57e4367389995791b9bd0a957dc53c0f2,5275,262144,unknown
train,1470.png,f0e0e6817fcb9100d6bd8b038434e90420ea6d803e8cb67705dffc2c669ccfe5,ba383e7615caf901ac3b99c0e879bd3328493a9864d154a2b73489ad4112ed32,4432,262144,unknown
train,1471.png,874834b6b85443ad96daa1ad5484e98c9f3bd0f1194e83043872daace995af8a,6cbac965d1bb327f6e83a76a82c7c98a8822a9dfb058119bf65be7eb59e3d815,3237,262144,unknown
train,1472.png,509a7d03f0fec9ec03df941dd4950eed2971b1147b8fbc4a75314c2cdd23f8da,ac416b02441499fa602c6f654a12284c6456627a61df1859e0e188e9100c8321,4621,262144,unknown
train,1473.png,86bd19be1bc70cd028865380abbfece4b07cf99f96f8f9f18dc6b2c6ce98d92d,47a659f950d81c316ffa80f885a68304e265213af2c93620d884022b33abd844,3352,262144,unknown
train,1474.png,639e68b31e8f8eaca07529421d41b01cc8200011fa663ef593e7901dcf4d0e23,abcbcab6d65bbea38bd79911daf0aee17b7f4b29ff0c39813d2df289c01dc838,1745,262144,unknown
train,1475.png,9bb6ec1c195992263b28ff86d97b5921fde994c0d2245bf7e5b9f21e74238f44,1b36f2fc64fdeb8d3f23704988699f58c3c58122021782b95685a43682b4eb0b,5748,262144,unknown
train,1476.png,253eaf95b9ae6ed03df3e2c29c11b47406446a9129358a00e81b351d2ca2fbf0,8d15585b0754bff2f40219235490d73f0a167909b2304d1f29e9fd0cc8f44e9b,5947,262144,unknown
train,1477.png,0ef3e745efe3cb24ac52873e1b2acdc583a4df28c8f00562721d4d113c5f0178,c180f71a660e7ebb5a1969097e094835b819653e6b02f76505a9580e8106e8c5,5716,262144,unknown
train,1478.png,8bacc85df77dc78b1e988d7e49a12eedb780118dee5ebbe7312d3c7500b82eaa,7e56db914c1225fcbbbd68cc72a689bbd84f434935a8dc2d0eb1f99e09fba045,6028,262144,unknown
train,1479.png,3d6021d69aa94bca50634092e227312d0a2fb18127f0a311cc65a1b7fc158450,18dcee1f6e26ad84948674c44d9cc64bc716ca38b209f6079e6271baaffe2987,5529,262144,unknown
train,1480.png,81342ea86c0df525dc42d18b1f3d8190b1a530105921404cd25d202062a081c6,bfa18ed554d757b04206a05428e88ee5e8fdeedbfe71d144f2468a11486519d4,5440,262144,unknown
train,1481.png,54b183f3865874c9f4e54ed772a818a4a96645dd2dc027b648d1e26db0200aea,10d112300449c5e39b7308e9917f31695689312f6301810120ba08b1134f4b15,5369,262144,unknown
train,1482.png,b2d02351d4ebdddb0a7726cf6d925da3b1510a1260938a137f03fbb60442f83a,13fa515f7fa8d0127bd90c804e9f6d31702439f66aea4d8c9061643c192b82d3,4487,262144,unknown
train,1483.png,dbad846823cd3ea4b27bd1a9480389ad3a917c90002e7ab7e407760c166dcebc,745550e1db44e43637baf1b8af36abeebf1cbb559aac3619331824e986f57b1e,810,262144,unknown
train,1484.png,916085c7f00f7cde6c1fd3b3b5d633495ae3ac3e804aa241dfee2268844eacbe,a9e88a8393bff379d44b17d5db1327dd781bfd4fa8cd24447256f9a0690e50d1,1900,262144,unknown
train,1485.png,a0037b8d995cb856555e5dff42e4aa1e957d785a19cfd246c77bbda6fb85b9e4,ecd6da28367a28bf6ff253e13473370928d2f0ff2be6b641ccc2e3e5c9a2e441,4631,262144,unknown
train,1486.png,2b500219434abbb3b362a5159c664bded477180f459de18ec794fe1e9ae52e5f,915220c334f6be74130baf72b433a85a32d1595ee498330940a9928d08d2494e,1964,262144,unknown
train,1487.png,4c23d6eff58678c81e0dc69fb50e3202c4dcc3258f4a397a7d037fee06e930d4,2b8308263e1fbfe15c838985fbcecccdde1ee29f39c12ca8c6863a0be0c7f746,1584,262144,unknown
train,1488.png,8e3373f3919a788dd5ff1b5e3add5d45c5acb68f54b142623c9177ad5c298ade,ef0579ddac2b46ab2af426f682db6390ee03d8feb0dd14bbd327b4f404905a39,875,262144,unknown
train,1489.png,9316186e509559998b562699789e4b1343f4cdf9ff0b036c948937b8efa6a647,ce8ea09b5e26efed7ebfa4e33ea95c524fab1ac6b9eec1f64d7b8827d1d53f24,827,262144,unknown
train,1490.png,d8ba9c7b8f45e2a8326d37bbdf389a8af72d66eb7f35120fe0064b1462ffcac6,98864a25d58a6b51b00221ca8b976986b7de2577babbd28caaf1bbe4ff919277,3400,262144,unknown
train,1491.png,589f38084620ae0694c174714deb6248b99a949908a81d43605c589c50730919,d422caff1e3355830145a6a9f4615730742f0f2f1d8ffd1347b48384944ac2a2,4238,262144,unknown
train,1492.png,19dff3ff435b86c46cf15763abc9b3d3d2245fc69f86b8d2920651fb26c5b83f,63ec7d5e95f911bce0a071819d3e834e3df231e5e4dde48900ee4af87e5c0862,4873,262144,unknown
train,1493.png,ba91629b22b3fa5403fad28691dfb81f19297d8f964fa9f9b5d9ff08900086c7,591b51605c8657c5fa7564921e3cf7af31be99504279074626848bf2a0ffe369,4917,262144,unknown
train,1494.png,9d54fbb093595407a456b712b864d0ee3dc29b5a3a902869207bbb58ca2a41c3,79143380a832c4c1a41889ba457b510c8bf1b4118b2be4ca2c9b6d9c415224c1,5832,262144,unknown
train,1495.png,f1e79b3551e6fc6292854f049f83d0d9eb125e26b1f3610a42bf014efeb6f12b,d9b6e6d7daf06d931ffeb6d89e361521aacd6bec4191d88c28759e2cc961f877,5609,262144,unknown
train,1496.png,f8474f7ea96b8970813cc00b39ae2d7c7c9a5ab8f64d50102dd1d46ed8e8c922,8b52959e03eb3914f6544f7770daf8da9dfab3d6c98ed1933ad03820682b4e12,5127,262144,unknown
train,1497.png,6237f0bb8587859f909641a8f2815810a80152c99483d0476e3e2ab70f0e6fb5,72f98968319d039d19f2057af9d59c603a823fa2d414ff3142ed940eee935126,5357,262144,unknown
train,1498.png,18305a8ee9daa418f581ba0da4ad3dfe6edf93e54c59396d884061bea0f345f9,284a549914cb6455c461ba87a787ca93776cbd0d076591f8ef2845287deea38d,4442,262144,unknown
train,1499.png,eb34e8d266a2efdeecdeaa7528e296b8657ddddfbfc555372a75b9483f6d0c0c,48cb5db0b193249bfa43d32479797b219ccab3aae6b4db765f9e4a959df83d11,6034,262144,unknown
train,1500.png,94350039acd255be1f2baceccc4f09c123cba79381979543df9319ea293dfe4f,cef32fed81982fe38077d7a0aa4552f46048a00ee26fa46c27d694e2ff708397,4363,262144,unknown
train,1501.png,fe0e0042c9cbd3b3c03e9f9799cb71496e8db2f0bd4fa1ee805f2e5e0e434162,131845cea29ca5a9d66defae3d8be1bee93bac732f32410a51317c9bddea38db,1594,262144,unknown
train,1502.png,cb3d21b3492ba49cd107667de2c428d39f66dfbacb7ec41b2bad73a850c70b28,7e6f58c6cf86074a97c9dd684de33f4244015cced81e1f5b406001b33b670617,6472,262144,unknown
train,1503.png,66af919e5423c8b9930a84658dd5d05b083f5028c3ac915f05cfc4a7732417dd,ead245f0df7386059d9fbdb9ea2a23e25a147545441a88ed8944648c1e7842c8,7194,262144,unknown
train,1504.png,d3acb56dc7466d52a306ec1dd38d0bc95c3c15cb8fa29761e57660ee08a13984,46bb3c175ed493da4da77bf992cf0b5fdddd2e57b5b28c2a1dde6e022e8ec9ce,7909,262144,unknown
train,1505.png,3c07ba9e96b7dd77a8546ad2dd71a61365516c0cfc74f40b0d4c4d6ac1ff7304,34179be3b9b554656a7b03a5369e9d05e72601076a5179a1e2e13f7a28f01016,8306,262144,unknown
train,1506.png,e8cf4071e2055b650ea5a7e1889a4408d8cda72bc4ceb2e485dc312047563786,0d1421a1b5bca0564b39ed2041f7bd8de63fecf973cf90d5ba5e87e201852908,7597,262144,unknown
train,1507.png,6b92090486bd7ef3c1e6868829098af75943da853e4331e0a022d4eeed898984,0fa4e7c26ab4b1cd8cff9275c799efe236017f0a943d6d9f2ef9fb984f35661c,7368,262144,unknown
train,1508.png,e97d4b64077eab22535c86a400cc96c260b3f9f84eac68a4dd89d62f8d456805,851e489dfd195d79a07158b320436a63f9f32f482ab41ca9d097f8857be4d36c,6695,262144,unknown
train,1509.png,55e9e6e7c9ba08ea51dc05e4ce62b5db8543e762e97526b4b8fafca54632037c,601eb29f893313c5826cf245343ff5558d4f5570cfdbd743541de16c16d28081,5801,262144,unknown
train,1510.png,5978d2a516143a202c3e3cfc85f6396008f2a33f731d4eddaf938b5304a68bb4,393434555d24cbf36da30b43357331edfa01b3c73e6378e917151fcdeeaed7cc,2364,262144,unknown
train,1511.png,4e3bbc4e416af3492625efb888b8d0610362182a859de81d818160d9eaff795d,2e0903d46fc14f0da82e1deed8d6b7e7d4edc06953de9db749aa788761bd7570,5812,262144,unknown
train,1512.png,ceb32383686f0e3ea3f42517da4f09c71e6fd2a13fd301c2088a613c8a5ff616,0d65877162bfcca5d0c2295faa04cedca3000ea000f9821669c183a268c44ebb,4389,262144,unknown
train,1513.png,c11fc9730895f2893cb03100dd9c36c56f7b85a516cea89e18e6a695c4a8e37c,2f6dbb3ea9bb95d01b653c98524a91dfe2bd954776e57383ee64382270c0f7d0,3020,262144,unknown
train,1514.png,7c2ba9c1e4bb556950cd6c1f9bb3c444fe86254249704aa7371086cdbc081f3f,924de9dffc6b2bdfa1732642933581251ca1fced9245abc839164f95b7caf4f1,7093,262144,unknown
train,1515.png,07e0e8ffda6f3503d8bf8599be47e508f145374331f397b86e29f2118f66a345,952345682c1e54c859ae5c1fae61893c4619ff9e71eb62d7ca6d714265221f49,7786,262144,unknown
train,1516.png,e58e54672bc3131725b1677ae05f14c6f8d89a67cd0c7033feb0f59a0b9b9a59,65c88c43686a11fd10d3ccb2c98d3bd02f5246ab0aeadec5ef8c6e3a8c48299b,8769,262144,unknown
train,1517.png,7ca960bb659a4fe3d6b354d2364ca6b17f66c931328ead88011a065cd4eca30d,c7c798fc7a330878a4e394599edf238c948db60e6d6bfeb669af131241242182,8804,262144,unknown
train,1518.png,d45fd1e9b39a341b33b4c1c65c460bdde19b8909724c0a6cc877218b074c9fa0,9c008513af98d74400eb1da5acbc94d19e0eb023c7d94e1a773e679ac388a5b8,8175,262144,unknown
train,1519.png,39dafa5d19f964c6a1ed815f8f934977d7eb6d75909df8147b6e4e6b7107a0d6,4fe50c51d4644fef1ec5c94a4560a1818747a9a1f9963213657fa6c9d14b0ab7,7975,262144,unknown
train,1520.png,4a8cdac6ada3adcc06e2925c199792e3cd679ed4e5749965c45e4c0d21b0d7ff,79ad91e03698c16d51aaaf92493961f87001420effc06a001124748e4d05bf86,6984,262144,unknown
train,1521.png,c85f737b986373abc20c335da10a985262d11ae5ccf0f10a6d34154b6e5ba024,b971ffc5963d039578fec87653f7dc7fdfee257a574f15085f6fd91e31b61e8d,6258,262144,unknown
train,1522.png,2cbaa813459c2d7ee7be6b687ae28befda54367ed6ccc5fc5877ad9e7baacc76,c91654481bbfb4968787f701d2285ea5dfdae239c9fc557b3c975ca26bed3c71,1317,262144,unknown
train,1523.png,0d9482c3c1bc24bc2b6f92489ea2b956b5f31b9262b8666157b6fddfabf24780,afe0e8138775af869f075b60d13fb37189fa41693f33023fe2b7b7e7d6d7c80d,2658,262144,unknown
train,1524.png,948a44230feaf6f7a8b12bbd4d418de2c13bdedfa4d33d1b01282cedb166e5d8,41041c72a5c9d69578748788dba80a6cbef419608c758389e5e82f03d5626922,5402,262144,unknown
train,1525.png,3d12cfa5ecf138ea0ae55fda9ee9eeb7811a99a815b05cd00172fb81222107da,e6373f072ac15c232e5a779b18c4970f52a891ef7db9e24d8194a15ef2bba9b6,4377,262144,unknown
train,1526.png,ace6394f9694d6bac8ef61d21144d431fbba9df33d87066bd7143872e8c8b818,2cdd233b912a23e4c8170c62d80d270cc00816953bfe48d965c83ec2559b1c9c,3382,262144,unknown
train,1527.png,4c7252fa9a522e4be232c82e221d4c3ab7645d6029b8239634015a71837e3e21,e6364db428bffb63ce0d71e6a520e5ed67b0d2489a1c2b33df36c287bf1f09e7,2633,262144,unknown
train,1528.png,8a413c8840e407fc09b67bc63a3400e36dc04ec716b85af76f8596936df0bb5c,7839c646d3d7b2798ea81da14fbfe871ed8216ebba76d9eaa71ddc37ace70293,1362,262144,unknown
train,1529.png,0e38f2bd7f5ad7845857a05d45c4e744b646d54c22b0646af25be2948836e11b,a8255f40649dc981a435d087fbdeb7fdf01cd88b1f73b5f6888172f23c43d981,4812,262144,unknown
train,1530.png,310b7cc7a421e4cf827adbf06ae1bcd5c017f6fa3f7cb5fdd61a24eace88e405,019adf53873026d43fbd9cba52a5f15bb7d1d98d5899de196f5b5ce36da080c6,5180,262144,unknown
train,1531.png,ea3f51124326313cf660362f96b09529462aa5b8b07f7c0378fab79aa4ae2f7d,ea13b12e128f4ce357fbebd0355f0100fe8665d56ec19101b7ec3b28fe252814,5687,262144,unknown
train,1532.png,d63b8294a94485207d45851a989bb09ca7b103b350c871e9dbbc8fae3fde16c8,c2903f3c4f99b4e1bdf83a73d61630ab5740ab9afc2211416a79914cf45dfdd9,5574,262144,unknown
train,1533.png,80180e53d435f0fb8d95b547157c461c3a00015ad300c30524bdefee20b4a47f,ecc67710a19db06588e0552be75083f77153d501f764e3adb1fd4852f1aa348d,6120,262144,unknown
train,1534.png,e81a0050c1e6583e18f392ffc91deb3530353a8d9ca98565c9d826fbf3ddcbff,1c56841136ed38d5ceeea324d4376fc6e62d4b951313576363c1075b14352d25,6703,262144,unknown
train,1535.png,e4dfa3bc25b9148a8b83d6af44c6cd5296f98d36ef0f58c3a6ea1c417d8866f7,615d81eccf71f06be481ddddfce285375e4749c2dfc6eccacde0886331db7a43,6434,262144,unknown
train,1536.png,f4b8a42e8a53969ceae20f6f706f4ed762e1a86c400494c1a36e0f7e773ecfcc,2e88288a3322ec77034dc64c6e63bb58556edee9a0e9a5c0c3c0693fba6d9a8d,6460,262144,unknown
train,1537.png,b1462a4c2e2723af8d8d305c7184188ec59fe8456e5b26b8c1c79b43b724a76a,ec92d2b2b32db54342467e30ecd54e7a9487e4843d8243ecadd1b929de9beb4c,1361,262144,unknown
train,1538.png,eab553d72db65b1d2e9badab534a0d915c25f76ed103b45eeac3d097ed320659,a698a23fe79c52330b1031a8731f6e0019e6302102bc196991ba5b9716c2e0e5,2939,262144,unknown
train,1539.png,da3822c4c6838e1d66b676590ce267215762667aad397392f2b1745719231381,9f4f037885062b2f0e9d701cad50732c25a5837bc14bd96b9769a0680c17e76b,5455,262144,unknown
train,1540.png,02383f9791abed3d4a6a80b16d3bdd55aaf29b86954f6986111ab63bf649841d,bb9690f5ea1ad758939500fe860eb37f307fc038a007a49037a7b7b82f0ae2c5,5110,262144,unknown
train,1541.png,43563c90177779e151d3d359819ff069203a161a142c41c379f9b300d0821088,97a0ad70d61b449b88b37ca7e1c6721a0966538980b6881b22120352a1232b91,4585,262144,unknown
train,1542.png,1b6919aa91cbb48a85d7896d756f6b514c1b794d4207b23690980e414cf35269,f6d685d40c8460afccedfbcb555f9fc71be6f88314f670374a16aefab956abaa,2127,262144,unknown
train,1543.png,1303c3733c940b349eebbca6ec370c48adec3238cf307643eb5886a34e908572,daf581ac4c87981f55d34c84da57b650e5d16076d32a05cd382b5df67d72e78c,1185,262144,unknown
train,1544.png,101af0e059b4d33e07b578d2b78d0432f9815cb2c2684e8438b5004ff933ff39,d818e40a41f0fb70e72ec354c9f454c529438ac67a89cc0863b75e275055d174,3869,262144,unknown
train,1545.png,a38dfa7ad5aae46338315f45d0d28173b6f195e4fbe0e99c53435bcd08ca4449,74a3de7ca560b8d1c4ce5791c3157d7c942412445c22b2a1b5672186ed56e263,4751,262144,unknown
train,1546.png,5da34d371fabc9a5b48a06778fde299c9b1d9832ee937ea5bdaec42e8d3032cf,5a2f8eb6080581ca47692d10dc8352b5cd4999efc6accdfb09c68d8d96ce8be2,5698,262144,unknown
train,1547.png,2d47c93230dd3addde2f6c30bae4db76aa43ba3ae6d42137fbff05deddc1d1b6,7edc480250345d7287b7e33917a665b105e05b5fb30a144cd747d0c2f940455b,6470,262144,unknown
train,1548.png,298842cd2d4176308f4481162d578bff697a6528eb00b2aca32789a5dade0c47,9de1fe27382ab6d102582195cf975ea0e73abeb7a340223b8726bf8b4f488c1b,6668,262144,unknown
train,1549.png,74bf42f060a35d33c4f0b5cdc8a59c3616694fdc0161931e9b6e014e193acf77,4bf861b4e7fa8decc1645d3d7806f5aa3564bc44bbe6cf3621422a5386df15a9,6982,262144,unknown
train,1550.png,399739ec18d0a3cddae43a39bf801246dae14785738216fe2702672b09c672a4,a6f18b0cc4cde0db33a55149c35274f1454f14c36cec213b8f776f8bcb490319,6666,262144,unknown
train,1551.png,c49ef855d5f7f8c871a9ee5304d4039001162ef966f2bdeed5c80a0e73e8f453,9c947da50130a707c8dc88c50a88a7907823cf75431124d3961b64c9354f9e6f,5865,262144,unknown
train,1552.png,19731c99359e95ec090262895494feec4463b5d04c2acd28ae284054545aa5ce,c482f2cb7f6b326ecbc48bfb468e5709b403feb937d3f6d59d7821fe9ca835cc,1999,262144,unknown
train,1553.png,9837145b8e74279a4e46d9bceab04ea4eb9044d9cf5cc973a176c99ddc066d3b,fac52c697be7346c7db171e567074089c337791fab6b5c3f2e7f880aeb718f1c,3659,262144,unknown
train,1554.png,9b09ae3d75f361a0388f8be31fb4f2060af7252d9ef08d68ae1684ed2465705c,2b88912935154d04235b8e14eb42e823520fd83ca6cfe3d3f0c7af568ba85628,3407,262144,unknown
train,1555.png,19599f53c74716470e444dda9df286dae13047d5714b1c848e954c4fcd65108d,41bedd9bc56311da4809787fce5436b13b0975a6239a07c7ea7c507cccc75078,1811,262144,unknown
train,1556.png,87a56c60f7624ac72c9efa50b47655bfd39c69cc0cfbebcaa6f309af1dee5f02,f30bb30a2d02167d0f5f6e8073a1ed4b988c5885a5122b5640bdfe23d5ef3b02,4543,262144,unknown
train,1557.png,72ca98cad2cbb26af50ebfb671373be41161bdff8ed31ba11030cb1de67b96be,c98b9a00f78d4b21ac820b6d86a65738b61bd0ef5e0105244a170ae27cb32b13,5137,262144,unknown
train,1558.png,1bea38dd0c93e19b4fa637978b4de70132c51fc63c13234e53f9a6bed9e925b9,8902831631fad330f06627a70537dca9e21dfef6e29ab66f8ded05e8343636ec,6120,262144,unknown
train,1559.png,292d1ae0d682536295fa0a98df6ba6d20f75f3a3e30b2d12fcb2f3dc1154a44a,0d98d6c83b073140428389fb5ec84d781bc7afe53435bd497f3f784e3f4aff0f,6337,262144,unknown
train,1560.png,c0274c19452f6cdc011f9fb2e63299bb07d281df2282b3e2b5558fce9ebccdc2,2bc33919df08f633aa69825e828e1affed46331b9df3ebbf057d0d1aed17001c,6245,262144,unknown
train,1561.png,1ff69afe0462fd1ed99dd5bd11d5feb2b15b9258c7ee4b8653fff877c11dcb71,f69b6944f16298c92498be181a24376f26881d24c4fdf960709a717e04bad9f4,5178,262144,unknown
train,1562.png,3e9406a83375ec0c0fa7803eb32855a15726abebb74a97cfa3337fa9d9a87bbf,cdd0ebbfe4323576c3282da818ebcc1cac4f2a898661a7e84b32fa6f35c5afb2,5214,262144,unknown
train,1563.png,07e18aeaab6bf52e5bf37c01871e9908192200607065822b3dbc937b8bf888b8,6604bd281fdc677bc03cfc8fd359b9c15758d9791b61174c79d276cf630168f5,5176,262144,unknown
train,1564.png,ad90398bebadb426019b9f631ffa789686a040f0e6134c3ff43cb71819e94099,fd7808ff1fb38f799d6de1f2d4adbb7ddc94ce334f45c4c6627408cdfe38e1eb,1973,262144,unknown
train,1565.png,822c0052c5d7efd64aad0cc593eeecd5401755da84424572eb3282032833d100,6bded194bccb1cef1e8821ec940455b1e56664f159009940c56dfb676083c8ce,3154,262144,unknown
train,1566.png,ed742e0050b440125a141637c93bdf3e3203ed2f9704e9d0785515d5958c4ea7,c4d3532f158a811a7067325f19560f2a606f4f048360c10b3c2342e6ce5c91b9,4070,262144,unknown
train,1567.png,6d8e7d08cd006710e37617f41a31f0ba09f612202763bcf8624fa70b2c09fb2a,a7ee24227c1c0a08fef3acbe65f43d78c7f61251a482f671d761e019d3f15c3a,1795,262144,unknown
train,1568.png,e618332f49b767db89767c5911769ac24b3e89429a245860e96d71be5173b81f,4c6336eabb1705ce98c17f404b2647777dd37ee172cea6e48153fe92a4fe28d5,4529,262144,unknown
train,1569.png,d5b7001c27142519bf9a0aea23d56fedb7d77d496b74e195d1150852fd771935,948703365f513da18af1acc7645f7369fbd7349d05afc6edb532c08296234a51,5057,262144,unknown
train,1570.png,92a326cfdacbf66f4e9edb6127a5523b10c71a56e622bca97c9e52819e980a57,1d3b734f163bdd7ae59c1759c7d032e66260c73650dbddff3ce52266f8e9c110,5126,262144,unknown
train,1571.png,a1d16bd205e0f3a9e22fe0a29d9a3dad8641e467cc0162bc0062fc241ddb8919,158a887da6c0f12eeb2ed7c31321736e692236c4e96eabbe28a6d8f7fd2115d3,5490,262144,unknown
train,1572.png,d2b9170f25d4f10238620f440914652671da0f625d0a337320794c91f115218f,6a589fb8a7273ac558457409967cf27e228e7b4527edafbe72b0d2b588f1f3c1,5565,262144,unknown
train,1573.png,c40ab43861a851fd73f67115534b639a9a97018d62917623ed97c246c393a5db,74aed6ddb13ea5813d1bce5bc36a9219bfa6e597f37cc8ef357123d482598e02,5466,262144,unknown
train,1574.png,fd441f7a0a18019a4aa16ac56c526d45aadb2398202b0f3f4b032af50828f33b,293234ee19a1f3aa4ec076233f2b0baeae813d72b61812de0e86793e2404877f,5414,262144,unknown
train,1575.png,d003523418158bcc07b5d3d9d7441cafc1e7eec5de88369ec91f8e6f8f52f498,fb4ecf25dc61c60e0e5280d60407967f0d6e92c405c8cba820a84684d639e20c,4544,262144,unknown
train,1576.png,f36f868c0ce55b2ea4010d9750067f8b779fda75e0c9efd5d53f953568a7e938,a8f47f792a11206e07d7c1ce044a4e6ee221bf737e12302d7de668f529211c61,3507,262144,unknown
train,1577.png,3fab3223ba77aa88b75d03c5dc954f15d5cf6dff81af1c1f2239f1ad919aa595,5bbf5ed5bd634ec1213e5add78b0e7b36474b558ff682267a3968327ffe78885,4560,262144,unknown
train,1578.png,6b51a4c8ef4dbefdfcff5e16cd67e163d7570ab0ae80fe4384072f2617527de4,0148966d53359cef26247d04024c12a86ef05232d502683fe5127e97c819b5e3,5194,262144,unknown
train,1579.png,285ce719161b20e83145c3db2adfbe68bbca1355d8c48a7164c61deb6a26f7ee,451c166344818bfe6e23b841806b1e1c7658468df2bc52cf22e2a8904715aa6b,3099,262144,unknown
train,1580.png,d77a013a32a863887c6b9bec816cde6635f2cc713f2fd1d73015ed1720676512,6ef0095ae4594e6db8eb39fbbc8cdf74d7e8c8dee682223810dbc2e9ef97f4f8,5293,262144,unknown
train,1581.png,9e639d2b7f0b716d433004d8f4e5b9010d84521074e9cd6eb9d27556d6d33063,8b887d1715c933a9e26cb3f4d915b7468bf748ed7f4de7b2402ace1c108842eb,5711,262144,unknown
train,1582.png,7b65e496e5686117afc8753e6beff917c8623fe95499c9b5f661409313c375d8,c8374916e5ccf7726df8cdab1c161991f98e41d2ec55597d207bfb280532db87,6166,262144,unknown
train,1583.png,81cd262dfe179dd919bf5a534c4cd2bdde5c13da7dee3c08965a481c1d25ce72,959fca686db28c48b77ff6c234c15a073305c12833bd1d7936456c26afc2200d,6576,262144,unknown
train,1584.png,a02c86768c43b3186f83f8d05645fdec36c93c1fa96ec7e51210ca2ecf9417b0,7fe384f38783245d67a807c672f26f11dba22ea86939ac0fa4eaf0def868b98e,6327,262144,unknown
train,1585.png,75ff129b9cc78050430705459ecb430b727c5db2c284d1bdef4c20aaa30eadf3,6bfd6306e1d22ff7a8c32f801ecafaffc06d132bef8cfe228d6f76ca8b020034,5619,262144,unknown
train,1586.png,bb357d929af16a4a35ffd2126461d6c9542f12597f30be4fa7f132014986a52a,05d503bb72a36c64ebdf85aaff2d86061231926c43fbeb57852402703c3a3d1c,5644,262144,unknown
train,1587.png,e6909166968e9bd5b7f174125d4e4e7828bb2bb57dd91167294a689c421f9b53,2fff55ab8b017be068038dff1f34fcfe95df0a98abc70f06c39b304fdd7eded6,5073,262144,unknown
train,1588.png,e74763f6eaafa7c7ca24049b183927ec6c977a90c7ca7d9904702839b53cc692,45a216a527208d858089785d45776f9d27b8b9934c62aa92135ea87df6a3045b,2591,262144,unknown
train,1589.png,b6441f05c3c374adbed0a5788e8bc54d014240ad97a526eeea27c9419999bb90,d446e58a897378d2ea2e713d1dc4eeed55d69dbb09c6862df3cba50631dd8b36,4544,262144,unknown
train,1590.png,424ddad250c70fb448bf94f719610eaac70414829015ea6d622efffaf6b2d80b,c08e689f81afe8ccdf4283ad6dd86938f6c2fb4935d96bc4b5b4ecce8865b1ee,4002,262144,unknown
train,1591.png,4da32e97efb7d2e07b59cd3c308812ec43f0b3827d56ad9f4c9db99d3467dd99,3af564b2e1fd4168c867b886f05fb631d1ab4e727cdf33856e3263907c5b4aa4,2189,262144,unknown
train,1592.png,4bbb3ff9ee721c5d48b11f0d5e79353ce0b3668e303c024549dc256026a1afd8,51333a9b9b646f3272e72e8c634be5c6aa2bcdccba20a899df06d8f83c57d840,5271,262144,unknown
train,1593.png,e1418b0cf6f8474f76a26b38cacd9ec9ac8e06b0e7275d1527880c5b1e085dfb,3219b368317feb313dfa4b5a51fcb80ebe54c2d73ac17592746dc90f2ce57171,5714,262144,unknown
train,1594.png,1a4322b0ba5a75cedf82c80834edc206a6fbad8848e0d8bf494d60a4bfa71ae9,3f562bce29da95fcf50ec64d3daa71abdf81d477582027b4f780cb4432e1cf04,6217,262144,unknown
train,1595.png,65a96c0fe5afc664fdf3eba4753c64ebe636491ba498cbe3c256fdf92001ae02,67f89bd7d3870cc407430979b53bb1d93bc1b044f194cc5dcba9d97068ee90b4,6340,262144,unknown
train,1596.png,38979bea24cfedd75bbc1725e75e92f76e72f29c84d9a8895e94667bb28efde1,c09a5cad1b26a364990d8b02d35809c645e986f3fe3dbf5a87195484004f5726,5632,262144,unknown
train,1597.png,07494e27abbf34587602e469eb5f36bf641cbcfdbd3fbb3ed6e99339e8c01bac,150aaab225155d10833ff0e9738f6bce0ba0759d071163fc08ac1d1fb9e5f127,5260,262144,unknown
train,1598.png,ac29b461781719bdcee1563ab1e7fbd1be9a48e4415179624aee681d907c7e81,9808c83393833ee32dfc3d632d9276ac0cc9153c76b3034fd52250b1b2f8d0d5,5527,262144,unknown
train,1599.png,d85bc58d6d229e2bb83c8f0d0854375b870ea87f1a84a8fe69aae9060370300f,9a774edcf81b3f3ff67fb6cdd9b171f31f8bb757d41e7cda4a8a615be2856d4b,4932,262144,unknown
train,1600.png,cad384923b30422c2aaeb8e800e033c38f96eb2a7cf6318100fd2ef0621db366,85859be166c38b3898ee712e0685a4d027da89299e0ecec752ea86838f67e181,3376,262144,unknown
train,1601.png,3567d0ecb59335e4e166f4beee54f340d3ebc6f00334dbf497b72f88982dc88f,ef54fea9c6db91344497251d43033f17934cfd3eecb7ec61d4885a599ed95b9c,4613,262144,unknown
train,1602.png,542f9749d707c43eefa5d5566162b217b1d42b8f8106819b36f273509327ab4f,b970eea4426d396ddaca920f13644457a4ae5fdf2288a91c12953d4dbacf36a7,3787,262144,unknown
train,1603.png,5c4d9372de1b9bdd9c0084971ca670756d710c4f804fcc453546d2a34239952b,2bd1686004b8fde34ab24c1fea18bfb0e2caa5d0b09b5ffb336b3c020d3fadcd,2186,262144,unknown
train,1604.png,f5f76a33579755ab9bc41317f839f7228a912fc1153789b2fb4e2c8c6179e313,6eee5ed343b7612f42388375a59dbe966346415d67d3340b1009dffed5c27205,5085,262144,unknown
train,1605.png,455d9fb35e00ec982af0b134912993c68a3bf52b0f04f3ede163072acc8da7a3,fbaefa9e730511ddb6d07f12c410b5d07ee9882ea436e76329ff9e015e9efc5c,5167,262144,unknown
train,1606.png,41187147a4ccb1702c00a3a707fd8fb8d3a1eefecc5df8e5c8470fb0910927f7,e45e2f9b7d9153e4fbf417216b492851c568143efa6a79744a263da2e7a396eb,5455,262144,unknown
train,1607.png,0fe5797f7a56b335919d4c55d356b108aff0cd261c571bd8cf12f021858f9acb,0f410dd9256f941cd829f6e556b54e13e08592d3b873dd711fe8f1d02369c12d,5827,262144,unknown
train,1608.png,25e5e6f8fec9c7835acd50b632328786cada9ca7be01ae854beaa97ab320dd98,f2ed90bfd34234e5a53151c1e088a14c3f5c4c12674f4f00836c4113af8c2c67,5746,262144,unknown
train,1609.png,6ab7f065ab255804b47fd9a135a95c50c8d3c8f84b07cf0761ef4a8611c4c63e,d85067653c6a8137989caa3b5c24eb3de4d2adfca9a86d76281585a8e0ec9bd4,5583,262144,unknown
train,1610.png,e38337be2bc63ad672be9e3e3c5774848c06d862128561f57f5768baa3401320,ce1ea62e99ad64a3304255b71a9e89a991321a497edf10fb4f1c251febdbc80c,5251,262144,unknown
train,1611.png,249de69fe7deddcbf4479d99ccb6a7e0cd4060c32b9124a29f6797c026f1cc5f,4f7357fa01a2f8f3ba59c8993f18058dbe2001c4aad73d41a989eebf6fd9d877,4764,262144,unknown
train,1612.png,dfbfa02634e0dd9413734022726aa7b1b1c043c4fc555889ebb23bfa029ce095,25e21b1e78a7f74ceb0f81526144c09861ada3d3cf73e81db77fb4e0bc6ed94a,1558,262144,unknown
train,1613.png,29983ba2f43823af0dfe3a20a53cd670b5eb5d738c430002b0bbc6e22554feb7,ed46d9ec207506ab87cab65e9ee85c834a41acc9bb87cc7622bd517ec956f050,3528,262144,unknown
train,1614.png,f41a920359ee6a0ee0d24dfbe36556e4c168e7e4e7fba0acd5613b75cbaa0163,bf3793c9aeb8fb27f6f3e5c6a9d06b24e3d6a13b53c9d06bef50c5a24b623d0a,1867,262144,unknown
train,1615.png,e0b4b0b837c10233d5585716c9ee6e69d310c24a3e5a817e784dd53c3b49f9de,3073c3776e514d5d66471617647b86a04a469080ca4771fd4db008d2127f7622,1543,262144,unknown
train,1616.png,4cd58c1ab6dbd994026a48973795901a15a8f9434aa31b9ab69020c094822d0a,1bb688b5ca26aa91cb30e519d0b0941d3bcb089b8da8a89d1b0908a4249505b3,4702,262144,unknown
train,1617.png,145efc049543679854e2ef7c827193d303ac3e4b5aee36e7445b17c72df42460,76f09c92e1a417083d18d663e17465dc9750ab155cbce1391ada4c29e4ff40cf,4895,262144,unknown
train,1618.png,8f8f86b2a54f4472f5e2f8c84d9ff27de6c26d1f2445833123a856f841fb3959,a2eaee2effeb29baa1aae901257dd3607cf41ad61b2cd6f3e848dc03d7146b46,5805,262144,unknown
train,1619.png,38879832b12fa0a0ce0fc96a8f5236190ba319730890133bc71e125d954c4997,56777a7089b9d8d48e2fa770d99dbc2fe3e68eb95e429053b81d2325bced51dd,6111,262144,unknown
train,1620.png,383a077ab96f1b0a1f6f0a1fc67c1daa6fbccabceaae015f6dd0ecf24089efc5,ffb3dc55740e21e11bfe8d4ef996e1d64cabcbdb11f3cb19e1456468f5a2bcb1,5969,262144,unknown
train,1621.png,848fe243b33eb5493bc2df4ceed165ec3577dddc0bc315c2351950bc9a4b8553,c0f0e5ee7b71ce9d86dbff04e13d83cc8af1dd422ed11c9b326dd5da46b4bfa3,5209,262144,unknown
train,1622.png,749470b4bc0859afd7f20f82f1e3cfa364825f9536464d75687f6b351bf2ba52,a59232049f75c2952a449033ff9e1f5d28fc42ad199320594d76d544d4c76364,5053,262144,unknown
train,1623.png,30a84884a7ede35823a268ac2dc8ea2cbdb1dd783360df9e98f6434a4ef1088e,7a6d8e1f03563f5818d9db42db9da4e5373fd389ffd12403d23b56a83c34072d,4160,262144,unknown
train,1624.png,13bfc0a33c2b7749ce951a6239e510c4387d3cc94c5197a21a35f449e7d6ca67,9f9a47e1f1942cb87089d38df36ae17049581a106b57e3fbfc78973f21349913,1828,262144,unknown
train,1625.png,87c02fd2e2e692b04990e0a42df0e0f984ac77be998806066482b58d298ccbe1,bccc1d7796f15c08cb78d5a198120f4e93b4b258789230a6e3d3e1e5892314b1,3418,262144,unknown
train,1626.png,8b7ecae2fcc18841348674372aa2879c22b7d2b946494b4255bd6ff386aa1eac,5b4baaa8a01a4d712122de1310efdaf7b8804f206f0d42f5e5fb8b32b59ee178,3702,262144,unknown
train,1627.png,d25cd2065ecc0f349008cbbb3b5b28d2e21d26b0fd6cfc07f44504475d8c8a11,b87782206a5d0923f4cec11a2ad1d9f98e713f6313155ca01c08d8efe81b0a3a,2420,262144,unknown
train,1628.png,a9d51e96b83dc12db156803013e7f30e4b156f43efa892ccf594f275d6fe4e1e,72eff333d1ba38e433c6db9717b2444c0ce83db34130a27050d447dee3362d31,4356,262144,unknown
train,1629.png,f061a29d48116d4c6ace5d85ab58a188ba45860764e82e24342756aac7174353,cad747983cc53448dd560b11969d6f54b133dde0e7a130d159219db062ea9735,5176,262144,unknown
train,1630.png,e4d342d1631e81c1c71fc52bd26032db594fcfd09c329ec6dc3f952bbc0015ce,00c88c911c63d15c5a9312236827c7102cef58efe08638d2e29510e2a0df6ac7,5377,262144,unknown
train,1631.png,9e236c5127e3833d9aa61e08211eb8fe6c474906a4c3a90f0cdfbe252c7ea0b5,dda4fe619d41352a1e79d5c805e0fc1ac822fdeb0bb2029ec44e8351dfea6199,6061,262144,unknown
train,1632.png,f14dec07e2513c335eaced2391235eb839b546c6786efcc100e1cd5d2ac5d7a3,739fffb9bec211738dbcaaf9368065f9eb059ab2089c452d63265fa8df139473,6442,262144,unknown
train,1633.png,5f268be785b0f31282a397885dc7ed89e008389bc1d14005f3ee6d0e81c9daa5,b829a082d405341977141d5f6e9871872118594d1ec8775c233e04f0cba9d146,5829,262144,unknown
train,1634.png,5d4fd69884c0d25668e2fafe69c8b79148414bea780a6151230431e1930a5cc1,fadb44543736943d63a77da1fd2222cf13acf7def05791bb2f0c543d9dd357d9,5768,262144,unknown
train,1635.png,8ebfcb6c625eebbb599b9d046631c295b4ae4a15336e9377b32b9790a6404859,66f13bf44008839dc1f8175bc9c08afd3f434808fde6b962af8062d70beac49b,4745,262144,unknown
train,1636.png,b7216e42190e397f9e241fbae7f71f9ce83c607b353620da2d5859a5adc14976,191f1af46103465b6371085698029dc6dc5aec9cdc22d18a1196887d56ff27c7,1578,262144,unknown
train,1637.png,4d3169943c1a0f7f957691aff8c8587ba2bfa63e6913e2800a528298b2ac2133,3c028556ff8148f6bc63a60457d5a2f2d7e903cfe5dbc7ccc55e6aa3debeed16,2835,262144,unknown
train,1638.png,f588933ccb5726689489305988045eee83b5bc71afefc45673cb25b14592aa77,266fc2227dedd2921191305fef17e845c5780042aab597a2e3bc44be59e77f61,4815,262144,unknown
train,1639.png,d1db20c6252026e5c759c92174ada2790ca1258482d75ff71bc5dfb6c47a3563,f32f0a5bd7f05ffb18b4c9dc50688fbcdf693910c31683606dfcdfd75f41d0f9,4100,262144,unknown
train,1640.png,d5e785e1839a29309fe30035d1933f6918e33679a1b8fd726577d89b73bc51e4,beec2ea3c0bad5806d2bf7b03f1683657e2e5ca71a31f0641f26e5ae68c57824,2558,262144,unknown
train,1641.png,29215a043c1647802d0121d709acc3f57e97fc967d375f726ed960574b0a97f5,5506365551192964115461eb45fa42b6b3c9af49df6b551b56288e7fa0dbcca6,1213,262144,unknown
train,1642.png,e87d02e07ea659f5e9599886061b85f1c5c672ef66547c38fb1d782c742c05a6,665bdf3a99faf339d94972a0cb7e54fb8d0d6e73d313091e15507357adcef65b,1123,262144,unknown
train,1643.png,717dc530e3a6abbdf7bc5297f7a84a6cf38806863b4cabec607600e9af5c7755,d9624260495c53ffab9b370ecf24313e544d1a01af060d58165ff93cf3fbedba,4186,262144,unknown
train,1644.png,bd312efff3faee7fc46a5322e12670edd83557bcce486b30e0f94b2ee948d8cd,f3d1642775fc5f28145788cdae87a0929691c802b978366bf3ae874dd633157a,4861,262144,unknown
train,1645.png,ca1a33911fcbe9c1cd23571ba731fd425fb4fa5cb28928eb75a245ea8ab86643,0a8745d08a02a0d5099adb62a8b3817e6de7ac21dae74d4f4208b91c526f8cee,5672,262144,unknown
train,1646.png,9322a2772120e3087e5989a001ac85d04396d02564a3facc0547cf91c259bb80,20ff9348be2743cddc659e0162ec2383f415a3c0662ef03a5b0b8c0ac615d423,6060,262144,unknown
train,1647.png,c67dc3a34926f10910feed9a46186bba1d47723f3be1fa7ddd43e1a555fb183c,27a050c9bc45751fcdaf0786d09c4e2acd88dfd6861b3c05892acceb433ea635,6516,262144,unknown
train,1648.png,c5adb7669585c11a8ae8a14f7fc65ec4676630056370d74039757f5e721e4439,78d6db48147726991532c197dc6734a092a6ca605998d4d4245fc853aa3796b0,6568,262144,unknown
train,1649.png,33c3805ae5200eaaad8b146f7372be4abdc0f5a32c074acc2597c2a0542541a3,8583ce33bf9f7ac265a4127d8a4585ccbce8d06c29504c1000eb8988516d0ce6,5624,262144,unknown
train,1650.png,f39e44461e4e4aaba24d57da61f6a98ec1a375292c18a30bd7f5122f9f44e1ef,98ac4edbb0ec2d1e1ae515a3dedad9e7f67baffd26268ca7296df5dc174ff373,5750,262144,unknown
train,1651.png,1bb481106b0910ac3ded0ddd8e3beeed07a28573661fbdc715249e64de8ebb28,a68a227560723f343c88efcd5b6b014f42fd92c3ff954b0713f7a35771041b99,552,262144,unknown
train,1652.png,415b5f359e5df8019c8fbad53011964167c4f0751af0b91d66d0856eb43d665f,3b1c65d7cb97ceaabad55b4ecefc2a1040d10773305eb92759ce09bf9b5d5dd4,1504,262144,unknown
train,1653.png,fadd7fe067138c25ce16d4f3965c6b0289eb3c7a4b09931e45e7c5e93a4f945e,873e3d8b2caae5f80952a20edfb93c78f8f48476289a56a11b7293213a56ce01,4988,262144,unknown
train,1654.png,65ba1857fcb71f49c67e292653907f8da2c3c12418a0170df7c46b40af17162b,0c92f0228d4c6eedf7eb7862fb02bfa7b6309ea5ca976572baa2958a6f0c9cae,4500,262144,unknown
train,1655.png,90326ef5979bca21beee4d8128c81ebab9602249388486d20ab05acb07a6af38,86f62ba7a974d47191d77676a12abf17207ee0723ddf5ad0d1a2908f961bbff9,3023,262144,unknown
train,1656.png,1501682d6b2afc5e4080da85475a4eb959a4a1646c4fd68e111dc44c44c92450,97b016383eddafc35fe59ce971daa1bcde97a969d25c4439ca016e2f7c637bd5,4446,262144,unknown
train,1657.png,d0e63eff3db5b5aa87c057395ced1e2daaf685cbd3f5dd9968c562aab231c272,dedb3ddce34c51636eb9439b7d0f10167dc651c804cee6282d99c7cb5972183e,4914,262144,unknown
train,1658.png,38ddae33fb7ca4e821ffaba77b87a79fa0bcebb0f189146e517ba8ee4a8bf4db,8eb9832dffd456d8900e1f1bede98f2bc9857a286fd87e0a2a66a86f59f18cba,5431,262144,unknown
train,1659.png,001f6e17a04080dd254bf251a623d4eddfb083ac96d99cef99309f9e6fb7a201,72ce6cb37e79404721268a5d64ba53209b82da06fe4a7448ebeb92c70e1acb22,5281,262144,unknown
train,1660.png,312570c2472b9fc9ddff35433ab18ecfe0914de54696080e29fd066d6d8dd65d,30fd25270a428341ccc60c8757c682720eda8a0c132cc0c2531e5e3b34aab5eb,6056,262144,unknown
train,1661.png,53697455af41b2736f0fd1bf84fc9abc9c9d2066ba9a27c38d94cc10bb81a694,817ac96aa32a371ec09d8171736b839af14734f71cfbbe22dcd10924cb96a95e,5608,262144,unknown
train,1662.png,c9ef9f9dfd74df6a1246563536876850a190eb94d35e7265c45b6df7d82ef8c0,f6e4f45c75a1898fe56e44ff2f176aeccd98b3084947004cac4738b36471865e,5413,262144,unknown
train,1663.png,803687b20fcecfa6982fc49964f72291a4b5155538d029b720446463504672f4,0ad9db12362e1c4ea039cd508eab95c5dd58c76299925c237df935f78fc37422,1469,262144,unknown
train,1664.png,c7c7cac1927ce3a70a635a3427fdfbce083ea47877d986b7a84f6e0bd71373bc,ebcbc8cd98a7c4b8e2ae89ccb1e4f1ab62e722d9fc4b7700249472a2f33f66be,2725,262144,unknown
train,1665.png,11c782e24777483bd9fe5e5e37429ab6c081fbd08d183d2028553ce0bc2ed6c9,615f475183014174a0f9705fb91278d57c8cb35930a46837ed27114d8effb9e7,5513,262144,unknown
train,1666.png,2d3caa7cf37cd55ff9a423247b4c36be6aec259bfe984a7daef22b5ad327f4d5,f2c04fa8dd327489c0fb007817b09cf45ba4b039ebf4da059b52a4ae16e5ec25,5033,262144,unknown
train,1667.png,ff5d763ec28ebbb8fe97ea080657d6d2dfde5a4f9678d8d5df78eff8e8933a35,af03bbed4a6bfe6322fe7d20f0f2646caf28c7945fe7cc77c783116ed1bf5fc8,4115,262144,unknown
train,1668.png,8eaf5d66aa084b7b22cfc36629c9f25176199562e6ea691c11ec5263f1df0bad,f486a30d6cb66053c67e87de40d34d321e5fe53e7a683ba3e2eeac6b83f37ed3,1604,262144,unknown
train,1669.png,194219690ea50221c73c7b122be02b1ea78ddc590dc13e84072cffd3e85601a6,d412de67af377bb15fa994ed4e8df7611178d48794ade3f1815eb063a037ccc5,1394,262144,unknown
train,1670.png,2dbaf49dda9ac272efc8e564cf1931a268059b3a3cbc10e7da3da6ecab6a0c11,d046da9d79b3d13264964a552da83f18f40cfb75072639cae91eacb01f0152a3,3572,262144,unknown
train,1671.png,364e696b09c4d6774da9cca4fc065724c61c35c1b71e67f0960cdc3bae644bd2,8eab97521d77d7f396cae38f1356e730223c794083a28e02babe044b7298055b,5034,262144,unknown
train,1672.png,a6ccc7968f778f287e37ead0bef425f1287f203382d80673eb69e14664000f30,0d7dda1a6b11ba8b563499463f5860d2b2e2b682b49654deef30d9e85848044e,5494,262144,unknown
train,1673.png,757abb565ea02d28cb74cd9abe44bf74dd96ba98618c37d60e222069827fa632,1b8cb89af4711fbfb93b9325a5bb545be017aff3916fddf6b6bd369dc8a4236f,6058,262144,unknown
train,1674.png,d0e7de147f268f1e9f5680199de264c534f33db45c0bc99d821ddba6f527bfe1,9eb70196db56fbc0e9f7f786038b3518b2bb55f9370d5b82b8755bfd63ef60cb,6437,262144,unknown
train,1675.png,27e3533f35164e62aa78fc406843bef5179ddcfd405b45a29d4245076422c9aa,49628909b033262aa7cf7394958d64a7c05201b0f90769fc6d94c01d26bf3fe2,6368,262144,unknown
train,1676.png,5f2a1f9ef7af2b34329a358a554ab8b9d721125ba62babfb577b1e0e61847920,0b8f4a807f4c781c8c8b8ccfa04512e3563777134d5cb28316f5d9042bec4df1,6248,262144,unknown
train,1677.png,e76f9441426f7144a3d5739a6a55c1468b4117a8d093b40ef3eecbb1379efac1,ae3572ae2d875b325c5ba303a6acd15aea79e270008df72f4d31d58f45010664,5269,262144,unknown
train,1678.png,67b9cbc72d8e63bda22a1370fbb63668f9d114133a537b7260cded4baca896e2,8b6ff24ab59b41a0d02a8c18bae7d1bc2058c18a6f3b940d7993f58c0eabe263,1739,262144,unknown
train,1679.png,fa5df2fbb4a5c951b97381b763035cb379620582a881601cc1e9e9e098da6f99,e78c5e9120a107ae4bbc5db948561eb781a7ad2c8e6c8dbfef637cb74f0ac296,3714,262144,unknown
train,1680.png,0edb1d0fd8c068f2b3b4543ce0351efd4188fe463ed13dd346ea3c6564e5a9f1,2a66b41f735f248c947b150eef040e3d25e01638de482a7c74658b7c786108e0,2367,262144,unknown
train,1681.png,6821a481a312beeb648e4a055a49fe62ecd2cada747b109b859cfe2d89c1d40d,cc6462d57fbed2dcd8ace08618973b4e85443e97edfa6d3d0518ae6a1a9102bc,1318,262144,unknown
train,1682.png,5ff77abb45ed76f9d2fe5c7af3c920d0b18ee43581b4f5489c5d374a474419f0,823fea62212018b2b8e6aae40c9e36d5047bc80d919438b32b62d88ddf2ae38a,4624,262144,unknown
train,1683.png,e3367474aed59e692f02d7a8e6771e712acd4826e9c7bd213f8508daabb173ba,12a977ef7311bf00c1241d21eb8d30779bc1c5f7c97f25ec727d4d696a545486,5084,262144,unknown
train,1684.png,69f91e370693f58ea0d046dc0335ebb15c39711d71a5b8d19f13bc11382e232b,b5f04ff3dabea27c4e87720effe1a537e37a31805a31d5f9ee5ac919cc14449f,5881,262144,unknown
train,1685.png,19688640f57ec34abca04fc380e1ebad1e23d80736ba28fd0cfe825d89458ba2,6af8eaea3d226c1adf88108533b3d4d72ea851c87688b1b0c834eb2a503ab9c1,5824,262144,unknown
train,1686.png,e6b9da5760b0697efb1e44f8e4b119ce6027298a04eace9cac0324d8c9d82990,977444e1cd10ce1b37a23f5851bfc2f4d125f9f906d59dc3b1479980b5b00f83,5651,262144,unknown
train,1687.png,d86078a5f731219f7bb2c4f113ac5d3d6b5dfafa719a21dc9980996d906554a0,4c67f5f3b60041c55391e73b3207954d1f185203eb358da119adc35d9563f435,5707,262144,unknown
train,1688.png,f8bcbde59e7647d931b7e7c8fbe0260d3c8d506c54f84b0b40305b8431a83ed9,a7f40ee32092bcb99717eb5e885f98e54897f4005ca8588672eee276987ee00e,4984,262144,unknown
train,1689.png,940ebdbfe939197ab60c01c2d0068c1db6ea9f95da95f03fed6f5e42edc91f3e,503225b361613e4a2ea9bf8a1693f86edd65ab3fe972d0fda345c4afef3e605c,4333,262144,unknown
train,1690.png,1b9a61dc2432ea49d5cc7cb9214216cdf6d844b7b86ce22ddcc7ffab53e0e767,19ff6a9fc82cc468c3205dd8b972a626f89af69c930393454b37a698cb93c6fc,1387,262144,unknown
train,1691.png,938243772a4b64b0c52fab7e43d8c936a5aa625fe0aa02fc3c2ea6dbf0c65c65,59f14524a4f5d58abed2e6595c0fbcc0fef97142ef92453cae45827ad34c28d6,2184,262144,unknown
train,1692.png,e79fa2ae91ad828483878e19806fa9a1cd5c787edd4e7cdeb907a90cec5f22dd,fb804737d2f4b4c0c1d6d6f218de95e9907615dc834cae25938402f0c7703954,4450,262144,unknown
train,1693.png,c6800ad8b388a73bc4a3eff3f5b5bd8ba32e2f4ea3729ff84939463950d9c493,600df9b008caa7d97a9a881dc155a4d27f70b7b44d772639912f614b014f248b,4000,262144,unknown
train,1694.png,89a8a7e771d892acc797eb9d84ca60d74a7809a15ffdd6fd7e2cc1afe8833028,500e3e56286124eb2f78455d28d8dd5492cae6d84094e9672f366dd0c02f8dda,3952,262144,unknown
train,1695.png,4e4356a1155618429da591eba9b988297b4a7baa0154ec153bd3366d323ddceb,c39f1351234ac8126cd90e74cf0156929d0ac87fea817aee8994d2f7dada1393,4738,262144,unknown
train,1696.png,46c092f9c2b0a662ecc8f04206523d870a9c73b2f05340e62c492d94abff1f5a,f33e084b823d44caf0745980fea8f2f98b997acb6942d4a6d8456d95c4e25a09,5338,262144,unknown
train,1697.png,19cbe10b3c93ef1b268bc4f15fa7784703c2562b9365772097a2f95a14a83870,56bacc22c32210185bbf8ae00021547b88a1af58e3010a89c2de5b64f2f03fff,5992,262144,unknown
train,1698.png,f56eff69d16da26be26bfef518ed688445f92a74e513e79e6cba3d56f51cc102,28c2550150b91b9fdb7f6e8ffb51ece2627670a5266da93c9d6f574b47617ded,5986,262144,unknown
train,1699.png,dfe06bd2c467fd05d9673a7346d9ffee32a331822dcc5fa0a041a29dc18e7912,bb3f7d2977146c81aed7fb050726ad38d4b5431c56d9b0e80a12a23c322a4d08,5929,262144,unknown
train,1700.png,ec117c3b91c244064ba1c046f3837062cc5aeef8ac7383b2fe3a1ed50eaa734d,cec8a1465c9e9fa30c613cd0563d6fe8b13d43558eb6327d258418722c6c16b6,5773,262144,unknown
train,1701.png,ff7a0d583996b3fab7b0f00a14501fca35201bffbf588d8796701c4338935690,5a6d2a92a5645b01c176356a1e3fbfab8cf7448955b06edfa0ebbe75a79331a9,4806,262144,unknown
train,1702.png,d942e5c5e216bf5de04f5dab363594501f52e73c34ace881cc1d0b5d1db96f5b,94cc1230c931e340182e577844e291030d015bf0691f89262e843298a1cc4a0a,2472,262144,unknown
train,1703.png,d385777dd937f6530f0dc7d6bbbd4d776b1fff2d3df8d1c0e7feedce321db4f3,c5148261e0b93618c3c86a6fffb173f4b279ca53a6c3d516af3b007029e131e6,3623,262144,unknown
train,1704.png,abfa4e6f6590ff716242963410b4e4af2b482e2c7f98f2ba9d123f6780038d45,7c6faab2b2b5f1411df031d79c69492779d85951312fcc49b3d070897f96f68a,4670,262144,unknown
train,1705.png,bf2b85062b8633e94caf85a94538a81aebd74f960148d242d1beb61c724da927,1238b6cabf3908ff742474b4e285c9eed87bc84497486a4544086cd122196c5e,2440,262144,unknown
train,1706.png,7a07a026896eae56d5f11bc351cd5ccd5edb1c22a526c6cd0be1519e23e23bd5,74d2b2e2531542673ba553bdc6f255a813b37cee4b565a790f6d5b670a9ca0c7,4680,262144,unknown
train,1707.png,fe0d67f53c4179b63505ae2511d063bc9629758a3d4f15a346005eb0c927224b,9195e0a94abaaf20b802990e9bb62a290e12ea067e134e8ee5f31de68e2d1c32,5337,262144,unknown
train,1708.png,61ab7b1ed93d22072474aa4a2053e13d154b040acec4fe5bb162b7a95b27d98e,fb9e61c65af5f5340fbdcb4298b6bcbf909d9c61e17a1e8d494a02965084ee4c,5854,262144,unknown
train,1709.png,c39d2e379be8d07383c96cdbade2090b3ff6ca4992136e9441c0478f74c6465f,ea628be1c1ffa71b81e0fe466d07942102b4f78538c6d5838799e85d6f2867d0,6663,262144,unknown
train,1710.png,67cef9049e46a5d1f738e757697a15c7e7d3c5186d9d652e6061fe70c8efc072,08ae4e6bbd3700073b3c0005938e4ca7eb4f43b1888080c246cea81a1507c8e5,6707,262144,unknown
train,1711.png,883cc7a19c3366fdae0043621620e39389d8ab84f22e32f6b85be06d4ae7f554,923fe7ae9b3846ee11f66ce21897430b37267caadd056604f3dfa3d10c0bfd6b,6614,262144,unknown
train,1712.png,680cf9c13b73f19b54a410d174bfd1239e05244dca0d0b7bc1ee0a31b90b572c,85cb6768289f452a8c17a38a6c11ae45a371961220b785ee60ae6f664985afd4,5860,262144,unknown
train,1713.png,5ffcebcfa39e0d8e1ee4b5606bb5c09282c88ac265c982950e84da912b0c5672,24123f249b28e56f800ef52ba4340faf8fe313f6785c98196e19a2f88869596b,5142,262144,unknown
train,1714.png,54dbfb403bbde17feff39e699fe5963c8ee607e7d5b1b27427919a6ea8e3b14a,2d256e04d94ef2b4a0eb0678ec9b73583a23a650dd8231a2457af5b05c3eecb7,4245,262144,unknown
train,1715.png,526440ef2d4d2ec742f4d8dd76de96601267cbfdbc34f199a897c76a81edb9d0,6a94e2dbad10554eda9f9129d9eb3e9ea7e3819455f6930293c56559692e2b96,4987,262144,unknown
train,1716.png,0419076927a342214026bdaa0a22ddfa522c34db85cfdee3bdf724bdc1a24845,40e16a0cef3f8514dab5e7df0b4ad79d263a3b8354aa59edaf19dc887a17d2e7,1984,262144,unknown
train,1717.png,b0d74026a60c4cdb4c46653cbf6e917a3f42834be3500a24ec531c44ec2f5fa6,beed7b355bd8335c40c74707971759173738b2e61a68261fd2c7700e1be9aaea,1496,262144,unknown
train,1718.png,82464c139bff2dffa54fc10e15da06c4cf157e3abc61d37167ebd9d089bb78ea,19057159dd1876065a7bd3145a6458ce657f31be4d4c3e0a05f9fb0c087ed8b5,5662,262144,unknown
train,1719.png,5aabcc0c68fbe8bc7fd271450e0f211e0f330a619b227a69c9154440f92804dc,3e330670b91355d77a7e6bec9a406b1c2533a684916c7773023f066feddc4f96,5292,262144,unknown
train,1720.png,830d3b72675cc9bc6cb5ccc916e4a0db8881053a1ae5584e0f61d02d67b2ce80,b871d7efebe0f759cb161d8e204124b4b4cfefd0a1d279b645353fb9d3f981ea,6200,262144,unknown
train,1721.png,9fb57c27f6f281704d190802bfed9a04f835b9d84f97d9c1caa0fee24b6e7d7a,de48bdf519094e2acf42f1c1075573d774d74774ed32b1720533e7f1dbbe3fee,6245,262144,unknown
train,1722.png,484d5eed0a2da03c835dafa37ff807d3c55ca9ab797ed09544ec62be7afb9dbc,6f1cab91f07dbfdc1c1d67ddc1c08205610cfaf80d2d9d2043bd8b4583845bd1,6071,262144,unknown
train,1723.png,dedd2d62d09ffc3c36b936dede26b51418b72a2c3f21977e3cf1c96c4ab193b3,886efce3460518dd4bd896d10b1d5850c5ca4217deafea96e33bbb1c29a015cf,5324,262144,unknown
train,1724.png,4e486ef4ed6512894340120b031dc386cb69482f428a6ad642da5daa61550243,065267caba6a3e779f09342c2bc2c2328d7b00e53fd2e1b769def8090d36ab88,5144,262144,unknown
train,1725.png,e725eee3289fe485b133b9f7f228fe4c30395d3e9b7d09a942fe203bee48b605,971eb208e5a809f44109bf5d0498d974ecbfb76221dd650713bc72a3609ba464,4762,262144,unknown
train,1726.png,2b072fa74433e5651a5550d7f4c4d46a18b95513b46853d168021118dc71decb,69f850ebd2ebffac15df176719fd8c5ad9ab488d2ec836a5ec3bbd6b1be9def6,1988,262144,unknown
train,1727.png,3ab623462ee4fd40c78135c902371cae11b4c19ea7ae1a0cd899accb23aba6ec,f1526f6d283a32c7d66855704e1806980e4cd810e064e293c96759ce64f42572,3972,262144,unknown
train,1728.png,7202f4b6a6970fcba53e9d1123b05b79864951a8183e640f1718720d39debad6,585bb326ac4bf78b4a9b94813f2d2560a5894d2e6860285b36ddcf4231efd83f,3082,262144,unknown
train,1729.png,5cde7cfa4028f0c860ec5d2986ad31e3f0be750c32dcffaefd48b45471e7de1a,083d2a5a7d6db5e203f5ff873c1e68de48ca3f3e2282ae8b4a0e99f0d4560a34,2561,262144,unknown
train,1730.png,9e95773d56b97a683e81a2e54298790efad0224434891d622f4169b5fe394228,ba26123fd27f21deacfd066dec9972c7aac5003888219001833f3bdd70642f19,4832,262144,unknown
train,1731.png,ef15193e78ed08e2a7600be20b5748691b1b13f8d328e760f47597e7f9e58f71,e479311d786f18725f36962ffef3073305db16d78fbc7c56b5167c3af3c448ef,5196,262144,unknown
train,1732.png,168675917b72082f34c29c57761b423d811c19b80ccbd8fcb4aa22f3ba3ed4d0,3ade62d0fe620d85eeb16fcb2f9371fe45fc9482e48811a757da7ee599ad8db1,5724,262144,unknown
train,1733.png,4d09070dd4355113c5bcd79961a571f0b544aa2a1317ec2460bef2d0c5a5091d,583cb5fc723ac790712ae2fa9d3aed97a34fc912cdad08f512599162656bbaab,6259,262144,unknown
train,1734.png,c52b0d417e06ead5e46011571a4fda4fea390b8ce930fc6349405291d5d3d846,274f93ea3e4d19d0d45228d1fa3c3a72a49a76cfeefbb2a1c82231c300c4a93d,6494,262144,unknown
train,1735.png,257f8e8bfa14b883ec4cfbb4b0941d6a07dc0b28153638787cfe561c4c28086a,39ff0d85d3bd167892f824958ff1b422d00e0b1e48ff1c8b679926b8290c3ceb,6505,262144,unknown
train,1736.png,e0555cf04d6d5098b32f3c2af69aab3a605edcc1960c038be4e7eebd52ed9071,210ec78a77d1e854dee6c2f939d1cacce28c94a546405fdff1058a4725d13a05,5768,262144,unknown
train,1737.png,4545392b66e7a49086cec4591e4712697d672170e00e174ddc8344937f8583c8,5d5162f823bf9ac35709fad53dd34de1f18f2805bab8edbc719e797b7c586f88,5003,262144,unknown
train,1738.png,f16e77dba2db5b2403c25b4e4d55b833b0c7bf3937e4d30bea860ba2422da2ea,a8c784254711042cf42dc6079796be84ef2cad5fb8d7b7ae04487d72007e7b25,4280,262144,unknown
train,1739.png,37cdd614535d8d645bc1d079d7aba27fdbaf5ccfb1a6f6178ef60d441c3d211f,506b8075aa1ab9a177a7f42c1c4a6d57d945e86cd45eba9607952580d05b4c99,5092,262144,unknown
train,1740.png,6297a0a3214c0811af05d0ca0ca05232bf23576c52f0dbb122ee031b7988c74e,cc772eca7243b7356081892b3cebb6448334fb08fe70f063980a02af2d4bbb19,3701,262144,unknown
train,1741.png,b503936182cdc6a26cabd0b4589be868ebd015264e65266cdb1b46a11f94c602,4ff2fb0028ec12bd5c74c266eeef0c143201c1a2cd03d0249c09b13efe0ed074,2786,262144,unknown
train,1742.png,5e3bcbb9f4ecaf92dfc38b21fa0954bd992fdd8feb1ceb665cfa698073cafd32,f1ecbe48c4dd06ff443c869e434e1bfc2c629b65ffebb7871b9bf7c674b43cdc,5610,262144,unknown
train,1743.png,ebb8b5a79b26a4476029e3040a24079a226e37ddd7315be16eaf37d6427170e9,10e14be7311e302c77129ec45ec6797b6f8551b2c2407272172d301e894483e4,6840,262144,unknown
train,1744.png,23c35d7e1458124ef56444e1c9f12ee67e877dc74d1a2e096fce26410ec0c7d0,d8317c2b7f05adb62edd3614f5eeda9b518481941a5a590189e0b1a31ec9050c,6847,262144,unknown
train,1745.png,5ce4e01eef2ef90880de271b888f590b4c75cd992cad6b7d4eec4832b3cea4e4,5acc1af45000e8235e7e902fec3b9104156504073f0b90b8db3189408986df47,6306,262144,unknown
train,1746.png,42ddc465695bb91c50b11e023a98dfd8ce53c508ec2a55ad7b856e8ccad0746b,2eda2ea6d0d643408abae6ce9ace827412b6da0d84d4123ec612975c3b3604a0,6055,262144,unknown
train,1747.png,b1096663d2c90943bdc918eef60cd33ee95db4d014fb5013e577507f54b70e1f,a21d34761bb585b9624b636a666c3d836ff9ada2401a272366a9bae35151e45b,5932,262144,unknown
train,1748.png,7e3fc7c1ca0c08245ed05278f7d61bd4f9794fbf8c6aa7d6cb7d8c5fe83708f6,195cefac30d83f555cf0d84fff92c304bb4cbe2b9fcdd6ddb7f1d6b936f07ee6,5608,262144,unknown
train,1749.png,a10ef5aa4efea80d2a7a4b7d30edafcec6c32df504f59dfc3e2628e63921f14b,3fa9b6d875ad23b4c378c7b7423e20c6022a4c0f18e25b5dd151a59ed1fe706a,4787,262144,unknown
train,1750.png,466b127198a637d10607431124a599f1ee89f7e6351b80c867cc6b4cc8556295,3932b54a1c97249203ca39ffee492682134e0d2e0e947a5f31ee728871b97b33,1024,262144,unknown
train,1751.png,c48445e61cb8c88d447df2f76a47908c3abadf69fa2e9e87b00cc961588ddb35,d363f962cf5e71023be3804a3a21a57fcecede71a123c1c0ceab4491124c0906,1376,262144,unknown
train,1752.png,da7736a00555b3353e5fffccac3147f40e40a8a05d708c6cc374695fc1fa10ef,47678cb1ade353cae6a2ed4dfc3258d2ccece730a7de9fdff33a02f838a19dca,5047,262144,unknown
train,1753.png,f84f35782d2b02c9bd8181f1a65ac20341a6ce9e27558dcce63e564aac46f344,1a0e60a0331a9279c5ea9a1e5bb1caf88ce9623e72ec6c6eb5ac2c27bb0b865f,4544,262144,unknown
train,1754.png,7c56c1672672aef46f81a6291d04b4f33efa611db73de89b43742ce87a469192,e6d5ddab991cca3390e73b4c93d599cdee7ee781beb4dd85749fddd89b51d5ec,2071,262144,unknown
train,1755.png,83d1840d276f5d25deb8ed90aebb0c1294f7f46fbe57bbe6452e99c824daa391,206747127eed946b4e7d2d4ef21661677fb80c5b70bd7021e2512d7e07affb8f,1645,262144,unknown
train,1756.png,0d0ec09818870b13947d9d31289b74190369464de95cb75f0c3429807c168f74,6db347e481f5a7e234eaacc5dde3e22a55d9f6d6fdd2c9000abbddb57c4cc17a,1433,262144,unknown
train,1757.png,107ee8e100c2503ffc15153964d5af26fb6864e6879f2aa5b0f69b65cf598809,512af08ebab634052c1945b6aa0e4fb5585fe40409027cc25ce7875ecd5821aa,2890,262144,unknown
train,1758.png,4d7cf8943159d4770d92767ee1ad5504c15e375d4ea361a04730d557c018122d,699a6771c570d01ff1a8b5aeb0a533390986501261f0423c2f4a0b669bc2b9a6,4012,262144,unknown
train,1759.png,e0fcc5f0148d4186566652025efdb650a77dcfb42b6a4ed55f1b37d1b6447a93,2493805ec8b67f987e1a9239ffe40daf4f21659562d40eb4b83f4ec1bbe1b985,4987,262144,unknown
train,1760.png,390d43161ac045d51f8996d5392e790119705d3ff4692db5b2ed57bc01dc5430,03b89f22a16d069fa8a93924887bdb4d1be067f459cfc6360ab2a1b61bcbef34,5417,262144,unknown
train,1761.png,c08ae37c1765a1414efc85d1d764e3e6b8c0be2adec25c748f7da0b86df7d148,cdeb27c2350affece28f63a788a22fcbf1416e2a6832388d26ab15aaa462afb2,5556,262144,unknown
train,1762.png,178d4fc16a16a71df2741a44a4bde4f8f92e66635ad9f3b2280113cbcd96fcaa,343fee988c910cbe9d38dbbc5fe2f4a3b9a939587a107ed49678714f8b2e3f85,5800,262144,unknown
train,1763.png,6f61b8d4e5696d670abcabf6c51deb6924846708584d5dcd6fba111e51c2974f,8f60454b0d0fccac506ecbfba1f9f6f39d30c43f9308de1b2abf95bb6342e674,6223,262144,unknown
train,1764.png,901d423f8f04bb74059aab420dfe6a33fecb8182a3a909a3cc4fc45f130d0894,2390513633c647d7964ca941a7c4d651811315fd1d17ecf47c5b4c373ad61912,5766,262144,unknown
val,1765.png,f2a5a34924d1f4faf3149f747ce7b020e7997fa3324143830c60a134ecf80688,6a8fcfd2b786a5896ed2753727ed2f23bcccd02a72343744afdabf4e3cb2d6ff,3083,262144,unknown
val,1766.png,3f6910674a2877a9d17f1872631cc0a35424d8389d9b0a30deff5b1733a835b9,74b757a9d63579d56816aa31c9b0b01457f7ec32b9f5abbb708d35be0ec33fb9,4440,262144,unknown
val,1767.png,821bd33f753881125a209ffc7fa974264bbddb3d5d9a6f1b5e191c2f99f624d9,e61a1206eda32fe41e59111235c67dc5315c0c79e98253630963f9b6ccad197d,4064,262144,unknown
val,1768.png,dba2d14b173255b52eb9180332fa1b0b687f364f96a808ebffb07a328d145016,87bca23f2d43c5e51831517cd21421e9738d9defadaed655dd515a402b538f64,2244,262144,unknown
val,1769.png,b6e43fc72621791007b0789887afcde9468b15d7c71b4fae995c780b6486e06e,729f399d05696a22058a894baf90269147b5e24452bc872187e87041d2e7b231,5353,262144,unknown
val,1770.png,4632bb6c153e433b359edf0c56b965bf3b9409407a98a03a8a42098fcfdf6221,f7ffe06c2d580185bdaebd1b9991b736cd9e18ce153fa0fd156d8bad9c3fc458,5488,262144,unknown
val,1771.png,1923bfd7b3de0d4ca18caf46b304c92a55183be4dbd9ec0b14f96d0d3fe43292,68e938198dde8d953d455610aa455487de6e66ef45306415a6c30af14d9d7399,5218,262144,unknown
val,1772.png,724cd307d0736c7737e0f57fa0ca6badf13af9189e4038a716758cbc096c302f,653ff60fdb8133fb61b3bc3d1f4ed75309e6de32744a55b1cbd7d49daa3470f1,6454,262144,unknown
val,1773.png,1be6b0690b765fc80cd5d033e482005f6cf17925f43ee23b696a7f05a914efe2,54f85b644ef4d544557995db59f9dd3fece5518fa2a81fcb1e9825552ebf2e5e,6496,262144,unknown
val,1774.png,db02586740fa1a4764f4ea460f97d324c87d044d410fb1d5a59fa16d64b88f19,c5ad3ff700034b8f93ecf5eefb29569ab3c2cb52467e2213a1ad4227abbd4b0f,5787,262144,unknown
val,1775.png,8f660c0871ca969743ad7ddc74e67ec32c064d9c4837bbaef9088405ab832793,4759d9bfe501b17e6271432a630a088fad345d3ab18aaacc8f35cab279bfa710,6018,262144,unknown
val,1776.png,57c458369df85494c70668bbac83d591eb29bc9188bdad14359f8ffab1c37560,5a345ec37a609520619acfeb0648b89793442ad4b843787bd1f7920d8faa6a64,4956,262144,unknown
val,1777.png,490dfbb3a9a9bd9cf42754d66ad36eb9fadf463e601db1b679bae0cdf16036c7,90ebd16f1174ec6a79aeb4f39b54f9bc6723c9a70e94d9601a94ecaf7a6d084c,1825,262144,unknown
val,1778.png,0c8baa2b9f394543597649a3897454c9d130478439c54fb07bb4ee699f1b0d9d,ba3d4b8bfce3c01238384a00acdeb0504519e1c7825ea3d5507f9f968b4151a0,3306,262144,unknown
val,1779.png,ac28142de5a61788faaa4c770bde19ba26638ea728e034ff89b85cd32184dd55,961ff095af30f4cfad7c43a2b7bb76eb0aa4b3b6b217d1eced9af70e666913c7,3242,262144,unknown
val,1780.png,dbab0b9c962c6e2f8e9094fb7f809a3d3e5a9d46173eb2b9823d0341fc2b872d,1e9845a61f2e7a8cdcf2c33d235125319d23f297b02a76643c66da4816a3c8e3,1225,262144,unknown
val,1781.png,1fde472e9c2e448cb1ecd8000e9e9589d14fcc5651b5cb980b90e5ce90fe4f7b,32b67987a60f87adced4fd0e20dfb3f356bc0f04e8aecb9b4fd7a272dcf713c1,4559,262144,unknown
val,1782.png,8c24a1d6895e8f9c799cd6b2a4fd4e779c56d90a992b2dba3b30eba236ad244b,a853d55c528fdae1d9f28d6a49c035d9b8466bfe636423ebdbffb93156098fc7,5602,262144,unknown
val,1783.png,ab7972be48dabe0a31377cd881926e3469f162c3db14aeb38b10e87fd8226609,0489e2af9077924e35620de41c16d2daf458abbc9d119460581ecd48d17a64b8,5806,262144,unknown
val,1784.png,89fb97454f00d77a4085e4563e96723174c0b1713006176ea95edec81eb02776,8fd0c78499a271685bded6a13c23069deec0f0d9a7cf5dbe81b45454bfde4fd6,6441,262144,unknown
val,1785.png,c4be9c34bd626817745a189ee126349b3e9a6e7b0397b60c8a5de4a9d69f63e8,bd0cb93d4340b4f8037774a1efb3cf46ede6987f2e5071223140278d44cbd5e1,6385,262144,unknown
val,1786.png,f27fa9b73764c9c345e609629741b282a1375670316fb73bcf111276ed121d15,671d2be02f8e44997c0565957eab575c58e5d28a2aa1f88758a073475b61e0fc,5366,262144,unknown
val,1787.png,48d16d64a6623201e9d0f4cd06166de150bba4bf500c7e4eea18a7454859c4a4,1512817bd07bc270a206353a38e76b74f93157845ea0c2ff036e0909af90cf03,5639,262144,unknown
val,1788.png,e1c8d3f6126552f05487447f4370f2a81238284386f44220ab9ad9c61f0a6aff,12bf7acaa643445aae48131dc6fb39c1f533e57b99fb1df938b27a478a5e03a5,4477,262144,unknown
val,1789.png,b98136b46828f906874498d967022333844faa507ed5371efcc32baf463c1e35,c652e947fd834fd77f1a161132b5bddb39f0cd4cfd6614d035ca3ad399c13b8c,2840,262144,unknown
val,1790.png,88515ba70db5dddec2b8819efbda349b35ff93ab72a93e021fc44a5b1afd732e,be59ed0f8ddafdf031b0e520d14447de5c2f9370299b9ade86b220a5f8f19326,4326,262144,unknown
val,1791.png,8695fca9473de3ecbbe90809de82f722684aebffb9f7fc6e4ff9dd90658726b6,ff50fecd540a5fe26a411f7ec34cdc5a9664d4e312db041abf8364a467a2347b,4281,262144,unknown
val,1792.png,d82f3a9afca72fecf2538f84d960fedeeab75fa729a6b6b1e3f51225986b5f1e,e021608750991e1f71424de74fbbc13b3bb2cff08320d91753d678a051b414f8,1512,262144,unknown
val,1793.png,d13f94817d9781479ca107f953c188b3100a05224de84a4275c5c5e790575d13,0cb488b5c278f5101c4efb94f54d55301e15818c655a5a459ddbab468dbbe9fa,5241,262144,unknown
val,1794.png,887f4185cba3462ca9fd3bb8f4a948253b492d562879633706268e7926e164f4,afa6e6d8481c8f520b47f3808afd50e4aae781aed4725409b8523791e3c3ed1a,5811,262144,unknown
val,1795.png,a51d2c7b9a65a0c09523d266fe0d3cf3abb408bf78ea071a8db16a15353cd942,5c4cd7aa5badb1d22fb4af5d2630d777bd0bea593215c67823ac80124adf5ca7,6101,262144,unknown
val,1796.png,93716e186b56b04efad2afc826ca05b20264d358c3b31686c8df753ef3e01c1d,650a2e73cb2693407f8c339d06ba988393d2ab0e56074b919a2069ea3f05d544,6502,262144,unknown
val,1797.png,6ac5bdf715cd17bd6809e51838c1b40ab8adeba020264a3b5fd3ca5b0ab0b845,950bd4f5c95d415ae7b9ef08903ac251f7af7f182b2d513cab83174bd723815b,6178,262144,unknown
val,1798.png,0e4f188e158057de0ab96f9ce0a262ac4a1399f3d5cbb01bdc5cf151ba233555,d78e45ea394880cc9b2f672e7b8a7af89cb148c220668bdcf145e37050b10166,5233,262144,unknown
val,1799.png,d760cd306c0f51b44b26af7e6aa125f474379d10f80f3971532ec51df8fd18fb,4c02b761c0510aa312f52668403d0381a02883ebeaaa3f74976f4ace8de73bf9,5478,262144,unknown
val,1800.png,c4f112dbfa18a6734c80689d362381bef19cfaaee16922cfbec98245845cfed5,2340d4646f720c83b4b66633795de1c8dbb529a4a89266de210efea1361e10a1,4866,262144,unknown
val,1801.png,51dcedb65256d81619c10a62b45b9141997765ca5659b540a8e0e1334412cec1,e7ef3f770df835a5cee458e8ffc43607e556192de7e72bc939fcfa3464d1e080,2287,262144,unknown
val,1802.png,ab33f4a56c8997c8784b482411cd12eeda053e5ab475aea9286bf35b8978071f,8c82ec120896d630db7d0739dd3dea2b55985a91a575ffe45742f1934046d481,3129,262144,unknown
val,1803.png,cd94219b689d8c8dfb606ed194a019d0884c4cdee02060b66dcdabc27fae648f,a7eae56a4025dbe884631982f239dad71ca3f450885639216540689bcde0d09c,4085,262144,unknown
val,1804.png,f7ad70a818a46ef7e2ea8ef6f71cd4364feb3d39b19e612a381908572a687486,ef55ce8e7d05f2d9c9e669b11add8dc85149be54cf93d03b3abb298ab2a2ab1b,1580,262144,unknown
val,1805.png,7847530bdbe3cd5ce08f8b40a65bf14331243b63375876884d284177d7b0965b,ed5c1d93f0f197b5f59db33d59d3dcd7f5f4622774fab0cabb99a86067cf9926,3798,262144,unknown
val,1806.png,369012c7e78e365c37b884409f1672d93075f799ece774074f295525f6f39f66,235e1899a5cd9a2aa4c85eb2f72475c62f3f1a5de20141de8429473d86581270,4671,262144,unknown
val,1807.png,cbbe82596f9925883c1044b5fc878fc3514fa0964e91e38236877c2275dc1035,785f604615d392c70b456b80d8367ec17ed9921e0312e8ae97527bd204f83a42,4996,262144,unknown
val,1808.png,eba5ff35a8d029018270262033d6c2b99d015b97003416435ce43c3c9bc8d8af,df9ed1abb20d936dd5bc450ad22b420222b53c5bc26d2208d234d587eb7555dd,5803,262144,unknown
val,1809.png,58d3ddd6f3fd9e78a28ebc857884d8f45a3930c4a2017df23d286f9ad838f9d8,e1f21a37871c7ebed8becb7ec4373b0afbb564c67d105c0ee2223e6250d89dc7,4870,262144,unknown
val,1810.png,53ad2c727edfdde21f0df4c9f2c34d05f9b802f2ee0d655a9786ef85efcf5c8d,bf2974b8d99c80952c2611a33e9f0404f20be7b9d7e0c18d248c5f507ad8e18e,4724,262144,unknown
val,1811.png,0281c56a54895816ef9a468a589bce544379b7545fe6d59a97e9532e8d7fb584,4e342d97f624ba17369103a3eaa9a9c46d79586d53c5e2e66e4cd270bd624a62,4892,262144,unknown
val,1812.png,79f5ee7e831305b1a70a3f10fd8025414b78b6cfd863902593cbd9e6f3a7f9ef,d1c4ee63c07799806b252f88b8ba0ccb0011323addc9cbf598981eeb33eb80f4,4483,262144,unknown
val,1813.png,f552bd05652c4db20ee3f42a452634c4c9ab551d4725f0f38e178f3d6ec26645,d2cbc9951acd5e17de5c06893ec3a69a575bc1a377422ea532412bd249822515,1728,262144,unknown
val,1814.png,38e513b3098f2388a152b6f5997a135e20c5943bbf49b1b0b62f2c03731afc6e,4e1863db5799e991c00eac4c3d53b43dbfbb4d3bef926b23c3173c2983b27d57,3904,262144,unknown
val,1815.png,1ae521d43506a5be710bdb89aaeddff86b88534d8df421a554dd179171e6a0b2,db88525630076a35b0fe33825395ce3a6940b54e58c968bf9816415e437f0d35,2393,262144,unknown
val,1816.png,a6711751adfd3655f3bf4da29e2bebf1fbc1d598e7dbd84212b017693b4097cc,eb0eac2bd07fd472ef897a9d642860a846a86c6c6780d67cdf1d5e264c93b238,1242,262144,unknown
val,1817.png,0f28d36c674511f34601c8f22c1bc4a2b5e7b3e96e5597a7c5556124f87a806a,15d5afde7d546ea697cdb96971f8691b5fbe72cf7241ea76b960d744a7bebfca,4799,262144,unknown
val,1818.png,9d672ae0c5df8ef68bfd1d905bf00846fee69d6a99213a781476fdaad1ace631,577b2431aadb31283af833d1c9853d92c72a91eabf07688ff31509a7b4dd2115,5173,262144,unknown
val,1819.png,95f21e82506db17a40f0fd423ccd90e960fdfe6f9db2780c2ea58c6f9c6ad240,7d5426a5eb552cef2c5cb544932521dd0b8db457d12b6b15ff8975323a85e6be,4861,262144,unknown
val,1820.png,768e1313743069c38469440e3c4979b13c8cff7641719a3b11afd6eca85b90b1,d4ebd851c10944fa72ba93576fed22bf73553bd66ff0286a8579617599b37ac2,6171,262144,unknown
val,1821.png,06a369a61be6f40deec1a37127b14f5ba8ab4dde77343872b8815438000d8cd3,60ac00c1cb3b778aebd070372fdfd8fc60035e83f25403a5e65e495e87040b6b,5212,262144,unknown
val,1822.png,e460f0fb94e79d0135c4913381854d5bb30a14a95d401990ee61d3b362f679c3,8fae73581c2a193d2f7e163e2d4fe1b27a1a813e4d74a0aaee51ac698d5dbe64,4864,262144,unknown
val,1823.png,b91b6c512ab1813f12f147e683925b41f49143973cb11cd4685e07ed04cf0f71,e9df0ff8b5773aa71ca05de88b67d6aa74272ff6fba3709bbf4208e83f4e7aaf,4641,262144,unknown
val,1824.png,4399050094d1f04cc23749593f685043534181eeb3cafe90a0e1fa10c41530d7,9a2ddafc31b119da41e68c3fcfd3d848fcf8c963346927d4995f22605aaf55d8,4285,262144,unknown
val,1825.png,e5b024de8cf9ffd842133aed2356ba093317dca8e56b7f41a2e8123396e11ad2,a0dab37fd29ccea99b0de5e9aed4dba7a14b576af42cd509e0256fd35cd7f763,2880,262144,unknown
val,1826.png,d192dbb4213d3464e665509fa4a077a54d753061c3499fbf745f8176fc9f954c,b0d001dbf9155a0a513a1bbb76d9b863734a32d3c1e826788b47720ddab26b51,4022,262144,unknown
val,1827.png,2fd6d86bab6d45b91cbb12e44f4953748ac25052cadea626c896bc43f08f4c38,fd95c57e4b8e281f3c8768563f8ac71dafe686c9ceeb9d41c835422f4764398e,3876,262144,unknown
val,1828.png,4589dc43e98eba469668ee4eea1518943fd5bb353efbb2ad1160b15d68f3eb70,56abd3122ac76c2bc4dfd6498a5e3e0d34bb4aa51c75f2cd17994fe3ec3ad9ab,2174,262144,unknown
val,1829.png,e38ed53fd61e12226753c0054a79bdde0793d0f30ec4b672cdad67e891717ee3,82bfd3f6208ffbf2f4b426f55ca4a170f2e4b655908e15fa0e5725c15f7a8946,4886,262144,unknown
val,1830.png,71581e3dae9e14a4876def84513c1bae1e6e223e5a87f6b1b7c7e1955baee519,66b925f176d05a4297c6b04e59dba1b87862e7b0c6fad8d7fbf2d173fa57ceeb,5610,262144,unknown
val,1831.png,a25fb8dbbcecd6a3a161d73bf04926b34e4899ca396c29d5d416bb97275c0b65,432dde77d5431a9ee68eef03dcfade2615357d120cb78bc114b6acd15bcfb9ca,5273,262144,unknown
val,1832.png,7607c5f38c35add0f780bbab3bee12796d98fd637c74de7f23ae6ab198b5514a,654835f56723f0eaae19b782f273af7a8b9535b0e58ca7752a54ac27766a6e06,5951,262144,unknown
val,1833.png,3f1fd9bfd00dec78f2f763bd5a0beeedad3acb98d2b3c3619aa9d5d61c843ad4,faf97f6057a7aad8d2078a5e4ae720739596cf1b85970558a5d1b33ea38919a9,6308,262144,unknown
val,1834.png,c1e00df00e35449d7cdb436cf99284e348a26fff65e34ba807bf919155e01368,7ecdb5b564be8b4da035fdbd20018fd5e98d848c23ded08320c9649dd62b43f1,5484,262144,unknown
val,1835.png,ef0e4ee8b545776977b1baa423fcbdebf82164f518b6ddf939a17891effba1a9,4f6595448960915daf9169d31b933a804e193a83295845ec35c78a3cf31408c2,5527,262144,unknown
val,1836.png,a99c16be8db957aefdd84edbb6cb10a73aa490043247167a2bef0c72844424c2,a2af2e015afac92621972aec51386bfbcb877d7c1542073b6ada45f7fa5a6c0c,4988,262144,unknown
val,1837.png,73f42b1d940c785d711aba92d4922504820a31034e04f0a39b9d42319618154d,731ff074b831ecab81bf88eb315c943eed97c5656879fd1e837935a444bcdd2c,3129,262144,unknown
val,1838.png,eaa5b403fd529f7de0867f93abeffb2f0da166e5fe02daad2cec678f2ba962aa,5c830476668d5fd2410ba26662ac8d1bfee9c91d70838b2cebace5a5213e721c,5222,262144,unknown
val,1839.png,8b571e07886dc2a68ad7789aa38207388c2444b2f7bc1f875ad79d3167819d23,5e3a6ba5b410fc7a786d47c580a353dd6a49927f349fcea0cda11cb77a44a2ed,3008,262144,unknown
val,1840.png,6d2fb73b761407e68d7d8f631b94d053a36b5be56a400287a3e94d9c0a3435ea,15784faad870d143cc423a449d35d7f16146bd750eb92b08f8e9b550096aedab,1780,262144,unknown
val,1841.png,b6367f970566c3ec8dc9fcbfd14d54d20213412b889aab7c1b03baa1d0b7a62d,52e849391d23fab94432c7b0660f0dd4526124161589be6e91630333980bae7e,5355,262144,unknown
val,1842.png,57464eacc1ab09a2bc51811b3a49c0ab9136bc36bed0804222f6990c290339a9,900f083adb9fb99d1b586d7d2b7148259403f30827549866fea33f1540c83d30,5656,262144,unknown
val,1843.png,454d346caf7eb3125247f65cc8f25a3848db5690aae1ba174f590f3301873217,3b988c115d3295bc86248932ed7c44e8ed18803616d34544f86902948b7a0aed,5195,262144,unknown
val,1844.png,1d5bd490f84b80019152947921c41517c46cd871ec31807e1164649d1f98b0e2,56d402027ee4d79cb1f0463d41a576053243da73b63bd0c04e0669ba44ebbfdd,6001,262144,unknown
val,1845.png,d7ecf70d4146acc932884789d7ecb88e970097c93cc823a0f72067294d9f3c3f,3b798594945f22a24ed20eedc100b761ce290892634fea667e6ccfc67c51be78,5909,262144,unknown
val,1846.png,27ddaca6c9721d4e56190a5af37402ea6d2389ff16e62a74b315cf5afbb12216,a7dec335c3a3601dfd4facf323bbb16eb694fdbca7f6a863079ff63f0048fc62,5474,262144,unknown
val,1847.png,f60e7d24dc324de09fc98f2d80f1355fb25242343da031065e7aa95b9eeee182,f952e5340ae063678c2c8c23571ddf1917a110b4a804db319dcb52a9ec79aed6,5061,262144,unknown
val,1848.png,353815088d17e1313191884c0c885391fe555c987fc5e9c3a60b276a00ae6ce3,2e153670c49afb357ee7bcdd22cdd6fe0edbc5c487aafa725f0644910edcc4a6,3718,262144,unknown
val,1849.png,069f55f115498e90e2a5987e2a23f3378b20a825116f4741fadc133220bc1403,4bbe5a5d08a592da4850af3aa2471c2b7737826986703e6a0296a760e2239ea0,4156,262144,unknown
val,1850.png,f4bc1896897585a381a2c426307251a3d9a3ffa8ed9130f178a5f429dac178ae,68a87772c1c50aef6428d1c1b22985cd35806941d84629060d578cb17fb1bcc9,5135,262144,unknown
val,1851.png,7af3efcbe99e5ab1eab540b1ea5584a5cbf7549d601cc5c1c419e1f748bcc940,a3e6122ec4bcef32ba1cf3ca48612c0aabb0226c0a13ea46be5a48ab2dfb5aeb,2498,262144,unknown
val,1852.png,ac7f7724ddd6a1b0ccbfde7ba33ca230a8808a02599134c71492981f38261920,9b21de83148746b607463d686f4b54e7896a9141f3eebc46fe7a1319950614c5,1341,262144,unknown
val,1853.png,d146cd39e9cdad2ef1051e9bcfc8bf66d0654c4c4f0dc885e0871ee2639af209,5bf7c64f7bd64ed2f3d85ba6d4f4757e4aa627a32817235b0414c117e8417d64,5395,262144,unknown
val,1854.png,dd4612caa714040050ebbe91c3ae4951dbc5420e896c57f70c87233d919e773e,fb3288502844be42256260c7f861121ae68b2d8dde0209c45827c98f0a8f088c,4813,262144,unknown
val,1855.png,111725a6e0524d3460e69a16778d3b69a4471c85b1aebff814b89c973d8a1527,55ff41b1573a41650ccdd10a00ed08f1677c7ef676eb58d15e75dc0e68e5f9ee,5592,262144,unknown
val,1856.png,2660b4f5284b9fa43ac2dd28d97817e51211ad2957265edf1afbbda721f12fe1,163a62f87d1ce35078b546308759071f6c49cddd09c7198babae597194cb671f,5585,262144,unknown
val,1857.png,3defedcea234d775600f8cbb48ca459106d90cd7dfa27a3fbf8c974f0dab64f7,f232230738061b9f707645daee01e1afd6c0358792a985c56435bdb106a23a4c,5858,262144,unknown
val,1858.png,c61a37a9997a851ff6acc9bcda0b7ef1bb00fe41eb1b240008d245c1ec1eec89,b5be484b9705f0f62fb6cd24789e0c4f9855620c3b6c72b381a3ae13e48a2600,5390,262144,unknown
val,1859.png,995df353c59d93f2cc4e0f23e13ba63bfd451f887b38413197dc104ed5214101,e68060067974a7f67af583d1b8d157e89cd959e282500226f09804b5482d5c46,5082,262144,unknown
val,1860.png,8b319e63b5fc457330dc144a324dfaeaefd11678fba70363d139e0707bd7a699,aaa82f69b5491b05918794c8e45a64b8327224839201c5a3028fc7450c691269,3380,262144,unknown
val,1861.png,e5abc0ab033a1f92acafbfbf59f46d2755519bd2e93735d99671783d477aa66c,65d3090ecb6eb833a58f40f0da0d6b7b8457320edf660d0d11a217c232e6dfbe,1791,262144,unknown
val,1862.png,968205853e473fadf161450684688a89b7e83512b66aa54f65f83ed8b1832152,adaa120053dce598f224d1d5f5665b67d1445b1405d2434161145d848c22ecb0,3331,262144,unknown
val,1863.png,61a7d655b6c7cebb24d874a7e6f08c2e032b87db90d8cb450fab1d08b88f9dbe,286945a394475582fb6f8d2e89ec5263159ca5e1634fb3baa8d34d85afc14aa2,3438,262144,unknown
val,1864.png,588b39bd62ebf1f4be4848ce108413e886e106ef19b520881fe8c9925e51e8f5,68e38f92fc89b4ee671f8921093b26c353284bea703fc77895d441b0f60d1ce9,2062,262144,unknown
val,1865.png,e6fdc9ca38d37741308f3348a78faecda7a7ac0368282a7af2dec0adcf629863,a4ba4fd1354cb19811cf41a37996934f2737c7a40cb9e13f57489b2808aa5819,4417,262144,unknown
val,1866.png,18191e07703b24802d69063edb19bc43b5312190b9dc143cd7cdd3378053e33e,f1a70bd5f21aa4947f975f5855826d831a2e571f3340499564a66a4d51e8551e,5000,262144,unknown
val,1867.png,669b8f59aa48306d6fa9f28dded6b991587257a14f9e19655435bf87af33a3e1,5f745559437e146d17db51668f8db33cf3b5d3f06d0d09a9bc687b56dcd3f670,4760,262144,unknown
val,1868.png,c7800b220bde62c4fec5493e40ed35b7880cd0931dc6537d2b5ff404ac7b226f,4fb900d61cad5e173ad8796f96c6d2f5a8b703e9e012150fb4949f4abd9b4f67,5078,262144,unknown
val,1869.png,c922e7e409526264e0a08c3741eb2e54d28bab9a7485bf91ac4c067930edb4b3,0ce4bb2cf7d323ffcde8a0303e4e3e7457f31d43c201f70be18627d102dec3e1,5598,262144,unknown
val,1870.png,55f5f4010f02653fb963ba1ec5df10d7cd2aadb0196cd52451815006a0adbb9c,6f19ca731bbbf51c8498f1a109d6867c5460f18efd6253bf6e6e6c53be1e2379,4737,262144,unknown
val,1871.png,4f600bc4a3194015aa900086adf7fc784841bfa5fd6a582fafbf2db124845b00,f2eee998d977bc860bcf4d1d83e3bd10154acff4da1965e05ee571dc7a24e194,5052,262144,unknown
val,1872.png,a7fc5aa23f178979b343af0839a7222908a5b0d156122c6acee1ac0726d4ad98,30f53fed1f5e16f52c301705b7501a8206a70df56dbf93d4ae277b3a3ca3cbb7,4308,262144,unknown
val,1873.png,87f535401281fab4f71cebdd65e51be71bdab73ef5c981acde3bfb2ab687175f,cac93ce9e2e16e973a00fdeec3abc75e95cfba811b8aaf9cbdc141f5f1cfba8f,723,262144,unknown
val,1874.png,b3370842c001d5745d50f24ec0b988fe24508cd5fb370c2116030959d8acd286,4f04fc1b0dc76d0c96f3d639b74a15b7e3e57f17ccb7f8da15a0ec9f5d22a944,1110,262144,unknown
val,1875.png,f4c5a60d85d449bb36cfce2cb85fa1547a1202479015ba49adc50fdb142be8e2,1d8ee6b52e4dcc936438039cfb249602a90607949504920c6cbde9d7f671f3ad,4186,262144,unknown
val,1876.png,d623da619ace4f591fd5d2e194f745e76a6cad9b630ceb88610e3a621338bbf5,b7978b5456c4581b03a61f8f9a7c2caabaa2f39dae0e022d64994496c8a808b8,3051,262144,unknown
val,1877.png,4989157dd34d992be11ccb1d09147cfe78d5c8ae19a22e1946fcdf7a3f344fd6,9cf63a4c34ceb7559442492b4b1f19332dcb142b0be435c5baf1c85805a545eb,2173,262144,unknown
val,1878.png,fa0f76c77335697a4eea3d59cf00b80591d63f0d2b7a462570b502b3084b52f9,103e42dfa6909e467a7cffb1122652c8efb03e5862b339a3127de320f10308de,1704,262144,unknown
val,1879.png,311b8a1d5125297188b9f5cf69cc2047cbfb05a3788e913cfb2065ba02535d11,3f4d2aee3d0e423af71c8b7ddb8795fa63cc2864fe86c31b3700d6e159ec431a,727,262144,unknown
val,1880.png,fec7ab8fa5a2fe1f5c13d1fed72c3a835d54642997ea62f532e7157d8bd8c965,0e415ddcf03900a59ade8a57bcbd1ca3480b98d0d9ecabb0a8b2050ed3a9d274,3488,262144,unknown
val,1881.png,36f79c3967a9bf481697b95c63c5b21c0da7ef1aee73632fbba448e6b325c276,988262c3577f7aeb9ad4921850d316faeda2259c3d0159771c4df5a15388d400,4320,262144,unknown
val,1882.png,828ebb58a5a252f4380de273ff84f77ed4f35df858e6a4116c2e44b7dcd6013d,346e34eaa51e85a029709840263da60d5c4cc331ba9d06717bc9adfa0e82d17e,5006,262144,unknown
val,1883.png,037686ba646181252679430795cc690165bcbb779bda3e5f2204b5d462eae6ce,96a5c4bcab0dc01ce6a07f1e77df1bc92d1d903f157213b207aedfd387320db2,5145,262144,unknown
val,1884.png,03f666457d2a0d8fb556fd122793a1709f810aa673a05da2a5c700132cb3cc95,9065df10e04d69d750ece511f695649f0340c903e80be0b78c38e92b1b8829a7,5199,262144,unknown
val,1885.png,a4b98cac2121166d9ea84f752e5ec6ebf454d6444c2fba1c39871708358a7925,0ba9484a004706b605e08183d597c9b263869a3e8603931c69aa5feb8d776b46,5955,262144,unknown
val,1886.png,c80ee69335269fa533b1f42e1486708b3e21d9c9e417fd00bbd8642fb0f70c85,4b26ccd62dfbaeb478df5fbb6d731ddd878caabfc0109d2758df2f7859732a8f,5005,262144,unknown
val,1887.png,322bebb91dfc61602175e55d1175fed74414e1fe33c27397f95f4ea51298ab92,ae45d3785dbb04469e3e17c7364cec2987c7a2100f31f4d646b296ed1cab53bc,4936,262144,unknown
val,1888.png,d4c7ccc97a747aa973ee653041ff79b8e88bb4e67c9a5cc35b92b61e5a3336a1,aafd96ef166f28308ef5886761851e58014ff6dbc1baf50691cc10d0ba73f3ea,4390,262144,unknown
val,1889.png,34b3327a796a256d461bbbc8fdd5df74ce956d820e4aa73b78b23776b6e4060c,2cedf3aff04a2906626989e325422bba537c117ac23af33e076d4e96315f34c7,5165,262144,unknown
val,1890.png,c880e32b47d06cbc271611849ed3afeb04c9a6ec962b6ae45b175c2d8156c255,de4708051a3cefd63fbb31e5cd7b9c5b01d28959c5b6aeac867082a9f28a6fae,2994,262144,unknown
val,1891.png,dedb9f93936cf00b024481a71bb057d9e916ac5ea3bc42eb1da40d87e493839f,cddfd55f699f5367460a00de2055eaf223889cba417288133339fbafbe712e87,2172,262144,unknown
val,1892.png,d32b3bec21d4e233bbeca2af64bb79d3b34ad42a75e2edb842f7afecf58d9207,e30acfa93a0ca5c13b27f0fc2e0a97ccf20e5be929fac619a0b04da16093f6b0,5718,262144,unknown
val,1893.png,b213d263f765cb215528df58c1b3d43a3f5c501c857759839cec583e169fe0b8,828dd1c19b1f04aae02fda0caccb635da67a2d760c201034173dd021b6d22d53,5710,262144,unknown
val,1894.png,6bc29904db00ec3e0a65c5051f9acebf47533020fb6a3625590c1a8fe5ac60ac,2b40654397e8bae13891c6aedb17072a998eaf49a004425924b5be75611b9b70,6412,262144,unknown
val,1895.png,34a969b53ab6aa0868683560da88fe36679ee7fd32c26dc068a4c1ef83ebd429,13135a5d2506a3435ea5d299a00567f3fd92975fb895b74e0ab0ce3d9e7ac04a,5693,262144,unknown
val,1896.png,eafd6c679378712693830fce665a4ce17dee34033260ff7e02559ab1db237945,61fa75132741ab517103f3f431dc2c4444e4ac0b140db7f43d5f987deef8b752,5181,262144,unknown
val,1897.png,3175b2303c24358f11b8cb3639fadb8380fbcd0028e89e189bd168664ecc21f6,03902e837fb97471e0b462b4af9280715cf03d794fbd764a849dd8e604613c1d,5292,262144,unknown
val,1898.png,93165f91ad873516f1546c78f657c972917059e6d94271eee7659e6128a6d31c,7bcc37e52cd7c31a212c83a292e740e51bf6eddbf089715ee97ecd1aadc8b28c,5204,262144,unknown
val,1899.png,96f70eafb1d2236b239cfb72260c775f7fbec00032ac4098c418f31d8a1de37f,1eda22411d55999d4ffb6cfbaa0ab485edf8049a751e08ecf479a0fd8190d57b,4504,262144,unknown
val,1900.png,70756ddcb4a742d2ea7b75c571ae69e28a738ab1d5b2632240cc7c595571e032,ab93982467c041baa8549e89cd7a08dee796788752be6cc5fd954452f1eefb1c,1075,262144,unknown
val,1901.png,755a4f55b1ff3d93a8856b5af4dff1b3f81abbf9364878449de8870ccd42ad59,6a544efaf61492b4f1d7ca236401ee9d756d410ace010ef0e244573f44493aa7,1861,262144,unknown
val,1902.png,b26de068c4d6c158a9517d94f7412f880807fdff3ba35e142c16871bdae8cc6e,34d7fdd81bc8bcc1b647a2ee216db9f706edd277aa9a0bbd7eadfde569eb2840,1573,262144,unknown
val,1903.png,7885f713d3a909f672dcf99aa2faac5a850133e23ce41de73ae0ad3197922584,992d798cdd19f66afa34ce1da854781c6e33d8a0146654539b5cc04f38b2dbe3,745,262144,unknown
val,1904.png,f09e3754f340f9e85eb6da9d2ea0bfed45ea6b0a1204e8baf63ac248d1103efd,1f28db51391963d8bb189597f139a41f28cf3667583a5387295074e8e9b0c31b,4246,262144,unknown
val,1905.png,5677f330c4389489f90a50ae86af0d80dd4f0748f9db4f4e8c0fd8fdb2b616cf,ee7d1b7329a31c7c440efe9043053279afcbe489b3ed19bdafb55409cfc5dcae,4695,262144,unknown
val,1906.png,3eeae109aa039b45df93bf91dd54ed8c35c85f60ba8889dd039859a33c7d648b,cadb6d18d798329210e9fa06661fcce2df65b42a30d33ff9e96c9052765f2844,4846,262144,unknown
val,1907.png,8ff59b5f7a2e25d80c94ca0dd10f27a537a2d98919c2acd900c4f19c6dbc33bb,8261804fc40f5cd203c888d23dbeb59ac3be3697f9dd1b9061a408722f875cdc,4822,262144,unknown
val,1908.png,1e34e41ccd247e2a2bbce6079ce6a48d1f9a35143d5f498790ef4b0c308e0961,fc306fbd0cc5fe8a08833156baa55ee026e6de02c3b567f61879f9d0a65407ff,4597,262144,unknown
val,1909.png,9f89928b0e03638b787ed73bbacbd506fb1eb0e3c5299a25db979e2fa1f4cf5b,8343473c720495da9934a304b2f864627f44ab9b5c5c096ca0ecb08c5b88b5f2,4394,262144,unknown
val,1910.png,c030b4280e2f3fc59bf7cb75398ff504ed37fc8a6d5862222f1d1a0cce951df1,dffbb4a7329a3c4b233fb23436da7089391167a64857aebd49bc430564c75061,3537,262144,unknown
val,1911.png,3ebd09c3c98d6ff33955b1d2889a33110141ac295a3fd1d84856c461af75066c,60d53db4c74dcb74af8a434af8d772f11b43d9a1b52a029236e60bce62144d2c,2866,262144,unknown
val,1912.png,d2b50239c12fd8c2da571199a58341f6553b23c0b53f602353b84d1d462b36a8,f3302ff4059821b5502e9eab5974f9059946a8430ecb2630e5db9b3b9a9db75e,1040,262144,unknown
val,1913.png,98dcaaffef219a65c27befd1c767c3b7a50428ca6029ebab4d567c40a516094b,ba64b9018ffa597933c88200fcac4098830b26ed4cb2394602d9bf5724d33b3e,2169,262144,unknown
val,1914.png,c6b00436a5adeae78ea7dd807751b038f775c464be8947114f3f19f67d2e0b78,35f803434d2c0860cd41fcf6c174cecd5a6809e8470389d043581f5fa520db29,3521,262144,unknown
val,1915.png,f53692c690661b30a715b9ed9d9e7b3775f7f615b44bc0f06f584ca0f8a65953,5c82ac0c5e4cde7811932af150726538263ee752da282d1c24d4bd51b8a6864a,1577,262144,unknown
val,1916.png,892ec858c573e0fe51a12bb733a45aae0e044ebfeb84f04f4766b8948cc3f187,1a750b4f6114975281a39d12e471b93f2a9ab982c3bc4e0453ad5bb99bcc9a49,3453,262144,unknown
val,1917.png,5c47d95f4a4550eb4b7650ae4425f7d9a0c8e6b6db9ca9e0a42c774b786ea4ff,fd2042fa9c06d505436bf10d7c3911a65588754c2bfab4b55c9398f4c8b01276,4590,262144,unknown
val,1918.png,95cef90f9f7f9127cbea66ccb4f3e2a4602d6f396b47582679035e4a97967551,c172f1a3cf8d0d6c3b6415a92638bf39ec18d8c4bb1ba25adcff9a26db4cbf49,4680,262144,unknown
val,1919.png,d97948622665a52e9b16510481c5d2092d9a91f371a300cb07beac5f1e36fcef,5e30ab126bd22a3bdf40114da11428c9d389ab2aa48d80303e662ed9182de07a,4702,262144,unknown
val,1920.png,4480897fc01094fb77a16bce604b972a4fbc41a45446fbeb524d55f3df86817b,881cd6d5ed5b654b87eac21aef1df11f7ad05f46b402aae9f11efb32ec861131,4875,262144,unknown
val,1921.png,a718cc9edeed0c180e2a4569b1bdb49044af73690d8eae108faa6ff040f26126,07553e4b80456402d3aba00810f3ebf5b6c909253a5e92e3472d8e13f45cacdf,5675,262144,unknown
val,1922.png,a8d783f0b8111f3c1360a7ed5738248aec825fca6bd5354c90fe2b5503d56734,49dea1c4bbbfd4f94b56f6b938de74131c926ce3dc6acddb60750e9482119f0a,4992,262144,unknown
val,1923.png,6f71f2ffc7de6e0db336831272c5ef651883c04fdc55d4c002e91f7262a04870,27d2958d5fa97a103d8b78aad707239d4938adb6badc8c0ce02048d4aa4b973d,4460,262144,unknown
val,1924.png,9d90ea40fa9212fa91953d13f195e111e113f47d92111c50cfa9f24dc8101986,724e98f9aa6c112f88f0d042f085881ad7a419ae07cccb401762d57a26cc852c,2955,262144,unknown
val,1925.png,8bc14cf3b647e2c13dd445cb3be8adb0c5090da8f27c78cd59d54004170a3b3b,093b31a27c66c5b0e3cac5a2e2c12397d72d0cadbcd0bdde9fd55368b7d704fd,4164,262144,unknown
val,1926.png,a7a222838c337155848e0bdb0e6be3b118dedab59f27e281726821d8b94f9ec1,abba1a299cbff53f1065c7eff0d729ce6cbe03dea0ec78a47b49ab58fb4c96e5,2947,262144,unknown
val,1927.png,78dfe54c02e32b9bd3b444fa1fa5bb458a13f0817fd18ac940add0329b118c87,5a2e855bfb77207cedf6cdd20724bbfe2b3d4024fdefb04fda4b63e6af79166b,1223,262144,unknown
val,1928.png,dbc00c01032bd8c280e2fc35fb8ec4305f84f214cd385d1e20204b2361fcc915,5a3332413e6c61a9c1dda1a193211ea0d00af2006671875f83460a19094c136a,5131,262144,unknown
val,1929.png,9f16679f2c3ae4c3f23a85b6aaada68eff25a057de6c7a7cf01c40a45e6613f6,4c43d836608560a434a0c986a11dff8ad1b760f03d0090dc6bd8d5cd2f35a232,5480,262144,unknown
val,1930.png,18d139e5da2ce742770e802f7d97e5f06939122456c53ea304c9556f0c94310a,32bf24954c98a9789fa57acebf57106b6af642593858dd2a33ca43ca7cb29a55,4816,262144,unknown
val,1931.png,7ec6c4cbf5f189371a9d4311ed8978c10a3fc0115a0d27aefabeeaa601f033b8,d6082590426e144544d1d864f99cea4fb321c306bd4ff0815736d1bd48d49d55,5976,262144,unknown
val,1932.png,fffd39bb3278043fa198476386c9b7c85203ff1bd5a008f9ccde85013939c9be,69c640aaf0db4a1a008b37afa3df90babd37d2b560b5d5a6af6f0d642846f92c,5138,262144,unknown
val,1933.png,e8015785e242e49d7faf4ad053a6766739b26992f390a671c4c320aaf829a48c,e924702551bbbf25f568d0fc5f4b9f2069f7ab74324abbc687f6f9b02357b1ef,4972,262144,unknown
val,1934.png,2d8d90a6b0f75da9191d71ef6708778c938c5cf3f90243fcdd287ac7c07556e9,51f2edaf9292fcfb3d3b2491516191517cf728ae9c95675ee9584b0aa7a678e2,4878,262144,unknown
val,1935.png,c4753710823c655db33d31e26a4880e970509f77f45689fc580dfcea8447ff68,1ebcc72f78f03142822838f1516ac7342aa65165365db43ebcb22e036d4443f2,4179,262144,unknown
val,1936.png,c6936f915353b17191d78dcf183db4ca2a5a6b6a57e0ea8a72caf7801bb2dcf8,92dd5050812e0a12b099a3f10b0be8e5bc65261f10b22945afbc5f5f94432134,1855,262144,unknown
val,1937.png,abef2c68095f5757df895e247a7bef83f7b36d176d37c9d05bd0ff90005f410c,69211015ced7486efe90dcbc8286b6a20a91f69d79e85e3ebe73ac95daf703e4,3723,262144,unknown
val,1938.png,511956587d38abfdf4f4ad2fc1b253465e2cef5cf6927f6b8a3246d0417234ed,581e73f4d9da3170637ea96ceaa3b7114f6f15b83c66e17b264f2369279a2fbc,3856,262144,unknown
val,1939.png,9901b82a5bfbd47034cf955f5f587bebc66e33c97dd3fd4395073b36a04b0026,b37d3a038bbd87fc44b28ec6877e5dcf751cfb41f1296306cd22541fa7395024,1067,262144,unknown
val,1940.png,90c12d1e4c98651b2d1eab7c9f3648bb009dc2a37e5fcf3d648e6388d712d097,4cf14408a41335fd9c92e9882849bf6aa239fc6a99551667c0fc3518419a31d2,4083,262144,unknown
val,1941.png,0166854b48998c87b524b50251c4eefbbc7f64c78045d89915804a0e095ca78d,9b6bae8b74a6b7b41e8801d7e7e6bd99cd2cdbc1d9a317e9411c56d98d530547,4570,262144,unknown
val,1942.png,224d9049599f42cb57583cce00b68d624f1dc24911c38aeb155f91093396fb4c,2c1a02b2d5c675448f813896f88dd76a249a5542a411d2790c25516a301d7d54,5417,262144,unknown
val,1943.png,c41bd5e88a3b8ed7175830db452ab7feed902be35c8fc8944819e3e78d20917f,b4cb91a26e0c82bedcd5d147ffd56dad3c86e34f6ca514826073467fcb84a13d,5339,262144,unknown
val,1944.png,d2fde7202e89547a4ac5f96bbb08150bf3a2481e7dfd86faff94d89b739ac965,3f138bd324ce32d29ca34c1472c8b76552181bf364f474d27227b36ca2462266,4898,262144,unknown
val,1945.png,7cd5db1b22ae7f2e675b332d03f2b581f4df5260c0b0dc1968b4030da7a94825,1891f7ba7ce62aec80115f52fafa2596d6bbeb2d29e5431952a3ab8dde79d505,4811,262144,unknown
val,1946.png,8dea6ddc8725058c614fe1ae879690b30153bbde0eead8acba2628848886ddb8,37bd0ccb0369af00df48fb0e88613919f225a0055373e51eb1fc6c122ecc5c30,4885,262144,unknown
val,1947.png,bc329117556ca132304edeea0e9e5300a3f7ad0a3899224738d9b9b8b48d70c4,53c627973e882bfff39839c110d2b649a524ff759be4ed629415afb78567231a,4665,262144,unknown
val,1948.png,987a02158a3d3209df58a0b650c6cfbdd9d4001d90c591f0976232f7d01cc19a,105bfd745f18f33cd44f92b64d1db9fa19d3f85dd374c362dc947d92c2f72214,1366,262144,unknown
val,1949.png,0f5baf72c86d8694435eff69de8d876971900d77a3a7b961c508a8b978d19957,7541e7385c0c7036e4a182da37c21ec10117517c05b587dca05e4d1d55e99860,2628,262144,unknown
val,1950.png,3599d9f792826eba3900ad254a6f97cc1a8e01f0f867ea8a2db4f99c3aa3bcd6,74f9d063ce3892353c2a0e1d7652213ae0a5aaea3c5e805b2596d22e18f7d3bc,3635,262144,unknown
val,1951.png,24096d03c1871e503b56c941ecf73bcbc705eaf3eac339e9c1cf622f6e357855,369d40036be6033251cc84ee195cd95930e721e1e9ca1afbc1879f1da9cc4624,1303,262144,unknown
val,1952.png,f0d6a7e36979e5cdb70cb60c28f5680934f34bee523bf975d2129398572624e8,ac69f379c6d7cbefa49b574facfbfdf7ffb513fbe782706e222109cc6739a8c4,3925,262144,unknown
val,1953.png,575eb2e18cb71e051f1cfba6b9bea5e8b4d28415941079b8b7cb58fe341e385e,64fc94dc605d167909d3b4b7f46013842322ef09cc5c8bd8b4b589baff0bf1d2,4603,262144,unknown
val,1954.png,7742b9324976974c16dba778a3352de2dacc97d3524563bec5a00237e5a23c86,60757852085b98fbe5a8c518de8a59ea75a30ba3c3d27bb01e032fb40afc5945,5301,262144,unknown
val,1955.png,f40e53452edbee2f43d4000437d19ed8b926e78a7d1557f0353b97575faa41ae,56c4679ae232213b4e3ebaeaf31a4c2f92c182a6cb6f804c5a73b164436d6d25,5900,262144,unknown
val,1956.png,2d9f95cc1b0a5d56231738232da7c428fb258b482dad40176d368b1125917e15,1d3ccb210a0ca4cb5f43943f22efc2bb6acaaad2b3518f753919c5e2a5e404d3,5710,262144,unknown
val,1957.png,037446b9920c04e4d3de51538f8cb9b660518d9cfcc68aed31d29e6169d974c3,38394d129bec7e5c6db25b87d236b2a3be4926c2396f29aa255c9aa901453176,5015,262144,unknown
val,1958.png,4a6ada9f280554b47cd097d860955bc7ce74cf2f89fb618fd0704d211f9a1a18,a7ec1f7ea0280631c468d3d4d6e89e9205bcfbf2def9f874ab773767da31526b,5110,262144,unknown
val,1959.png,445784caff11640166701b98d9de4066fd30d7a336948f307320fe2cf157fd03,a05ca7c3d1077849ad31620f62db70ea1bf69fb91a5c9577613711afcda502e1,4667,262144,unknown
val,1960.png,53acfa795a3c790cb5f5fb681c31a1f12c8dbf8172e57cf30d567e64ff9a0318,e27f194f30e159634e23c12820da242c5cbea004f003b99a82412aad8a259a0c,1726,262144,unknown
val,1961.png,1b78b5f4d28591527ab2a282551c628befccc37f4b4ee522562291c2826a425c,e9646f9867806e72b7c0a636b91479f21025de61121b388879b4af99e52f399c,2796,262144,unknown
val,1962.png,e57133f875661092897969b54d2a937808aa2517c11d3c430b0f752d4ffc9490,ea4fd1cd408992ac2672509de2dd17edb20c13cb8d529c15964cdc04113c4cdf,5328,262144,unknown
val,1963.png,73b16d370e71716dd97ccfcce8c6bc351668f51f16d71ae4cfeaa7bdf1aaadea,30d0f86be1f14f955861ec22febf69aba70cd47fbab4828a2d41833879ca7576,4548,262144,unknown
val,1964.png,189196c075b56caefdf7d9185fc61dd1af659bc2459e623683374a87f3049228,4d8760144c6d57c233fbecb1ea3211cb3c9d3455832f072979c9e15fdffe8b17,3829,262144,unknown
val,1965.png,908791ab675cb5ac0d4a86a8e37405a61606498e98d392c97b78349c6c300903,b3b71ca84726abb4e093cc93ffa69c14590e385de2a25f1a7bf94a0f6247e8bf,1142,262144,unknown
val,1966.png,c112b555152975bac1a8466a7fd8a5b622df4291b844f3c44dbd0facf6f3f123,fcabe28bb21088dba72534390b7cf9fd989fd6c3fca801caf3e4907f60bbbd4e,1009,262144,unknown
val,1967.png,2f6589940e0e39ede8619e9a40ddf91d128b03495785b81741a1b114d2b3c269,d1da1e6ad498f3d22f98b246c41f46d3aec7fe064f6f1ab178311642169d3086,4102,262144,unknown
val,1968.png,6d5b6b65081bd9c66eb0ad4802546df1f94971e1e8cea4f4739b512854aae500,6cee75c2bb29e22277380c3deaa53806be62a1349bc4340a25636a1f04a165ce,5163,262144,unknown
val,1969.png,5959bd066046a62cae696e785c9909a089b4955f99ad991ee9dadd0fa73e8b0b,18aeab351e3d4d8592c260d3a0adc24326e32809633976e623006451f4b9a2e9,5711,262144,unknown
val,1970.png,039d187c7d702158a9346d67a555ddfb690e6fe075d3559092735698805675a5,f5a120482f15098308f708956001411ec5cafb4852794ca86537ce0347bc2e7f,6720,262144,unknown
val,1971.png,d1546ecb3350d9be534d122e0118cad8a54810b7d7bfb618ddf13b56a1bb5d58,06439ed35b972353ecd909289428713a61de39de409054abcf3a348c19823471,6582,262144,unknown
val,1972.png,fdba77b02a0d5df00d650bff63082464380fbe50282a0c688e91d01e55cf5ccf,8497a604fe165b0048d7a4c700b406615e999b3e6191985814ba5ece10f86475,5550,262144,unknown
val,1973.png,dd3a0aed7c27bba7d1090df77e0d6010f4b376a1cdf0fc03d623f9babb1eaebc,732ec266cbd56e72f978936cc9d53271f0441b2d1996c02b6ca3b159b0a2cbe0,5752,262144,unknown
val,1974.png,4bdf69d4138800d7492f4f36fd89e98effa116e64df42eecb788bef3af4b8618,db727bdd8bd2c188e2f64edd4a1fda2952d9b9cd51d3234ab17436caf012ece8,5982,262144,unknown
val,1975.png,0ebce33e6e6f8a57d77547604a25d80397b256c3c4721eee3e17b286e0d433aa,6c45e4d1cac9562b02ddff2c23e2192b2ca4d7d5cdb5fa83822d6ee6448c5315,3592,262144,unknown
val,1976.png,64babb26c8eb347a57cdb849d10cced3b1aacd26518b9b933bb2b0c23b0f0622,9cab54285391733ed1c91d236481638612b1c582d47375c675e39cc4fdb78e3b,4497,262144,unknown
val,1977.png,01c7c5942313c3c7e314718653f11e13586782c56cb86ee6ddc664d63374633a,5c8c0412d931783b41a87cc2e43681c9e513bf6ff079b155072947c4e9689259,2706,262144,unknown
val,1978.png,1c09461d22802be1cb88700b3cd262ed509ed831c5bd2211229011b171d91d55,4abb41be9a72b2fe713c86bc22e9ebe72de5c2a19e38e49ab944d6dc87220aec,1752,262144,unknown
val,1979.png,2d238602880b071a3bb4d46845381d916e711b771ddb10f360658748cbd5dc9d,f936f06a9077f23a2727279fb7c72bc6723f7dcaf12eb945974f6d6ee19ee096,5278,262144,unknown
val,1980.png,bc4a4a86fec89456ab0de74f67dbbbe7713c796baac65774578908d0333ce8cd,761a8e81e6dba4a0202dfd61f5d5e10f28ea35c5f393de1a328c5b5f691ff930,5418,262144,unknown
val,1981.png,659259ff99e4c85509307d1c22f5f96f694e38f2bc447894a242b342c9973cf6,07b8b11395b3c47c8e4b0edbcde97196b068c08e0d15bde8f7377d44fe2ec5c7,6004,262144,unknown
val,1982.png,c6ee54e8d6752f2bd06ee19fca29099a425053f151d725d6aeb91b97aaaff0b7,dc1b6b7f720f54a0430129f6eea01f064aae22c71ef978c3d45f73cff52db89d,5689,262144,unknown
val,1983.png,fea278bbff8459a85038c5688fdc56a4436b78a5b888d46bb7e0184345820584,eeaed80e205d858f024135c2abbcd981b20bd97ebf666f9fc82bb35ba4d6687f,5369,262144,unknown
val,1984.png,aec00d33be97d8b5582b8f9e5c8b3742291b1ba9d60c97f2e87e0c395d086a1b,125a2b38e21c000eae367e83eee005b18af6c596814ab30f68910e0fa7d44ed8,5459,262144,unknown
val,1985.png,0032e326d8723f5569f914ccb620abb48ccf5f3e83113bc1e36b0868cbdb9ff2,e1fccf86aa23be57fd84b3a9ff1c298e9f3be9ef74c7676ea5621cf39cf9bc42,4908,262144,unknown
val,1986.png,8307aa940ca596192524731e3c7e1015d4490829fea8148f4942ac4f378d276d,22599ff3d58b2bff089bdcd7c730369c33db06ce0270714f56aa64220debb681,3848,262144,unknown
val,1987.png,77c5bfb9e1bc8b3aa986468d95e3efd3df435257e1a82b9591c6df42d3ee5e3f,a05458bfbfe619b1e996483bca394792fcdd6b0c43d7301498224e7db5ff5b9a,3474,262144,unknown
val,1988.png,767109c0f8baea10f5c4fa026525490a9a5bf739c864ee87d7237ce4462b809b,9d9c9b5f82f0f965797dc85bc05a05e2e290ac38bc720434deb5786fb58d70c0,4350,262144,unknown
val,1989.png,10e4ad71ba263534a7ee3230ba9bfbadab3acefcc4c7f906ce2e0dff2bf77f56,40d0058b098494aa73f672eb1b327ab61083b57cd511af62ef557910bc908d4b,3194,262144,unknown
val,1990.png,13d2de1c529b14cd8ea113644d578a756f6b625530ee032e67e5f69b93732aa3,526d9e93694a4296efe3a5596f0e018eafecdc5bc9fb3f361909c5ac6802ce97,1208,262144,unknown
val,1991.png,a083ff6e2471277653f1cbf754f0097731d5388bb431b7ab6426a405267fd54b,260672761368ea29d719d216ec8e7740993b14ff261d5047c2aa83120fe2a628,4810,262144,unknown
val,1992.png,8a22533c9bf80038548765e49aab80bbe77a60874a2edcbbbbc39061fde78214,bf22cb06e1e98515213dbfa9686f52018f13679e502ef901962f7986bb0efdaf,5117,262144,unknown
val,1993.png,6edf301c796f27bbac695bbbf941011b67d540283d77b67d33658a98011bba5b,e042e3f3e3074cf9c7e604f3f82883e78dac806388b5fdfaddbc77e9bd473a0a,4728,262144,unknown
val,1994.png,bed7fe1386041403bc57e762a9a57e76353b59dd464e88a8db420066fdbfd3c0,d96b62a6953057657506c8cfc6c295c291e094bb813506f0a82cab18544abe43,6024,262144,unknown
val,1995.png,a0679d27aaeb0cdda7f71049ab8382cac7ec36e5ca13b2121c279ea413e2c34b,c14b95ce0201b8b526abb9179ea1002334eb6bac0c7bc34b0ef27ac53172179d,5789,262144,unknown
val,1996.png,8d780b608861268b5db8a88103d14c7f6a1f16442ba4db267b38e41a7821de11,ac1e13e5aa52d41ddf5dc4fde713a8cf7bfe3efad4c8d2ad36f8dfebc1296263,4550,262144,unknown
val,1997.png,4367294b49b2c3ca8229122f0f2ead44b6805cb3cd3e0b9365bce2c554419c9c,075bd6d8920672fc643833651e1f0a2125b4337f56b4f64d201afc54f986b351,4763,262144,unknown
val,1998.png,9c27eebc6e6e75e9e603232715e45ebd3e6e0dfda65917345d8788872d29ac43,0b84c5d8903a348fd8c67dc79a902d05c8bcd2e2b3d3b7a896b827d27fdf3747,4256,262144,unknown
val,1999.png,27c6b31fdefde2fd7b4fc51b34d4f6f204b4fbb30a1970d17488344af851b907,66125b9055412472ed81a1eab193ebd945159e4ca9166950e31d51f8d29910a0,2533,262144,unknown
val,2000.png,8fbbe1343c385edd13231ad5233fd18bd1bba15bbd5e3c61887ee4bed7aa186d,b33b241c93ae6ce521dca506edb07bb90a96d6f0459b890e237f45bc4c32f96f,2866,262144,unknown
val,2001.png,92a6b206bf76ab2cb4cf8fe4ab87e4fd4f9ecd1572b0627924b31f16b5ca3969,ab0726a2a27904299401fa615cb75661f53e681b897b17e36fdbfd7b220a87a2,4460,262144,unknown
val,2002.png,e2d339e8153a99e0ae2c6e9a5b266fcf94c30bf059d4ca7394b5d9c868c127b4,d955c97a80d3414bc2773d95a53eaa58ab86b4f265b2d4f7205a86ba51a2c710,1742,262144,unknown
val,2003.png,dc1da22276a0b82da8efa5f2be189ccfaa28015c88eda840c614fd3a0045a11f,ecb1ad6154942ac72b5fd5d54c0d6214bc2d2615600d19da0bc66eb8b714f562,4331,262144,unknown
val,2004.png,4b74354ab90e8d54c40f5e3b795513824b3b3ad97d1f7277ea3fbd215a3c9476,90ea3775ac1ff50cf42f415624934c0fdc3d03af150939ade2dc5d7e1f336fec,4652,262144,unknown
val,2005.png,fca69222ade4fd4e329580a5b732a706da9099ccbf8114e05e5ac0e38fa502ab,4d5a673efe0e6c55bf4c4b66a6bae50b8bf6d1c415ca56d748d651c89615bbd6,5401,262144,unknown
val,2006.png,7a1d054d0a9548b5e6dcc52d691a5b129fcdea9171394f92625bfee20e594c9d,7f5f382fe709576e60bea7f1fcc89870ca3ba595a41c4be534ebb8d6cbf5a9df,5932,262144,unknown
val,2007.png,8963a97e8d2e9908b7ea42c02fb1122f7dafdb1f782a888bfc4bce91e6e85f4e,8d0cc8ed73f0385cd8fcbe7d75464b3c831bab855608d15104dccafb215204bb,6151,262144,unknown
val,2008.png,541e4b5cf1e74952c4f241b13c5065a353bc4096ab6c44e36f8d44fe24b3b588,a5e1ec9c13492814a9500f30de4897b0f4b137ec0dd6262600e1d4cd0a1915bc,5486,262144,unknown
val,2009.png,aa910b8feaef551572ab34478f708602ba2520e56f82e53848036034e38054ac,23b5fe2f385787b60856bb78ee6f8884c28aea466d8e119f29431eebb7da4c9f,5202,262144,unknown
val,2010.png,eae52b5e99bb0e768ff43fadf23b56d3f6ceb531696a8529b42150a24b1c919c,d8eec280175e658c4c6f670b6c89cc716c3f4d8eb35b94c42ebc094bbeafbcbf,4982,262144,unknown
val,2011.png,3beeb7e451e9858d74be25c1b152e02fd7e768adc6808ef318d7c350a0229472,3184efc30bdb00b5b04aaf36a0b53a7cf7957f33bea43550b85a683e5c0abd2e,945,262144,unknown
val,2012.png,c5179115a6200a807ee067bf989e6dac771243d5822210ff488bfd1976ccf887,fa12339b3827096c5c3944988c197ffdaa256f79e2535f88e5fd069540060232,2402,262144,unknown
val,2013.png,01652503fa26430d96100ae66a42ff1106c3bacda8bdc04293c6ce2149c444a1,8368c03cbe46f6b789f793c1a8f5efe6084ea6f4db2cce54bb51372e7c3c6581,4486,262144,unknown
val,2014.png,7586f42bf4f2dcd7403f87add44828cddacde6faacb00af5e39cf08c3f120b86,f80fb0ec3a1fae6cf95b90c3e5c28e041d88d74a6707af7103bd8069324c1aa4,3733,262144,unknown
val,2015.png,4d7f31f3e4aa20294c322e2b730c400935c03ff6dc257d96b370dee78f164150,517c41610783be7d8ce05c7bac8c9fd1d5919709df3c06f392fe5dcc379b62bc,2210,262144,unknown
val,2016.png,cc62a87b797a4a8f6ed8dec06ec10f2719c31bb72382f77dfcfe16c5b53939d9,6c0f3a2063bebc9952ab61bc020c33bbfd38f55c66542d58e9595102ff738ee6,895,262144,unknown
val,2017.png,4ebda64243d2bbfc54569539066fb028f223e85ea3fe7bf7f2e457cba3440ccd,f4158ac4e90f9a1d38f6ed3d36d7d33b47673d64087395b5cdc4a3b35592f105,676,262144,unknown
test,2018.png,49dcf0283dc65a8ab8540b3dbcf0c726fa97e8f9be10e09d3e062ede41cfdba3,b8cc2ba659383d75c27bc3117fe88c80fc7251712c9f9b6b683d852b902c52e5,3549,262144,unknown
test,2019.png,8d040d4c3808d284e15beca2a90b57d4639ecf3c93c9bd284fae684d5a3433d3,e36d3fe4c3fd1a6b2ede3e66fff5b3c4bf0a2e476f99a82fb6dfba8efc69ffd5,4584,262144,unknown
test,2020.png,642229137ee50b55cbc51bb1253b7dd1f042ca7a40e6e276ceef13d497162ad9,1c7fbedcb55ec5f11846df26b675356e3e8f1c1464fbb952ba272f7e8ebbaf9e,5067,262144,unknown
test,2021.png,a8a4d197ad1fc0cfdcba33d0a2570d045f12acd53311d96db47d4490d8f7c693,632f64845710d92f1816172829519c01be30deb897913fc7acdabe3c859c59ac,5216,262144,unknown
test,2022.png,af5bc4e1b1c653f26abee0d01c90b53faff585ca4746b1cb975436a994744cfe,e3a4965246dc95937621445db336c678a37bcef9feea152a20ed6fcd01c9e2d7,5090,262144,unknown
test,2023.png,913c94174588f96d7a42a0d13dc5ee3ac77b395848e95fc88802318f06e068ab,9cca384a7c3ab19b32abe4e3f1fb802423ece7094ebb53c6ee3803691c124039,6159,262144,unknown
test,2024.png,c867b4fb8a691201f3682c4822cac79dc2b14cba834b18c0d42c9e484006d53d,a344ecd5d849fdddd4017396cbfbdca55cf1b697cd4eb4495d1e31fcdbd573f7,5839,262144,unknown
test,2025.png,dd47866a6e810e284c247b86aab74afaa86aedf6a620d8496b5fc7e7a00f5f09,d9b1fd74e688f8baf6dd27b13e11f86057c47a46c7a330bbb5fd3f27016788b7,5112,262144,unknown
test,2026.png,c1398bd842ad75c1031ac880e8025ef5ef0e35e68da4abb4328a93abd1bdc070,8bd1af7fa4964bb65181c49cc2885b76e0caaa5986549358d8955d173eafe0b1,4171,262144,unknown
test,2027.png,84e1cb34488da29755bd9f3cec88fdff647dc9a2adbede83f871dee486fd682e,827f1d6a0ef7b8feb57349c0ffeda88b1a052add0dd6f113711a673f9b54ff42,4876,262144,unknown
test,2028.png,fcbefbcc1081619f95e9b81a77bcb49de57c9d259bf26fb21e2884621ad90cd8,3c89e7e2023626edce5457fd591e5d023d457e34441d48b1585914a857fe8213,2737,262144,unknown
test,2029.png,d4b84dd599b6fbb28236a58d65627596dd0275a96d7098e71705eaf4102fa001,71f0f367d6d0fa11604c812c92913015a96317a48f6d9b1bfb7d0e9c57af5b32,1497,262144,unknown
test,2030.png,7b2c64fc93d68fa303abde71c79be20a77551e6b972289c984be0effcd9814a5,708abf617719bb27a14319fca37d75be5639c302947491519a001aa5744d1555,5321,262144,unknown
test,2031.png,67776dcb29447e19265b5bec8bd9d3334e2a4adfd78ea5c931c16aa95219c238,760cd2aa17145f127ecd202bfcb983397d2fe49a002365335b048937c5342681,5704,262144,unknown
test,2032.png,e097c09dc5950019f32a7c73444d3584ac39fd53e571df2154a5b47fcaba4d24,d21451e879d7d82aada52f18b729a4891822713db8958420b073645172fbd5a0,6116,262144,unknown
test,2033.png,b73254d44064b8c0b80b57ec9a3fbf724d201c9625422bfac6f3b50720b4a5ba,cbf973ec5b6e21cfa572ef3d676ac8a29019389f68922546219fb59e90acd958,6184,262144,unknown
test,2034.png,c08a84309023e8654ab24ec69eb3726949ff2fae7168c0437556d300e0fab59b,34dc081ba99501d70c57a3c88dfaf7ddf6801c16e2d1d8c025f69600fbe0a9ee,5550,262144,unknown
test,2035.png,8de9e7e8c4b774712802d37120646e5d28b5897d0ddea3f5415efbf33cad647f,aa026ab0f9b410d2e92741b238d0e2e4a8243cdc157ced81c94d6cc982431d4a,5025,262144,unknown
test,2036.png,a3a0d26ef088b0d3d6e2342f91cca2e84e1bc827548b70d75e0b6901ed6f58fa,81a6203931c8bbd62ee4aee768d1f96888bc838b8a90151d879a38a8b53b4930,4835,262144,unknown
test,2037.png,761443b5d5b3c973875cb21a7aebe7245b58f079f9210dc98e1a64947e49aa95,667b29ca1d33cf800fffbbc015c98ae0e40bbcb039fe4e81dfdbfe0b42298914,3708,262144,unknown
test,2038.png,23b6ee23b4b135b0df29763070de189bebc91a9a52b2aba7dd4f529d2c228e02,7f746641f57485792d063e26125b113aeb1a06284adac3f5beac36c8213e6d36,4174,262144,unknown
test,2039.png,acd048580d0ced233ed326237d786325bf44a7a454c019f28bf9c7c0cd2d2f69,1550ce10ea1f3a65651db270050701f7c17e41bed9f250589544059e35e260b7,5694,262144,unknown
test,2040.png,4a016101181b82956e342ffad0170f9643e525d4c0c6210d04b69ef2599e2790,3bdead8a9135b040afb5b9eefe9cf01aa7f4e79bf76097a50db0a573dd0363af,5801,262144,unknown
test,2041.png,69f23fea13441d3c01224b8cc9e2b317f4856ef09a9dba1463cf7f3e886e2f9d,411d8ee2fa8f42bced26f6300fb3238155ab95ee9f2cefcab5180d1a195100d6,3211,262144,unknown
test,2042.png,3c25a1abc03582dcc2b06dc22b370fbf77afc3d0abba03567f8bb593f54b566e,b2dea417772469b9db0acdb1ad791cab64e03d4044f9100a607f9c73461ee33b,6164,262144,unknown
test,2043.png,e70733981a87994e412d2587ace33cc73f27c4cb3eb5985d8cc252a202adaf4f,5276d9f45d55509c681fcec66564868ec97aafc640ecac0714026c715d11a350,6306,262144,unknown
test,2044.png,078dc1b7d6f10bcc1fe5132329bb2bc0f2a67e87da025676f65957d3210edd88,621aec3c5dd6c56cf86556d00cdea27959508d3d11cab583767a963df0c39b3f,7721,262144,unknown
test,2045.png,e86ec206debe9b7e44dc65e591e32edfae85a4a84a1557e4e1deda1aa2b1b43c,38c11fab6ef5cfbba384fd81e426cf3e86669778d68563401db9324848d2ea9a,6570,262144,unknown
test,2046.png,9425d8a8cf4fe8508644b7b8f14e55b44801c75187c6cedf361a85dcb6584a2f,11ef409c44583c2759f7c9d1c7f4319c5cab353a4ca63e7acaf494abc7f37192,6542,262144,unknown
test,2047.png,05eb1e3267379e9ce5594101f4aa5b400fedce36fb6e40afc935d36a0586f62b,33bd68496e915c1fc26a618258865bfe941ade11d8fc90416cec43c890b2c1a8,6710,262144,unknown
test,2048.png,4aed894de99b4f70a3c3ec6f8169743f33ecb023224021f72468f0c8c93b0009,79d0824e2e58510f70f0086a1fa5e0a0ff5ddc57c6e7d72714aba6e97c8adcc9,6650,262144,unknown
test,2049.png,8f217a9f293e59e5db983441b0de053e86bf61d1d1cf66998eec2d48ba1f301c,188d99dbfe243902df94f911fe8075a6b16ff924fb15b7b686d4e0d7125fb2f5,6334,262144,unknown
test,2050.png,c45e2613bc95d92eb20664d6544e955e68d6896c1936e5fa7f73f3f626bd20c8,e69695b11193685d71d3cce357d4b3b856054fbf2c5edda5b4b01667f8f28230,1481,262144,unknown
test,2051.png,b37f138c3fb09f5c650d7ee5f629ededafe02a2fb2f93b182b9ee8c67176a660,bfb1436f33b056e571f5144d54867554665fdff1fa97049a7c18867197f563a3,2702,262144,unknown
test,2052.png,51e208194604e949aaf54075eae4654218444e3af5bf8d2c97ca14b4f2cffa41,3d888f866a7ba9117006848ad377556d7eedbdd01371455c0ff4588ce4919d94,5197,262144,unknown
test,2053.png,1b51e71259c2f3829e85b586758f208c995c439c6661f0eb7a5b7ad76688569a,026af6a6f2dc4f0558a6c636d81bf1d466912f85a7f84073ecb2f25872638938,4272,262144,unknown
test,2054.png,31434aaeb783abe0d757598bc44bf5dc9f470975b57cc53625a9c315348bad66,703d0b7e49d3d499767382fd8fbdf3707f345a2093f72a69cf4b94e51b6843ef,3372,262144,unknown
test,2055.png,ab411765996015815fee602c5c14405925b2fd04aebec8d6bee45a9a32ceafa3,27126e37c8db7fd6cb8481afec8cf50d8b3f98ef3a03fa35b9b4cd730f2d3488,4256,262144,unknown
test,2056.png,a1a9570016e2e805e2fb0089b61fc9292bdd8fca60f4175b35902720f2fb655c,16d04d260b457f857f5aa260cd79f976f919ccd4cbbb1a714543fa501db6dc20,4546,262144,unknown
test,2057.png,0fafd66d75bfba38583b1f74b85c140ada2cfd6dc281c12f9b255841e1ebd01e,27b5f8c30a686174d3595d8241cab2aa402265b6e308dba283739c16a3c9a60b,5694,262144,unknown
test,2058.png,23b5b1be75d0a5f1320d42b35c88e2e3548d698914f94f44a0b65fe580081080,dde38b27ef0ba831651b6c3edc7b3036ab395d32c37fdf2b57ef1b18a581cb44,6178,262144,unknown
test,2059.png,914d207bc83e0d4da925dee0fc56c8fa18861ee15b003af03219c1c943f6303b,ad8a9dec21bb7df839b58a770dd451191843b277f84fbf002b5d99236aff8736,5806,262144,unknown
test,2060.png,1ad15771439c17b6f2a1021b9812d77685d9fa7a013c7b5415018a58689c9365,e74373ef5079ba5218a0ee0ec15f4473cabc7229fc0009b0f21c51b9ba9e216f,5981,262144,unknown
test,2061.png,cc6b4548d806a6c441931fbf7b850544034d867995dfbb05110ee60e5fe048d5,a6a7a99bf89bb6178e50527b6fbb0894f48388bb720a40b6f80269b9d4180424,5769,262144,unknown
test,2062.png,86337f5bc7137e6ea67f5144dde6c854fca01b190697e028ed1c91c0b3ddcc50,ea004ed63d484c35e71165f536e45b71c62064defc0c2122f0c0fcbb21c645d5,2880,262144,unknown
test,2063.png,1ce92604aab2894ec5ae664f468e5299f6a7f26a313552f21ff11a295c9bf159,a079da4ca2f4ffb775e9b563afd020a957fe831193f4edead76436a24ae48dd5,4226,262144,unknown
test,2064.png,faded625816d67756745b04d76a1fb2621489daee8bf97ef4198019a28a999f4,8322f38224d4ac6bae4da8cf9e3c41f786a8a35967c841768dfbf6e838554269,3534,262144,unknown
test,2065.png,4e309e8dcd6b0623af40b68a3cfabb7b83dbbb19e0ad7a4b7bfcbbc7059b7945,63b4975573eb0652c8f3b81280645769635030a5b5e5f1e408b632d7a4236cc4,2743,262144,unknown
test,2066.png,7a57502307e568f2fa8fdd33f05e0bd5f08d8dae9c6cdd72cdc5fdaa9b5e3454,1355dabd596353ddc8044521926ab6a2bc108f759f8507db901ad6ac335f20be,4824,262144,unknown
test,2067.png,68d351d3b9322e23bf60df44c5bd44fbe189310d356adfbefcff5a08d76b2753,5eb390b3e593df57b718ffdf83d46aec5c691ad23c38f0ce05e20e36122ee6af,5641,262144,unknown
test,2068.png,62bc43acc98313064c928d40fa840a78cec5815e3fe9f18140301e7cf2d980c5,b502dc2a0e4e672cb199b9e03d870aafebc09c2d40e4988fff03b406a32bdbb5,4985,262144,unknown
test,2069.png,6b7683a35d9f620f3d559a8354e6784f9a86dae9ab20d5e91e6a49ac44824279,3516eb992e6055a4ee87429b15900c615ca95594aaa757a904957f4e8bd2c037,6008,262144,unknown
test,2070.png,84234e6401069251df618e10f36748f3ff03034a452d55ec9def088d2cf01fce,ded2634c27f84ac7da3023b0750208ba6bdce799b16d04f579f6e5544d96201a,5921,262144,unknown
test,2071.png,1de94879cded6efa2babfbe4db4b3f5e86ca9024ad8d1bb632f057ebaf8fafb4,c49c22bb2cda92883cc77ceb4e8010db52e926bf32022acb5eda83ee891a683e,6038,262144,unknown
test,2072.png,5af1907b72d3329596ee02f0b9ccf1c129f3f884d3d37db34bec1d7375b39477,0d8704e7b7d3201c717a2de77df13ad2839b9c84b72a9be1a8a6270ab4699424,5500,262144,unknown
test,2073.png,deb4c8e96b3e4e79e04cfef0f033d40c824aa0acf1de832502fccfb3968e4d5c,ed8f2aaf826e9caafa860f92de0b92906755134b230b996febd4872df3800651,5020,262144,unknown
test,2074.png,2b45748464b019b1b968c6734de6516a35e38162ddf41b27f2ee493cf9a1c32d,0c566dd840b288afb3608c45f677ca063cea01034560d26af0b0ab1d7c6e3e9a,1076,262144,unknown
test,2075.png,7f48561ccfbad06fbe1e8ca012fec29dec3b0c73e178c787c50e27922ce33035,2da2ede455c118e7f385cc82f786a05120e042935ab151d406f72444142cc8b6,1441,262144,unknown
test,2076.png,2404740951ee6c3f89df43db448ba4c5b3f333726c397a31745f649ead2a3663,baa07245e55ddc0ece8bf5134f85057efe66f5d5f23c80207c6ab634afe6e88f,5020,262144,unknown
test,2077.png,4a2bc037fe436d083520d39585ccebf80c60262bc75ce8bedbba640341bcfba8,dcfe1217bd42247e86426b8a14b51ada62f40f541456ccc987d31a3a44748ec5,4559,262144,unknown
test,2078.png,a81e9ea61405d8b087d4a11b6086145a0657bc6a4f8d8f7718e9fd728f3ae908,27755a4707b9be7f403b5a08a24223cff814634f58936126aecd904ab0bb5735,3452,262144,unknown
test,2079.png,950db6641022bde34e05cc08da432588ef288bac708fe7a7d6559c32780dfe46,82a790cc72d3e957f3ae624025d18068c71f8d601bf91af0307901da874d3c20,2197,262144,unknown
test,2080.png,b55957f88cb52713272ee26cc295952f7959774262a1589752e36478f0c58b36,aa03d4a2ac83b74c48858f8e5ec63d49fabac69f17402d3990019071b0a48fcf,948,262144,unknown
test,2081.png,7476e54ac41316f9a0a9e53d71d7956d999ea93e11009fef8e945986d5c472a4,46d05dab0d93a59d7fb6008f78edec536b2051eb80f8364b34e1013524731665,3869,262144,unknown
test,2082.png,42ff28aff628614996d3ba487b030b648aff2c81468dc0868af21effce71ecfe,63b4e2132e66278d946428dbecc75f1b455c53a787cddf543f998a73ee1eac2c,4602,262144,unknown
test,2083.png,4f83a6aab3bd6663fab8536232cee4a678c7557823c7441ecf4dff62698c5152,273919a619e0109583cee78a2cedd26560e2204c98c504acb5d9a616e4daab2d,5496,262144,unknown
test,2084.png,4a95e46857fe276372527deaf0a106389f15b43c4d12fb896ac658a9b9d1d1cb,b250fbb8af40204e54873d89bfcce4bf43f5c557749c4e35f137013cfe3f2c8d,5775,262144,unknown
test,2085.png,8104e62df2f5e846a300d509f68989d537fabe110560084a730308538d248d74,6026eae652c8cdc8d6fa442b31e780b3d662eaa5820ce219198c48357f53780b,6144,262144,unknown
test,2086.png,acce90aa11fe030f188f0478147271b7e75155342d9ee6c31b9a018ca6b8b867,7577aebf825d4bf73a4afb1e7b7ee85fddbd3b06bec737fc4dc77786ffaae2b1,6311,262144,unknown
test,2087.png,181684c355dc24c9db21412d1dcc9e17a70a41960b89a7b6dd41a89dcfa33f9e,2c31341e19a5d0760e14f6196f7354e5025ab17d46d4cbf938c89f91f5a4a535,5878,262144,unknown
test,2088.png,6e8f6fd9c4b70410281289a9e44bafe370c1e2e91c1a4d6eea04965e2993190f,d135a1492e8db0bd456f0b5355f9d63ff026f0c9426cfa658a23e1daf4f580cd,5194,262144,unknown
test,2089.png,e989d48a973e27de38e8007a60548493fc924c4fafb9ff68722abd90a0f1f852,f5e50fe888303f03b8257dcc547dd0f38d4c355780aa40150538dd0b003f6ba9,3530,262144,unknown
test,2090.png,09e51cbd568df53244628643ca067018dc7685e36006f333039ec51ede9d0e4c,1b824dedbf004fb1001c72029ec90ee31e8b070a4abb110b0f86e62b6f29f3d8,4713,262144,unknown
test,2091.png,200e2e20fdc3f9ecbee8cdfb1c65cface31bd391cfba5a83155ea0f34a91f000,1d28d2ed4c35e595c9aa29ab9745af9330bc5311638734c8783c68e226b68e95,3581,262144,unknown
test,2092.png,4e8e3c065f0df044329794c50e50b6c80cf3cf407e03a764d43bcc65a3edf1df,e1c97172d6a4734507de666d2433d2aa23ec77fdb6c9fe0e568b8e86192562de,2440,262144,unknown
test,2093.png,36a2aa0e57bed57cbd88bef647082c21066fe0229a01ea3c97a985b0ac43c08a,041b7c00a9977d2175cb46ab9f949243304141bca0dcefdc3d1ef5ca757ac27e,5480,262144,unknown
test,2094.png,d74353bc65356a5fc43f3dda34e5b525d03886b1fdc9db13519181ba448a5aea,70cc302bc84a22b1dfb248778ae229c7d80440233cf85c802a4f82650b3667fb,5615,262144,unknown
test,2095.png,1546c4c954581914b2cc7c72cc17ce09fd810e5e67545fe086c32f280a6a7b4c,771972f511bbd85d42800f2ad6d51e7ddd50e664a85c928e043b2ec543ab9e43,6067,262144,unknown
test,2096.png,4c83f81d4ae884ca5b23e59a517920bd486a8dba9536c837674bc938f60d1d28,1cdca936d2b17c6c6ea833324f4b6814664768883138eeb6fe4fe50f36c5256a,6324,262144,unknown
test,2097.png,f6724fc26b43d50376c366b66deb3050826e2bb474f77b99ea6ccc4e511fbe91,f7580aaa47883683c8090d34065e59d1b548bac2b997234560e5039ed94a1c1d,5581,262144,unknown
test,2098.png,d9afd566ac821570df7dbfde2933990fce8596af3b169c761e924fffbb9306ee,514052e8c5cae182fbc2d978242c943fe1d4e8c182df93fee9b9a1013f804f13,5880,262144,unknown
test,2099.png,c22a01c328ecd0fe93f5fa226a87532f73c53f3f61a857ac191759f612407c89,8b87b0b3ffef1225120837ba66c06dcdbaa82d31e3d8f63e7b5467c271986cca,5236,262144,unknown
test,2100.png,42b755d6ec813f5c0e1a3b507e991d382b8842ec3bd7fbba5a3789ac03f0d014,b402acb2b9789ea15830e5fbef7ae49d7591b19ca11553ec10c7fdbecab856f6,4717,262144,unknown
test,2101.png,ec7af45ed9f076c5dc16dadcf4d0a6ef0179c6f3af60ce177d8a97809a379e9d,9fb49963d3691912373dbd32fd3d4f29612c4af09e0e4677b4f8a314d4e1175e,1868,262144,unknown
test,2102.png,5e1b6330ef3aa5d010fb34f8e4acac9ea21f5faf54d21c876aa48465a549dd47,b9dc2f8d44dd86474c3f61f1d2e2648e13c90fad55f8ce1ba1d02d457146f9a9,2724,262144,unknown
test,2103.png,4a4a6174eea14721c81506594b2604bbca80f9892a1ca57f9f8cd23aa4a2804a,18af8a6a1bfd16fc7beeedfd246a243f4a126e32ec69ab019ffa90a35398b8e4,4226,262144,unknown
test,2104.png,79470e0e040e89de9e6fbaf0d58f9c3fdb3b31dc90a9be4617a9062d58667262,9d8e9135bf88036015073029450fa6f6d7c4e3bedf11fced02b2a15e9feabd78,2089,262144,unknown
test,2105.png,059ea2997221b4dac94f67a88813551f279ad27a2e657bdcc8e7db1f60613352,e21d2b9735b063cd3d80cab77d5c839848d7d9f215546874dbe62d6c3671a8c6,3100,262144,unknown
test,2106.png,93220a53b27d5ebff0a68a914c627e069a156cd4d61278e02b3d1755c5b6508e,f20dde249e16b61e814947051ae8fbe26ba3cbf07e4d00ecfc49bae6ea7131cb,3972,262144,unknown
test,2107.png,2ed5bcfd7839b9819eaa50db47e28c8906e3cfc120366cdf3c21d7eb436271ea,f8e132dfff36cfbd08c7df3d1bf9f4b38e882f75dfdc9e8078e8a824577e8cae,4734,262144,unknown
test,2108.png,eac6d61890c3142cdccc754f44ffdc72ca8bc7eeac4eda1068e8f41eaa502c29,9d816e5b4dc40a1ba433db31faac091556da49bcfb89e708f4e7ceaa5d6ef397,4860,262144,unknown
test,2109.png,60d80edea23e93a4bf295e0089aa085843432bc66c6b11be826f2ce7ef18a670,4a200f19f7f10fd0f9da1c82bbd914645a1a3e1fed8be148c8e6732e69a60a3b,5717,262144,unknown
test,2110.png,b46cb61d732c1d9060782fb3621c7d94127925ec9932798457742262b232e5fb,8fb975f8e68b7795a5dde758ca5ec2934628e57cd2a0abb89c218c34dcfa1924,5927,262144,unknown
test,2111.png,9c7c55da5876a446eb7de86408368d9630956d632b78a4a6f76cd230eddd100c,4bda565a3d0d90e80ee1f64a5460735332aafd45c6b16933a03da052d9bfc195,5394,262144,unknown
test,2112.png,46e21ca334f608f10e83efff23778e26852dee03867fa1cfd079cc969f085ddd,255def2df609f6c9c839d8c3e1510ddabf8601397c28122ea5d893a8c6e20f4b,4472,262144,unknown
test,2113.png,0f351ec6d8d2bdeedba503064fd93296ac98acf9ac62064d82e032979766af9b,74d584b65400b932eb5d0fe7fcc1a62a70989d4a996472e16c177fe73688e272,1020,262144,unknown
test,2114.png,ead25b8c82aed725ea1f57af5b70e79d80cb308c6393dc9efb01beb4997a43e7,6c61b364d866a91c111c7511fa469cd78628c870fae2bc9eb3f7c495fbcabff0,2132,262144,unknown
test,2115.png,8364b49ea4813936cfe50f98dab211dc49a6e477be5cdfa6785bbe8ac299df72,cc28c4b049118be523694a273a4c20f9601bdf5b989db283b20a94f817e49bf5,4218,262144,unknown
test,2116.png,bd1906ee6d8ebf3a2dbb0d6d4fc25d49ddd0e8ac44ed13e161583a7290948a00,17aa571bab4324017bf2896469b1a381bbf8f895bbafe11b15838d2d98059c3c,3169,262144,unknown
test,2117.png,1d091e575c5d214934daccbe86781e8eed1f0b689d9a161492f8867e947cd470,02a5efdb0b4b6adfb2e4762a982f20e745a77116234583d6dcdea7c6e6df9d1f,3549,262144,unknown
test,2118.png,87d12f80870d4cb68c3664b541d0ca15507f0cace658a20b789561d5834c7abc,65354bf1490d69e1232ac31e471c2e83973762d7fe233bc6fd7bbde68b8d498c,4067,262144,unknown
test,2119.png,a071e71ffba4d768181e59fab78b64c12357bcacb7ddadd4ee8b4b257fd46d0a,1f34d355707571e8823ad476364ea3bbf77e3dd66a15b2534a5f301c31d6eecc,4644,262144,unknown
test,2120.png,55192466168dcd2bbb1f608e93cae9c44215ba012ee512329cda4612f47fe695,fafb3e24084a0ba48baef4fd44b7ad7cc5c32c3b15a9d7b87449f2985f739511,4615,262144,unknown
test,2121.png,35791811aa6f4e6ddf45a0dc91adfe27a55b3f8c808cc8260d92062640e3c1f4,1a09eed3727aab11de30eb7e307aded3e02c709fef9a0405cbb49b30c9a6621f,5606,262144,unknown
test,2122.png,01208d0ca0463d10b5125edc3bcaf4b9f05eec20c8f8f31009226e549ee10f8b,431619d360d51d6fcff365ba895f5f98bf6170f10fd72e57968be7ac88576bb9,5650,262144,unknown
test,2123.png,2bbac5a9e0404c71720d4e8b12b758b3db23c9b736289a2210fee353fc3e13e1,d6c0a62e147effbf685218d4157e8bcf551ddcf69bc2ea8444de7ae4a7714763,5136,262144,unknown
test,2124.png,e94ffd65ae86fa27451ee6675e7beccd5d34144f29f96327fa9db3c6892fed92,7d9bbd34dff33c468b0ad58a359d058386e1b4b77138f00e00d17c64d908558d,5297,262144,unknown
test,2125.png,44e032c0c1b56cca703956304916c3beb2a0dec0a772035708697229bdf3f39f,c59fb136aff31c8e272c1165c8e155be356688e192b72f19ec130b8206abe6fa,1232,262144,unknown
test,2126.png,a71652a7cafe498359206e0af01734093007302ac7af6e81d0916bd177fb79eb,f9e142c67f890726bcd7ff373825b95c435be68766c10ea9bfe42d917144de39,2530,262144,unknown
test,2127.png,98939b80324c37181bb530d4b788a0aa11936341f41a14fbe2e2fca2b98cfc27,2be1dd45fc4302bbc58aa471fd1815467159bb90c3266599330fa218a11bf8fb,4709,262144,unknown
test,2128.png,a1f4f66cda677fd58c22e83f67636716d5d176a671a4ecc5da81ae5fe0c80ccd,806d0163f802d5754ce4921f95204bd152e0ffd9d4864c0c857105d47eae2e15,3979,262144,unknown
test,2129.png,2d521a8858e46d4d51dc96882f094412d3e6bda593c32114cebce816868b950e,2e042f2bc4f949906db6a6d05905b34ad13024555fe1bb210d0e546ccad641b2,1648,262144,unknown
test,2130.png,487e3e0e1714e7df11adf66999d2ae3eea1166c19634b3e3f1c806c7a99d221c,527d15c8ee4bf66c6f0b73094617762ab80da7382d87ec3147b0504b58764cbd,1123,262144,unknown
test,2131.png,1dde02fc7178718a5f75088be19722be8c1f5842d255c8cd52a48e3fa84a4081,1b23121fc6fbcb844e1366899393014e98af4bd3d2202ef6e4a26ac199660c55,892,262144,unknown
test,2132.png,dcd20fb0491723ec551159b0497c9413092d924bb71c7657c50b32b9730ef631,24c0c12eee81eebe639b6eeb11b2ba1ae8e207b5e4ffb6f01eb7c1b53c2ef89e,3487,262144,unknown
test,2133.png,c99a2d73cdea2852e2381b1cb5c58bcd80df01b22086567c03d9f4d441014ec9,3f7352b76a6ebe8949a5ff8e2a5f8921e7b52eed31dea6f526b3d92ce43a8634,4672,262144,unknown
test,2134.png,f29fa686d8db24f1c426c0dc4e05367a94945be587f0e2168ac58c1a7bc91232,76307de40cd23371cb9b124ebf39593ea5996c8d0c0dc9fec78a36d7e50d2a41,5301,262144,unknown
test,2135.png,6c72dce5c0fd116b3eb132c379e1a028b38202f4979b97065d8af44307915948,47fa3ce76bdd842a6dab688354bb5645378ec51ff006a994718feb920b6e740b,5233,262144,unknown
test,2136.png,73c8ed0dd0b17273ee57bdc33febf7154830bef800336d757c032dccf871ecbd,6e5beb72a18917428ac7d7e7c49176e6e6107b14db0e696cd239ba5fd33aff63,5824,262144,unknown
test,2137.png,3fcdee962c78e29266b4a2627c9764a6dce6d8c36085be670b483e989b5287f6,9ba9083289c52608214533d91bf20fba9137530e1ab017f98c252d33ee6e12d6,5725,262144,unknown
test,2138.png,de544aa8bdbe4e2a0703c2778c1420887c922cb71f25b81053142b01edd4afc2,3ae67372137e2f637fa0a438541f4e7991dabfefc71b7f17585a3281b6d0326e,5713,262144,unknown
test,2139.png,1331a8f3fabf33940e4f653c094ab7f2d026bba0330e13cd0ef2b9b7b0ad5bb0,20a1487b04ae458a99e62b83255d823de554756f9690b284d1333dc96ad48b96,4929,262144,unknown
test,2140.png,36389bdfa325bdb24fe239f3a51c198c411df078c49a17ce4450846ee0f7dfba,8ab077e433559d1495df396aa808edb475bac1efef8165b3f660562e7720ad64,1214,262144,unknown
test,2141.png,80eb5243f8f390998f0818307cd87245c353cb0d1c9a9a33e389e57d8429a103,3905934b1020d950e0f7fd2a77b759dbc37a54f52155a59c9b787e6e38200dd7,3944,262144,unknown
test,2142.png,7ad44cc1843c452b80041049e19f49aaff402c40d22f9424b8a64c8c603f6911,1e599af29de6798b9d513265f09d4e615284ec390a6726ed80475a901e6d8069,3274,262144,unknown
test,2143.png,79c655f26cdb139534713357e25fc0161dc57e98bf2e412964363a935837afeb,bf22807cdab9ffece38b7a53a5b6955ccbe3971f0a51082b00bad270123240fd,1170,262144,unknown
test,2144.png,ae2e16a3be1a25299d31814f629589ff79f3dc3aac51f4d4e30e6f2c0dc91724,1b45f3be76405807cdc53ef89b3e1fd2ffedd50f72137a0c79d4cbfb720de72a,4802,262144,unknown
test,2145.png,6449f6184f5db318e03c5e16ef9480f3a7289d97db25240ddfea71af83ce65df,96b29014ed9d40897f2beb73cedff606492cb96f5ab2e08cc1f961d069699e6d,5011,262144,unknown
test,2146.png,cf755204e35a1ba4de326c26fef485b99b1119e434af3d562d30c05790a7ab62,9948e2af85722d54a5d18427f8cf51651d34ceda78fd9e61e186a975b350ee64,6327,262144,unknown
test,2147.png,6c162ea1534891d5a37ab2ccd0b060fbd18d80c0c2f3deb19da7729d614faddb,03717ec55693f7a0bd8b54b875a0dc6fcebf0bcc0b9d30651b09765148f6d9d7,6533,262144,unknown
test,2148.png,7a64474d5f9cad0de900346b0ced5330900ef487b524487d827fa871a9ca5de9,8b0130c090d1694a7add8c142cd483b910bfe8ca9d780f840bbcec124a4823b7,5173,262144,unknown
test,2149.png,c51f71f97845cfd5ef4dec2b72cad2f17dcde88936e3bc65a7f8d04539afad55,c02bcf113d66906d3ff80d6bd8ddc7d93527baa9118e9ed36700120d15f084f4,5644,262144,unknown
test,2150.png,072e9d79f7281c56a4123dc890768a8383f747431ee843c8b406a4f238f05024,388e31458d82120e11d8cdd3415f7b970e0b185622a8ca29b236c25a69f1cde3,5509,262144,unknown
test,2151.png,79712e4a48c259ebae535de09d4b97209f78a31cb5355005657498b6c22c4a1b,78102f1731812a5fccba81858d77b27f226920e1a519fa5af7dca33ae88135df,4780,262144,unknown
test,2152.png,d606c0c1ff9b03ab3cab7708fea84a70b52a41f92e677a4213db773e49193d81,d96e94b23ce1369843cc717bb6006a307943d2b1b9106c1eb3d14b7e0f474dd1,3458,262144,unknown
test,2153.png,2020c615bd6fe2bdda67b3e64f2ae22e3a66b2f5761bfb458f98f1cd3d0e8028,f5ad6db2e51ff1b9216f11db2f3fc372ba2bc76e2be58207a290f9d906b411c9,4903,262144,unknown
test,2154.png,e8e1f83bc5c13618c7b76bfbcf3bbafefaf392cc57a3d199a6c5d6da30e73b68,6829605cf1171a0faaee9932298e4db9424b1db987e48c7691d7415cf61f254b,3505,262144,unknown
test,2155.png,7905a923141992be3668b028382b5ae54f90c7db2704d55d4647dae626e2bbdd,445c4f726763d05442bf69891d80b6519c3027456081a6b2f02f3414726192e1,2621,262144,unknown
test,2156.png,6dd4084b37d8237f6a618c38713e3be6bb2abb733f9cda60188cc3b27ceffc1b,f2542a60dec594d7ecc1985480f1278af4427740af0137c0c51a6ec9db708e79,5888,262144,unknown
test,2157.png,3878aee2bd25d1b25010fc50a576ecee3f755d3c0609f2344cb28644666311c0,31c17d338fc2e9ca1d1c47b86e936da822b89c9eb7e7c0ce0dd88f328da15cd5,6112,262144,unknown
test,2158.png,372dc7a048a6c94dd8ae7c709255af3f965f8a45b7b45590d9220fa07615b725,2efea6f7f47b7131a227ef9b6837cfb5b220961126fc3c7b5f9b63127dab4f73,5670,262144,unknown
test,2159.png,6e8512785cf2c0719fdb48c73b72861cf8eebc7de248880ae47b1b6519966501,8ee5b305eb28c9e46193905ec262f13598a8e9148e96bb98836045dd1b5feec5,6255,262144,unknown
test,2160.png,6acdd4f3d58645235b108b7abbdf83d785a84dbeb3cc3c97a6ae931fc32405a2,dbd73618b4c7352c592f27a251b9dc4578995e6a2f2b95c813599bdf273260ee,6284,262144,unknown
test,2161.png,65ea228b579970ebdd85e6fabd9735cb140c5b5ca3dbb384901021a2174bd2bb,2a93626d8b292abcbc87d59171a96319bcfeb9cdf0c670c9121c0b43de8298b3,5627,262144,unknown
test,2162.png,deaa28b06948393b491a0a5b84b4b04ddf8caa00f0ea998ccde1c36209229dc5,7298197579e9fca49512f3496c904f5f91504ccee38ebd915a629662a25d0624,5642,262144,unknown
test,2163.png,20890c43c4f672bfd89d8cd6226744e05566080c024bc1c4d7d0a945202b7e98,fdbfeaa73f49cc35ea592b9d477eb4ee93d964720f17b2e54e249ac3d8e4d1da,4932,262144,unknown
test,2164.png,7f723684a61129f2b81ba4925bbe47e96431ff7db457fa905441880202ad288d,0dd287db4d7d7cf7b25f7520034e21472bd2c8c2b1402a4687a8e70dacde1d0a,2663,262144,unknown
test,2165.png,a5ca26b678e703c76f6b728b8f0727cf7e8582ea39f219191bdee23ee56d5cf8,c54c5c82eff547cdc73ae175715d89e65497013a4054351a1454fc3f3d969eca,3990,262144,unknown
test,2166.png,a7e147410a69457166bf7d2adbf89ca0a4781af35625bccdd52d29c172a03d9c,c33e99d9bfd14cae4be1368ae7d1baace08ba3f237b70b1c5adfe8e29a277136,2455,262144,unknown
test,2167.png,38803f6d474383c68d1865a678a3b7ebe3bb703b38285a73de39ce8c785ba0c4,c221fd283ea6a8f81bd1b30bbde6f44eed72701e0a118598dcdc25abe5a15b7f,1945,262144,unknown
test,2168.png,aea50849f67cda161b25eca3ab2d44ca04712d866f638a0bd456ec06ec33336a,892f388d8e072923689fd651558c7f269f6a12715a2e984a89376abff9c4ae30,5072,262144,unknown
test,2169.png,4bb0839afa3666844832e95391a3c0de184f0a28668bdb72a7d3f5da2aa2271a,d8d64358441145fc7fe61b323f00b1e422f3c4bdb04bb23af164b2aaf516bba9,4754,262144,unknown
test,2170.png,3e34b580967bed6f5542f83b5266f3a5e69b094eefd50e22c601185e3580be81,9e229bda6ba71a053090984412ef6edbffeda708e89a88e3d405f35fda49ad96,6076,262144,unknown
test,2171.png,c4012a86fbc020e62fcb520a0e05e4d55c05e43dae0857d323ea9b492cc281ff,2878fc5cc6630e7a34d7760318a7df8b539a43896f9030ba133a8193ed5e44ff,5772,262144,unknown
test,2172.png,08d47bbfe4687bcf613cbbae628a132b028f2361ac3fb7bd0390fd73c146e576,239e63aae72d8397f21c1aee747957cf05162b4b320ec876f1ac9eb845321f5f,5392,262144,unknown
test,2173.png,bcc4e7f59ca993dc39e21645152c2bcb1dc59b0dabed221c333346ca68412624,163b99135a5fed00e8cf902543bd20fb6fe8a1ddc772dc63282fe0152431d5c6,5038,262144,unknown
test,2174.png,9dcc4f32dec7761325c22f7bfa859560b579765f38d7f44e24d01f908b1c7d96,7fd06275f1db0a230d6939e6c4a2a9b9035fd537aeab342a81c46437b81c3145,4665,262144,unknown
test,2175.png,57528f587d1d7bdbb94e213efa273706fe2bac6a4cad02d5f255af299ebc17f6,f7002ce76ba930ee72f2fafd355bff097410dbe4a13f5964fa8e93b8c3457a12,3267,262144,unknown
test,2176.png,3dd5164327368ed1ef683a5af69e6a2a21fd9d5c929819a81e34d5e6d623c2be,0822d112a7a4a2abfeba8e636650548b9eee88d63d2c3c68859b1f9727ab4b6f,1572,262144,unknown
test,2177.png,28054e795b39f55951e649625b96882b5da78e937b8c76c6286c7c55aa012c76,3163f47909fb06f384155acedc3b2beef8127e83712b3f6bc20215ac35c5a1ff,2739,262144,unknown
test,2178.png,5e95851a159da2fdf5eb3d1a22b63fbd25e02ab318b81752c960e0d08983f1f8,3ad0c34aa4ea6a0dcf3f839ac114c6d80954a8e13a6f38fd6f88562918704ee7,1921,262144,unknown
test,2179.png,8ff5c819b222f585782e6f8bcff62031b5bbd5bd698140e2e73e5c5d2ee99620,e6207cf22af1a4ac40a082bb74bee23ae091e16cdc00b0ffaf313c18246e2fe7,1350,262144,unknown
test,2180.png,2b931c449b623aa2718de7aa6359230a515826a588003407ba8f9798575f5771,f23e4bfe0300771fa8e3ac22533ec628fab2b053a0bbbc0583a2df050e0b85ab,4254,262144,unknown
test,2181.png,f937d841c1474a560a155e203a73cce104e3cb2c09bf18f98b9b3bd8d910d93d,6a5c982fe2f780194e53e25795bd12002d42b99a41403f88c846312ef0acc2cc,4651,262144,unknown
test,2182.png,cf86bbfc8b10316e80cc24bdb51fc0cb0f90d94fbe2e60cee99f0cc16f1cf403,3345b07e7ef8db8d2e481d64477601308e68b8488b4f8ce6f68e265be294fb49,4419,262144,unknown
test,2183.png,4b6d638889cafe5c8d9d1d58d64c22c7fe6a2b3706696308c0bb4274b8e8b7fa,a0a7a8f92d9104e9cd9937dde83d4c0a682b38785f9fae9bd87d74bd63e8f761,4834,262144,unknown
test,2184.png,206567c086b169e4c92f957676cb4483e476307d6d5f3dca4186ecc240ac1a98,93492c9ff88625e27d5fbc3683413e590b9336cdc61f15fa23cffe557a46e93e,5458,262144,unknown
test,2185.png,49f24b575b0539db2a4e9cc568e35823118bac24178f6a41019f36802f759162,bb0902c5587daa3849312ad65ad5932fba3a6233735e7ff78204ab402a2cf485,4507,262144,unknown
test,2186.png,76bb0206d60f09a3994e4089b97f7ffe537b652e0f03df0c500189864c11f98c,e7dc85552eeff14c6995e41ad1bb3ad75120c7200903056b22f2e72b4f6f03c8,4843,262144,unknown
test,2187.png,1eee53555dd8bc258f82051d0ae3aebd71be8e2b2f6a2fb1cb4c228d7cd6e7fc,cf75b8cd4f18a91651d916ec4f0df3534a81a1e1f6d418fcd738f08b8ba5b7bc,4132,262144,unknown
test,2188.png,33c2b8584cab0ada7dca9bb56734497490bb608987313961f5f12f5f469222af,01eccc4107ea263ca512f10d75d3dcf13900678a57f405ae61a1efe197da53ec,2959,262144,unknown
test,2189.png,6f1c80e8f0690ba8a7919ec1e50ff5dc7be50dc689ea3e4c36fc7d9a25a05926,47967d989cc644a465d3f46c7b4d95d5166eb9aa752d58fbbd9eab1df87c78e8,4258,262144,unknown
test,2190.png,2af154c368a277387d4252b6f3c2024cc1d3def81a1ec0c14e7ca18d5561ea33,d86dc6259239124ddf8f2a451e4d7c6ecd29e54498168ece7a82e4d28bfd63f5,2790,262144,unknown
test,2191.png,0c4b3448ff457b7dcf7a54e2d6003816575bd28cdb05fe138bbd9fca3737fa19,7b9c28d915b2ec811f6c182adf796e17b51720d036ceba2f4769cbdaa55ce232,1194,262144,unknown
test,2192.png,da6b6c6f3ee2b1ed0e8afe1a7274b67ef7b9a5e52f9c73602dd5ce16d426e2b2,e13ce220d62cc47baa2ca186b7eae5952622d1cedc6d2124e826f003f1058809,4832,262144,unknown
test,2193.png,f2b720ffef5a28ad23916dbd5d2cb538231b046b25139b222564d5362c92023a,76d6ea64e7233cc2ea61ecb781fdd7abf386dd1c346935c68743579298c7ff8b,5298,262144,unknown
test,2194.png,4e47f94d1d825b3757b0c9da48af71a4551dd9bc1c8e6cdc51e8e7b1144adbb9,a8c68dc4d842d7289ac975424363450cef26bfb924c575280b21f43d3b31e2db,5794,262144,unknown
test,2195.png,0c5faf61a43df934846d4930d3d10a014017fef4929a9fbe010e65cabfcbc14d,b7d5801ad586dab3c08e06ebb21358f1bdb16835de9c27f2cdecb97fdac3c64c,5941,262144,unknown
test,2196.png,c9c5f73c290f9ff0eaeaa9525b900fc9fc1865e9492726a879470095929bb190,01636378fe4df7e3c1111fe21c4178e3dd92972be7db06d58dc2697029b38caf,5580,262144,unknown
test,2197.png,2bdbae5d9f48b21b1329836e0f6bf21312b70f2b5732570e99adf8aef9eb536d,7183834c79bdbcb806a3c805ab837495f5247a7c12ae5c9465e90a7e9505eba6,5172,262144,unknown
test,2198.png,3abb6407cc7cd27b8a98301b56bb91804655cd8a36d07b45c42c4298d673cf6d,8175baf246d2c036c95f2008a1fcd28b585126f0f653041094617e98c8a41863,4835,262144,unknown
test,2199.png,9380962038724d6171862dce950980a45fcae7209aa70e8521648ade743c8ace,b07644128d15e297477ac6f119598522ecf6a094218cb52f5277c58b6a903968,3850,262144,unknown
test,2200.png,ea705d11364f92e14ca0bbb3b73182072912d6aafc6a63d43a47f9b7b3bcd9ca,535ebfcf68444a36cb2d5a34b6095202ae6ff9b4f5c0a8331fc0631c31a8c791,1114,262144,unknown
test,2201.png,4279261a04db1132ae3c52fc758aa6ab8206b1da98602b83ab6845afedb1f042,7360b362523047a612bb434fb1779eba91e05a357fff58708d03fc769206fc65,3117,262144,unknown
test,2202.png,537c9e3242b95bbdd45bcf0b782dd244d33349a336c9dc4cc71fe758b2cc9ce0,1d33d6b61aa91f4cfe36f207deef75c577e115e9d153bf422411afb3a04dd719,3784,262144,unknown
test,2203.png,8668f5fe732c1fa616b894bff3abd22f5323ea100747555a0908b5009f236fc9,020ec308c34fc3541977f73f8bab890ede7697ab6f4a15b8da3ccf575f3d02ea,1382,262144,unknown
test,2204.png,f737f044cc5a09ff24d14f7947537c983550d7008a3b731d966df6e4a7b3f253,021d4a0f91c2974c7604e7762b2f7b6108a5cf23fdca56bde9c7d44ed0f2c9d5,3810,262144,unknown
test,2205.png,c931f2b034c90cdcd020faeaef04cddcea1c41fbb8971830f8f8ff7e5ef9a0f0,a90e65463f92c95482456d44c1d1932761e37edf7ff8daa88bb31f5a154304f0,4765,262144,unknown
test,2206.png,6d216de017654291ef9776f069699a4e9bd8daeecd6d3337013ed5e1f3c486e2,850beef61d628589382e9f4ca3f79819d99c8444412e4a0fb77324b9818f2754,5278,262144,unknown
test,2207.png,d3b2276ce01dc75f18aee97ddbed06d765e29a81cf92d4ff7b01c43422941e80,c54ce297116b26f002e00fa653afb52e8714eaac13c28bf2f7a32d972ca70446,5076,262144,unknown
test,2208.png,de3d6821fc6f0fcb21bf089fe2dfd8dab7df29860318a49d2d19149649aef142,2034d02fc0d437ef6ac6483e7ddb19530ae260785dc046717116dd0a996dbf4c,5824,262144,unknown
test,2209.png,2712976ecbad57bdd5e9a916b0b1968685697fcbaf3837c2720c1ff16c6a7958,28a2c3e38c9737abb2a7d05506ea4159aa1335be13bf81f651518406426301c3,5852,262144,unknown
test,2210.png,feef2abc7c37aebeb6a96d99adfa7cb1ca9a568be1325e1000c7cc98ac30f2a5,cc0559cd8624acd65028a95c5c79d8092df16518121cef0f5fc30df355f2a397,4983,262144,unknown
test,2211.png,129c5f979d3a3bb896da09e686978a9a3525c59063da9028ee47a7fc6db9aa1f,a5a87c61d87f5c6d8418616dbc40d1fbb19e4b1a5dfc0a0419c562db0d815eea,4351,262144,unknown
test,2212.png,18c962dd536843c95fd4835cfc23e7dac8dce460e5ffdcadc0b1af7dd34516fd,cf6d1896960dc5cb1d60e4a413da0eac0d8fc67bdc4a5a316975b76000b5e3fd,2778,262144,unknown
test,2213.png,fa18e310e8b77082dceb50d03eece877ce824229456a0d0be5e76fa6db1cc1a4,fdf6f39cc82833a468f39423218b546f5fff47c34fed64476cf7d5c350d1cb93,4753,262144,unknown
test,2214.png,61c9a4417dfe4fa9bdf61805d71acbe2d632d274830dfb7cc232a22ec3255bbe,fabad1fc1273e6b7fae924597b72831f59234d68b7b341288c7fe8c50bf03148,2577,262144,unknown
test,2215.png,6b628d9701fc9e83af9c763bcbc6e47b7b382d384016d9d598733202d386a839,3d94454f7190061361b5b6a695ca9a04cbc5a2a0518aa9365040130b24454334,1212,262144,unknown
test,2216.png,fec43780012781a8722e1dbaa8f5a3315a075b7cba60c6a50c344e06f976696e,b2f4d019e4ae7265c4e36c6e858826d815dfc7c293c83c891513472e7e0527a8,5012,262144,unknown
test,2217.png,0c9b8ceed15dd49e1c47a7d350894940a30631c8d3acc8ccff35a36187b72021,111080c1c737111cfdafbe287ebc58ff925486500304158dfbce31ff8b2bb415,5011,262144,unknown
test,2218.png,996433447e32b7bb48efe0c993b14c0b8031cfa01c8bc08141a80869844d5aa1,778ed107481efffe63539435b367d2f990c5d96e799d8ea487cfddc0f10018bb,5052,262144,unknown
test,2219.png,e5becf82f1d3bc017069bb592e1d283f675e892d686d4e4075f433e7e92eabd5,e0b36c1637bd11bdc3163429b2291f5e4ed56df1d699420c02bc326434d37433,6188,262144,unknown
test,2220.png,1c64772b46dd591a2b6ef7c0f9d0a7b1951bef4af8858226816a022c730901b9,6b2d9371df9ab05d26019fa445509e6e24d07c5324681ef8f6abbf6dc9500cc1,5308,262144,unknown
test,2221.png,0397917f4df6ca1bba2a75b708a18271d30e0fb69022555dfff9e2cdd9e775c1,0b8ff4ab019be8a7f935dd2539871f35b19ba5633650d5b829744829d882d6a2,4970,262144,unknown
test,2222.png,d6535e60ae0ac191f704c2ddd1dea7758e275e92853d777210812c10db2b8747,5c4e684d0090711531c51c573ea636237e699b3adeecdbc5bd6f82ffa4a903b1,4632,262144,unknown
test,2223.png,679bd7e74a5bf9266fd357193b53c75d0392e1f720290829a15c33e85c233f77,51292b2b8f6ae1dd1134a933ca66ff7a70c233dd54a3954f267e988b8ae96b11,3997,262144,unknown
test,2224.png,ee5132142b0d84785b286837f93dda2b9e5ee2d42cfea14ac4aec19ef4a1e8bb,62ffee7803ed56121618a888f477331572036ba17143db6233ef899e5e4ab593,4291,262144,unknown
test,2225.png,e2da598bf579ee868548a4b99b9c110b7334eed1e067861bebe4cc3866608c2d,2d6a3bd0323ad15ce5c9a405754a5bcc1c7bac9d442effa942ac734c6dde499d,4789,262144,unknown
test,2226.png,9dd485b8c15d6d72183c1b38423d94cce7e03ac9729a4eac79b844a6db3f9994,f075c33b5a4caf81b22e2ab519e32b4d0b284b8cd1aba4e8008fbd249a3e7a59,2697,262144,unknown
test,2227.png,fc7b10905f434d5f5a3e10a377b58e72864b9e3edc506c4cda5642cebc7dcbd9,8637eac54bd5290ecf3f18008b822d1dcbf1cda642db8341153e2f03995a8126,1203,262144,unknown
test,2228.png,3d07d1685582de93f20fc8847c6f53a4075f16aeb5e3378539f98de901844b04,4b2858e4607e7b22a7a45902ddb3027820151c5ee7f40472661636e12bc2f1d9,5884,262144,unknown
test,2229.png,3436e746abfa3e0a356e2edd5f5ff6e05120a92e1e5fbe99f837d84a78faac51,f1651a4c2240b59ba915ef2070687ba302d44dff55e7ec710c7e0fb6759807e5,5783,262144,unknown
test,2230.png,a34f625fe1fe786c98efd921114955f9b96c2c3bdb33c644406d3d569518561a,016b3b7fc2cf5d0a8702fabc97b35b72b23a3c35183fcfdc5d4795a0ac2863b1,6430,262144,unknown
test,2231.png,77b331bfebfa4141f1c943aa4fb7160082f02d93a89597f3bfc98ec044783797,e951c07658ae085f1857a9a89b2ce2fdf5ce85ddfa30e43f908e6c3984a4d17d,6535,262144,unknown
test,2232.png,a09d2fab0987cde3d97fc2eb58c9439adb21dae13d8bee627316d41b5ec35805,a58229581cc1770f50a3fc032bd995084b64cd0499bcad982f3a267b6d6d9a89,6087,262144,unknown
test,2233.png,87bc1c2cde065fb98629936800a9c6406f08cb524c23ce954a756785c09212a8,d0bc5b4b0163beb98d99d62664989db288a5f4b599abc9b88190576a968ac9f6,5378,262144,unknown
test,2234.png,d35446f279398a17414225c8b12a667d7fdc4d0e7116ee7757a306bd6f05da24,bf23d09a847dd21da0fa2c8339a0e6fe6dc647150c1c76fc5600b36ff4690423,4482,262144,unknown
test,2235.png,6200221b2f29ed9d60ee6f5dc388142a7b76be200ff0239ac0b585d9dda6ae4b,afca7a90e1043044d2e15557b605f643846fe07ec989bc0f74cd441450c2ca31,3618,262144,unknown
test,2236.png,4fa1a7bf89d4f95006b3f9cce3493ef82372229911fb1f0c7f913ea249b23ac3,aa862e988c75358631824d38a4a6a5b437b24a985cf60f689d96e86c2ee0da9d,4509,262144,unknown
test,2237.png,5dac6ca04c5783a3e723313e1cc04dbdcfd22ae370fc67aec4508f28a017f10c,26af37703a16d5a09dbdaf8a8b392ddb677701bc424f2a6f4a219e47449419cd,6378,262144,unknown
test,2238.png,5a6d6f57a3e2b7e001d7a138b63eef3113cd60c0efe54552bbf7e3ead947ccdf,fff00bc466aaa8bd74dc37dda20259825bf8ff0dcdd1047e1e13d8869d6fdd66,3590,262144,unknown
test,2239.png,9f9fa19b087ec72aa364f3503102a77b04edce36f806d28e3afb02ae640c0c85,8c27e0076a3765d71ea4ecc77a07263a5a584cdd3a65ef3e4301efb84c5bcf23,1619,262144,unknown
test,2240.png,af3571b52a708512185794243610a5e1c9bddd8c99500fc9a35d3071d63eb6a6,a74f22c42e5f0f3148d1111a872aa7ec9d92f3cfc5963ec294356772e66946e1,6904,262144,unknown
test,2241.png,6d3ad9fc304b1297e1c21a3d6c3b10187325461fed9aff897f88a237ecb025c7,2d8f902f95fe8ee7da2d5c5c502a473253b85e2634faa5d994b4472c53e821d6,7320,262144,unknown
test,2242.png,059a86c66abc576956fbb86e4812c790030936a80a3cf8bf6a5d4e6dca2295ed,4e123dfb8cc187516f7b4b13c57be0c4137d88c286360cbe3a9fb105610a8ebe,8599,262144,unknown
test,2243.png,171578e1159d4a722e735d4f7d25b53464829bcf8afaf0187755750b6a3a2a74,21ced14270b3a8fba99a9c5b2709e97ccd4279ad81743bcf4496f7140f458a3c,8473,262144,unknown
test,2244.png,9845fc83cb0c09846d6fb86df3736b14ac999f36ef2c53ee1b153f350cc5d409,49706706b75ff6a2dcbf6fa4722e8f86858367392a0f7e7105fc795ea93ed994,7642,262144,unknown
test,2245.png,dc5e0dc2dafffc900c9acf71dad1e2c2674047c473aeef00bc5104450997a2c9,3997b05b488e69d41a1dc2b43f6326c4c59cccb5e4c2c07de734cefce5a9ce3d,7806,262144,unknown
test,2246.png,625bfc42206e37d9034c58d76faa5c1a5b60a1b056cee41ed663549e7b82937e,64a9b56be868fc2cd5179ed9f58f5af7736ca179e154eafaa266f116232d93b5,6487,262144,unknown
test,2247.png,33661cdeb1d8a7fa8f9466ffecdcd77af853c0051ee55fe2f2b23b73685f68b5,8928ead833b24de1aa4c07ae89e95bbb857c594bf7c358d8ca2c739e8fd95919,5764,262144,unknown
test,2248.png,5a1ea05fafddcef65ce9043d0d0bc6f03b0a47165b54c21f50813a3f62846d2d,70c0ecbf663df05f504a9e803becbffe487d4b48847d5201861e033a8e29f8e6,2158,262144,unknown
test,2249.png,17a602d67f7e0511700af600d8a3c62327a6d55cabb97f7236bb48714c57c71b,968ecd1283ac7f2d0c7fd72785d61e1171070a16c251091c0da2e185935d0edc,3427,262144,unknown
test,2250.png,cd9a74a4049a546a04f444dd1e7505a8fdfee06bb7a8a55bc3153cc9baf9b947,24c7ffb542567449dc31ed3d1055ad382ebace17078c66f5ffdf8bddb0aee41f,2441,262144,unknown
test,2251.png,e4c763dab8f5f2e3965c2b3af3310e6e6de254d3254080bb669e3ff57315a9db,6859c7448190a028eba9a9b07fd23fc10ccf0761ad289ef32ee546f467ddddda,1396,262144,unknown
test,2252.png,4fd2ab507210f15c03c312a596f01111f7a26daf4ef62cd81ac22e73d647f906,8bf691f974f4b1921e3b0b2e3e809bd6fc62562e7251fb584ab1b7cf6f7b2a43,4522,262144,unknown
test,2253.png,75abf3657f84134ad754f3614a91d851864f0dba1ffa62c405bdc8983e602807,9ec0aaf8ae9f2769de434f6223df95128996da9a40fff360faf2e613fb04a4c9,4880,262144,unknown
test,2254.png,b18e272e75ddac8b70230657f3eebab7ad72022853043240df705d7fcf47a374,31b28bd51385152e74b9ce84720b21ae3e65d8a0536f8b719c2e8035012baeed,4260,262144,unknown
test,2255.png,bde2ed20d118737a8338171230a5495727265316b1032b36998d1737c6cb9d4b,1b8a127c460d6d2144f4af920c76027308f664425a25cee5aa5535276902b648,5581,262144,unknown
test,2256.png,c8a1b62b7aec48e0fc34dd863d7a78d35ea1251cf3fd048f5a58f93d3e58710b,1b7a8f531a79a6fda71472efe3a4de10f0c74d3d91d5bc910f003335365ba432,5694,262144,unknown
test,2257.png,811b66683b031396b3c1fd9faf86bb4d7802e7da483d4ac4ab20b94f7bec389a,6f2574b1ac04883b345d64f484abfffa07e2400f5d969a09d4b138f9031be22d,4756,262144,unknown
test,2258.png,e9149dfaee6e64191af7e51fe149389142bb73ac5ef0f6786ad198e7d4cad63f,7b536254afc98ebed9cc82530d9c3f843644d4781b7d4f0083625c4d0f3020d0,4457,262144,unknown
test,2259.png,4dc3a9dd7b64f809a4a9836bb11dcc52d849077d63d4da94fc91d3a1ab820077,858e6522a76290cac64cfa60886c725070bc812ba7e31d15f98010209c3a8254,4388,262144,unknown
test,2260.png,04de5b51fc5a11884ce5ea845cbec0da1901b7630c017596233637bbb1cabdda,dcc3e401fa19feafe54ee4df96155703496ce5951aecf8819a592473724864e0,3798,262144,unknown
test,2261.png,e4aacdb092dc27389ca537145e7bc34b4642935d69a25054be3abe8dbea03e9e,514cf3b5c23c5ba140495e7d84af72b17be337c2e2c245cc877ad549a70e3557,4775,262144,unknown
test,2262.png,f4ae5b99e6fbaed87938656a475ba4688c90c6a40d76f16d175d0e3afb8f8254,f5819d3d4c6f0ae40cee1b3eb82e294ba93dc9dd3b00263c88b2b78d31fc9192,2853,262144,unknown
test,2263.png,977b28496c59ffb58901df12d17c086fc801d37e38d6adf10506ad26ec8979fb,cc5f5fb7f942e8a6aac7d605e8b3a4ceb663c0c9ad3987216cdd8b298e4fac4c,1066,262144,unknown
test,2264.png,34961cd75d09e13a9e9a0ebf6d4ef8099d69330bf304ad31971cb4e74a854b7d,22ce96d0af4152c2df4e5b6422e0f9e200ea78f5715836eda440893a4f004740,5127,262144,unknown
test,2265.png,1f713eba667b373ac977c4e92a623a528ebc4cf149979ac88bf488dc422ba411,bd33de23faf4db4c1a492bdec4cfdab8e8f31e7586aed30a08627c65b362bf2c,4482,262144,unknown
test,2266.png,dc925810cc4ac3a9eaefa02a16733a8c917fc857b858615277c259d870b95627,909366b2f521f6f962011222c78e580c3530939ea680dd6db0cb9db297598b7c,6071,262144,unknown
test,2267.png,15284a4c6392d9caec6b1e2afe81223752da19790244c5b53b96cf85038aeae5,2c849a583ed8b196b3adbb62974f94a8e5f686141d944484f0a84917b7c2298b,6154,262144,unknown
test,2268.png,8590482a3f457b264d5706fd6729a8e29a261395e09850c955be724b7ce968d0,21fc662814291474cc77d65cb52ed16d58d8fdf58a57eef267aff71016589e98,4496,262144,unknown
test,2269.png,b1761bce49f927695cd03f003cb90bfa04983c9a8a85b4f892472ac5cae3160c,288a870f421cb43c9038fdfc3a42b72c332040b2d4893ce41504ba070b2251fe,4612,262144,unknown
test,2270.png,52d873dbf1b44a62c422d72e88bfaf23ffc223e249d3c3f15cb3720526fd9d8e,ff598b1ea8f2790138635da8ba30816d50686645088461b4ec7e0a2e6a08b361,4419,262144,unknown
test,2271.png,a03c76bc7eb765cb6fc9d9d5eb4d5d7be30cfa1d546bdb97e659374d0c367093,44b27cbede4e4fef78c20c7301d988bbb6e4703a9c92f82c7c44dc5115e0db35,3973,262144,unknown
test,2272.png,17719c22a19de643ab3a3f5d3e93f70c6a1514dd5eeebaf318c563c96944a13d,d54fadb2762f6033bb7c81c6531d982e9dc9a6c93e3419ed108db2294f147f09,820,262144,unknown
test,2273.png,af794070ca555235fab6dc1c86cb170dc4c36b9adc05f7ac4783bcba67ee0399,85e006ac86abba2fa2774ab589ee2486b85d7d5a3cd3bce190de91cb1bda5b5d,922,262144,unknown
test,2274.png,440a902b0b049151e831dc88b22433c2c33c273c4189e95a2a933156f46a9ff6,a1b4e365b71cd22848989ebaa15820732dbc3794e949b728855f6eb163488223,4731,262144,unknown
test,2275.png,939c281a8fe6c1f3e8d5a1abe064d7ad4116b44e17c22f3430ed957018421761,e506a61a38219bbd8551b96f317d302c4a8e495a1d673ff900bd064e8dc3d241,4110,262144,unknown
test,2276.png,54aa2c09aae26401721bc0c9ef3923c19ba2ed68abf4ec98425ec7d43592be60,fe69d985d2b6621f8f160c6268001931ecf0fb2cdb53fb31b409edbffcd6ad0f,2757,262144,unknown
test,2277.png,0694bdb3379dc618678f3c776dff0179f2fcc50575fd56e16b1082bdbf9708d3,ff6542d1ad0156b1fd04c0de499840f1409e6a98b8b09044200497b350e49bd9,1099,262144,unknown
test,2278.png,6fbe62b3f5c75993ab9087d1d15f1bc7d31f377fac34ae1de4678477f64ba9ea,c24bfeec742fd50114ed814dc02cd9e8f30161b862fdd326bbfbf3fd3655591b,932,262144,unknown
test,2279.png,13fc39636235a4accf78418258e43b50e495e65b560dd479135da567dac1bfdd,ec92572f890791aa65e9f9bd6c69765c891d29e15f1d43cfb8e43e41045cbfdb,3063,262144,unknown
test,2280.png,73f49e2f4fdc752a40a7b86cd468962fb7ceccd6a4530bfd9a60b325a85c94e3,d26c65b04e1f67e91b9c53c3c315634ac7518bbe3a990f77f317434ff1a75533,4097,262144,unknown
test,2281.png,0b84f40ee7912584dd7cfea8aec6e484c21dc391ff67fd5d02f72cd3ce07d074,18421468ac6aa514388bc8304d9e9c8c2d0b675fc1dabdc180ab507c47797c68,4708,262144,unknown
test,2282.png,50a8e297ccdd0c8324d9a0f7a96fac8f6109df43781d52cf420ecc3b04a5c322,d741a59fd067f35213610dc3cfaa055d3cc9c1ed75d70f055e5560cab4be4fb2,5074,262144,unknown
test,2283.png,68eec8a5a3e9641505bf26f77a5afb667b84f7ca6596612812903c02069f743d,fb4b0374287dae604c66546cb006d4621dc95fc4abf337cd852f774254bea06d,4850,262144,unknown
test,2284.png,36aa5b2e44884e8bedfd61073eda12458eff518dd050817781a371bc131934d9,0874275a44e2c9cb648160bf38cb7a1ab33f6c26f832bc25c9ddec5a46abd8f6,6173,262144,unknown
test,2285.png,d6158035701e3ad5e38365ff3b39434cbb08ff1666175a43dbf57faa14d97988,ed7892d595d5303c9bfc91d4c33f47d31667e738ba22c7535d9a77b1ef3d0ee0,6225,262144,unknown
test,2286.png,b25b17e7cef82b954ffcd3e3725a5124a00bdcebba863c893e0093e05b957105,e67fde92ef30fec3e12ea493bc33fb5177512d5fd6613ee088b2eaed4d2501a8,4581,262144,unknown
test,2287.png,b57b962c3aef580e47361ae01a96de86cff8d99fe766afbf017d528596e7cba7,be4a3ae5fce3695def0f92fb06d6fd968c1bc59526d3bb93900e760a52fab051,936,262144,unknown
test,2288.png,6b48e91b4a1e4aa21a5626ac39504085e03f85387031c23140ec05a0f3e083ad,86e244aab4cafbb562c6aa9cf445707a1d1681e5dc9234300ef453aadb1a2510,1034,262144,unknown
test,2289.png,2f5fb0dde6ac6936454d3a68667b30c5b52f7e707e76c651764c50c7193604b9,8667648dcfa17b1ec78b9b4191b15a139ffc5266c26b9aca3bd1421a58594206,4370,262144,unknown
test,2290.png,623d052a0007834a61cfc6c79d35cb140512a79d9ad5d1b042e86ae1e8d93f46,0b654679ab6590d1bdea78c2fc57f663cf65452af6355cadfe07b5dba658fa87,3303,262144,unknown
test,2291.png,8ed5360ed0dc1b8ca50e4b079f8b1a2fb5b7455d1f7f3f4b9404b0f880a174a3,65eecdb8fc0df8034086d6c85f101a5cf1aa6d3767048dd31c2a00aae5303800,2549,262144,unknown
test,2292.png,4c4e6b1c2680d7b38e5ff5852f138cf22b0e46e252d83ba2b73569aedbd0c5c8,1bc3779c34dfbf3bc4ae001e0b05247f79717c232b6e04c91bdb07496ee3ee3f,1316,262144,unknown
test,2293.png,1af704726eb760d122512f5496c869eaf7c78e92345192dff176f25f94537683,42a25e514d67fc57557c0b5898fb7de88e64248517d5a69ead43b421bd9cbbf8,990,262144,unknown
test,2294.png,9ec52ed90b51659112fe19e526f918c8fb32f751f43d2663f04671052082b515,76e0795516f1af00a54da7eca0a84446714d4de9d2c077aa1aa7e3acace5d241,2932,262144,unknown
test,2295.png,1ecc4ecbe7a1d62fee9067524a8e7f310c26136a4db3c428b7728b3253279399,9af6009fb4d177acae3753ddc861481a1dd45bddc012da419e16abe8757d0d3f,4263,262144,unknown
test,2296.png,7fcda2a185732eea4a1b90fca306b41a60dcc5d417b0e7f65eb4bf0ea14ea252,57a4121acf7e4da035cf7a3e17d5b71c0fdf496cdd6405863e07c78af7e32dbd,4717,262144,unknown
test,2297.png,3373a5b4e180fcbe791dc7becc2864901b4fc23660f3b7b55036b1741d350625,0c4ab0cf4cf6f15bc46d2f512038da94b418e61373dba1fafda8fb136507ec46,3997,262144,unknown
test,2298.png,344ff87fa1c4c204650b52cc18013c4d2483537fbe71533af55a1e096e8ea936,be2e4ae2da5f94eb2c52266a62392953eec995c4249b2cdae1d8bced459adf72,5016,262144,unknown
test,2299.png,40f343cda57d85b9b4f6efe76dd17383b19568e95bc832f1251c86a356ed6e38,f9d43671c2ec6e74c5de2cb27ba82bd3537fd5c5697d25690f6ab48ee001c418,5350,262144,unknown
test,2300.png,02c7401feffb875b355bc7827fbcfcee5afd63d8fec82421f1d225f87e85015d,f705c3858ca4e535fd737e8d173aad161a3672d9f4fe38f85c9dcb50ef415a41,4536,262144,unknown
test,2301.png,011ecab0f6c0c454463e8d54fb2975c7e3b01e3d557c6f27b5350d57da4eb1b5,13105f25774580f038da972ef04ea39618fc5cf5c7b1ddfe4fc42cbe76ac4e2f,4619,262144,unknown
test,2302.png,466c4bfaac67c942e4abd7a772114ca65cee3b3f751b8e040f976a62318fbaaf,0ec2f5a2b820b24394c2e780f6b1e0dd06721607fe8060ea23660ae817b5487a,1331,262144,unknown
test,2303.png,a33874e19bc7de8051d16e4ba23464a6721114bf9322046759fedbb194261c21,de94506e2921639be2d6aebba2e6f82862895ff6cabcb93b995302506b8bc2a2,3475,262144,unknown
test,2304.png,2f54329144513b5b28c496978cfb311d69d7176ba58d4bf194cbad230ca38f1f,9daf0b76f48a510bc349b293e5e7b11524a48006cf73911fd657b77755b374e6,3832,262144,unknown
test,2305.png,b2ffef64203cec6c52dab35c303349586435aa494dfbadb7a57034f963c12f7c,147d080bbb237d47fba7d37a8e39741766a44f083d10c4b85c584fce502cbcb6,1096,262144,unknown
test,2306.png,aa4452bff2a5791daadaba12b7b996737c92e310f02ccc219ae0765fdc5c4d1a,9e1b0bde9ba1af52017299853824dbe8f56a7db9ba4a1dbd32d9bec37dbacdf3,4337,262144,unknown
test,2307.png,06ba7ab8c0cf0e559ba7d0920dc49ebba74c70a4d328e9d4834b55918b10c471,ceb404754d906242d23410660190f1f97c15656683755d4479093117bc540700,5552,262144,unknown
test,2308.png,b8ec986f2a24276abe479fd7de44ad6927aeefe9c749653c993ed3b850fa4dc4,b702bb8c1e35555529485d94c85e166a8ed23a5e59195791caf910ae73e9f5c6,5494,262144,unknown
test,2309.png,465ed91e87fce141fd4c03dce3e8c61c4d8511b2a20492f5ec9cfccd49ef982f,ff7c80882680b48a5770c14f0e2954634bfda7915d4b9dcad058bea380fd14dd,6812,262144,unknown
test,2310.png,33f49d20f6fbf050c73bfda1b981f046f160faaf8a27aef750e39b48d0974912,fdc1a8ba45f192b8ec8c35f6659b74a5d102c59cfbe4c73b523f0cfefb802f01,6621,262144,unknown
test,2311.png,50b09497599d46bbe923f911f2bc7f0dadef6c68ff3168e54aff93c263fa1519,26a3ef14fb085c400f26b5646c71573bb6fb6d55ae9e92b70a776aa27287570c,5104,262144,unknown
test,2312.png,4136bb80c6f681247f38d135113086a667192bae89f64eb5e047310efe005e2a,a4f9f526c36783f4e728b7ec9583f2948b336afc09c6969069f93066bb4beae5,5848,262144,unknown
test,2313.png,fa56da61f64ba9b67bf7b2f78cddbec841296511faabfecb7d0105f5be7577dc,435e4f97706cf8e23876f736bffd2f4dd6456f26be1acce716ed180fabb27620,5178,262144,unknown
test,2314.png,fefd6350a2249fab33757349865691cb6ec89126c112b24bfca902f1c7b8a4c0,051d2f65586641e02a47c5ed231a33238a057d47ea5f17638c92a4e301e4eb60,971,262144,unknown
test,2315.png,7cece555e708daf9f2ce2f32884529e1ef941bc7b4b5592a61d14e1c88fb6e2e,0da0ee6e82eefd9239468fdf49a1716f129b92050fdabd58b2a48597c209853f,1099,262144,unknown
test,2316.png,8c27e84ccc3b41dcf152eb4a691d32f6ac1640745830aa6fef0507a6e3706df0,e0721a34057b5929ec33d84e4fbe70deea2ae2931e2eb8e2ff513a64a389a202,4055,262144,unknown
test,2317.png,e3af288ef5edce41fe3d5ad32e38c1d02a98ec5ab42f81a0b8c0f0a116362295,6cd296bc4b64bce1300f2e45c6d50dd997b49cfe3cc85cad21728d4788e4ea34,3330,262144,unknown
test,2318.png,3cb13257471e5f3a5b25a3d218ba89c9874a472b1b9800b47d72530ede361d67,cb003eb4369c120e2bdf24e5db5d0b61e18d068510e5752370d7d60281017589,2354,262144,unknown
test,2319.png,3042cc974da1362ac0086a436288e41eb3ce32992b5cb9937dc1d61ee5c33943,c5d6df713fdb99b02caa5c19b75dbb7042aed6e93d26d0f91a50bb37d1c91605,1021,262144,unknown
test,2320.png,392936c0c89b88277d7eca9ca77a9f4836faeba119f3de70aefbfb003650d09d,1ed98b4fd30fd2d96dfc37cc111cee8a74c30c84d5f35b056dc60392c0e4df11,789,262144,unknown
test,2321.png,3d800bc52154a05d0a81a7cebef67bafdd9c1a1acb27b3938cae53225436119f,fc121e92e9aac0366123b5f0d644a91a621f84cc4bd16acfd5ce38250b4d3070,2283,262144,unknown
test,2322.png,6006ac6a1322f7fe04a736397a32104ccd87d68d2653511dc7af2165966c75d2,f5e48e31f0140286aa406589bb2850b5099a0bb3517f47e73a926dc50e341984,4159,262144,unknown
test,2323.png,009afd50173647ae5138142c39c2ac755f6805b4d484de16baf30017f93f2b70,3f13d9dc9c5b8ac9b8f452a0d3e131349a4c20698d7479ca61dccfc9e9009024,4779,262144,unknown
test,2324.png,a531c8bfc60412324ef981c0f4454ec2a5906f93ff73f58b99eb4db9f1fc1d4b,451236b2288a2a72cab9a40c4fcfbe4da9c4015c872ee976883e1b57b8d695c5,5214,262144,unknown
test,2325.png,3f10a8c923bc4f7bb91d546830d750dbf3031923f88b125df2160346bab8e77a,9c5077c27a76007a84caa957d876e57fa7030afcd020506e1c0de7e4be8c61ad,4885,262144,unknown
test,2326.png,583bb99ae7d6bed1ab2e698b2f791eb87ea7339e6ba5daa4eedd8e2a324c01b5,fb8914290bd3b6a198808b248d0a148fe320cc5b051a81220b1def0aa9198512,5410,262144,unknown
test,2327.png,598b2abfde5c2c1d355b9a026b5aaf4b4dbf8b55434e869f87084caf435e98d1,e84a112e7f6a7434d127921d3e05de134f0e5f5b71d1c38d3bfc05b6f99ad44c,5039,262144,unknown
test,2328.png,08f2ddfb3b7384cf7df6fb49d6fad34f07e87ee983290c2da40cba67dcbd16cd,f71aa827602a80e1f753894c510a183ad494f3777012ef985c3584ab9a7dbf10,4268,262144,unknown
test,2329.png,be49b422c88c2649e58a3d6366eff404374e6d0ca53e264a9cc86a30c22cab8c,6f4dffc2de42de536991de061624d2137dfe502302cdba68e0ae1dd91bb8ebc5,1063,262144,unknown
test,2330.png,086dbfd879fe640692c4b49960c8c14ebb47bec975203d3e516a530bed8f1a6e,8c30c138961463e411dad1382f5d90d73661f2599f1e6cda8ca466c899e212cc,1799,262144,unknown
test,2331.png,0bda4181577b2dd00ad2fb7c52c26593d9026fbc5d9a0d8a8b3576e07894b097,4f4d2eb1a0c242eb9869b5f846899baf8b10b5c9995941efe8801279cd565512,5019,262144,unknown
test,2332.png,a7ec88e99f2fcbe0ab4a1ff7cc45a3b3ea7bed621487de44db85f3628de8577c,70e1823d45350c26c172ecf77db5522c22c13247cfec071ac1d3a29d2727b86b,3989,262144,unknown
test,2333.png,efb614220f822cd023f9db627db02ca2d0f9c2176ec5ca9a31a8953f4ad9a1f8,d3552692b24f6904c76ac9bd449d54c9539c906058d63ebdb4e16c3fab6089ea,3066,262144,unknown
test,2334.png,0d7e0d77de86e7b5e14a8077d307d166cbaf893b9d4554047f245c2136d5bbb3,2a8aab63c45ba393553a751eb36a3040a0ac364d3b59a1e278c78367a1e82182,1165,262144,unknown
test,2335.png,e32873e2c30dad2b85b10915ef32e90d5698e523de4a2a3fa842944f8ae69a96,ab3bef3e5bc2039d065eabaeda3403831bf72fca228bad1f6cd62a4e21b48b9e,823,262144,unknown
test,2336.png,c7716aea25c297f2731a59ac80354d7b3dc61ad2e8b5d554024aa9346307f966,aac21c5a12865ce7d00ac8b15f543769ff2a2745b531f765c2f81171d5e0e57e,4201,262144,unknown
test,2337.png,149068a672d8c9e5901dbe6d44c86a3c48d137f904836faf233c98ec0b6139be,a4eef608e642caee6cc169c8379cbc8e465a9041f88d2070b24f51c88cb5bb1d,4726,262144,unknown
test,2338.png,fae7095bbb54e4dc283965c3b14bcaf154ba03f6d6354efac7e9a802618c71f7,a35fb24ab47f3d184e9d43b7c19415f6de100964040ace9b010e7c9b1159a496,5415,262144,unknown
test,2339.png,ad98b76d29bf97cf70156d3f2deabdc48f97ad5846ba126dc288279b7dd9ca77,3fc75ad66eb7216b3ef4170a2496788251d3824fc9f1cab7c9884e51292e8bce,5455,262144,unknown
test,2340.png,3ae5d46db1ac7815f2134026810990bf67f8056fc682ef7300900f732e2ab097,06950c829c5067e894384e4139c8336119cea22cc211cb4549313687e0fec750,6622,262144,unknown
test,2341.png,2d44977dc427a2d5c68e3a1a00d7fd5e76a3966f489b4c53f0a80aea4e938569,c85834d067d284d68ea2379df1f58d3681bca81c1bea5f10d84ae5a2be7a57a5,6642,262144,unknown
test,2342.png,be94212cff7d83d4cac2c698177935f43cb44d9d837c80ca409cd38c307b52b0,444677c692311a5ff928226138a251dd7a675807d33eb0e362d937abd74cbf63,5210,262144,unknown
test,2343.png,604e4b7abc23a66470628761ddd00d8528235f5404b8d61064df293d094ed0b4,78355cd1be87859e4c565e15c58002cc3e4b9082a156c68260374f6ee5e6d4db,5169,262144,unknown
test,2344.png,d1137b3a788ccb76e11275714cb78de212c8a12f9b37e4d3728337597df060f5,07c23e50e9571b212b6957b2bca8570fcb705c0ae9a1edad7ddf10d45c97f54f,2645,262144,unknown
test,2345.png,2c7d986bff10769c3bd28f93c05381c4803d09d57f01df36926fce52fc9bf2cc,9c27dd0967518b59ddd9baebf613a62dfc332035e75bbf1e4340930bf0639e6a,3406,262144,unknown
test,2346.png,53a550ce9fa525839fe79bcf8a3d3e8e5973ab1b3037ea116199343cebf89b74,4b9c41a67e92ad110e88f8e6f1a3c4c1bdae3ff6b2afdb4a42ca27b25e9189ea,2492,262144,unknown
test,2347.png,308ed55bf87b358558d8239c21dfb5c14079ca712c6a2c7cf773fb646a82df54,599a47ea536eb04369b187fff5007aae2e4e8f6e17b97f17a93f4a313c3e0fe5,1462,262144,unknown
test,2348.png,fd08b2f0fadf985ccac6ed8c9290fa9cb27382fb1a176785e1cf1dc8e2348fe5,e58d40420c4fe7622b7456e1c5345113828f3b9b717be1c4d3ea107ca76dec93,4302,262144,unknown
test,2349.png,d583e66730cd99ac91d17bde706018e6d1220d10ffdf6e5549c49276410f8e69,cd334ff9b4d6ecdba30e3bd85d87fc36234cd5bac892fe6e7e78faa844dda856,4813,262144,unknown
test,2350.png,8e163010423ee7244bfcb618e172ff62ce9562d8cc06fd07cd0a166f21788a6c,301822e052010f1800f0b510d9be5576d1e1957ddf51f848976a0b2fb6aaaae6,4985,262144,unknown
test,2351.png,b8a5d3c3d5e63add9621653788769fa8c6bfcf318aa43d2e53cb844b8be520fe,e8df7b19d600ccf9a85d17d4e2659529637433c28278d1316674afa3f5ccd6e5,4468,262144,unknown
test,2352.png,06c4a88cb707031d67c889e8b42a446f6a52a5e7b82c5754e655d270b946ed38,a76d1a1b9d46d91fa280ffb3b70f1a99595c49dd7f0b484ff6d11495fafe0719,5812,262144,unknown
test,2353.png,3bf115d802f5d96d6b1c9a261c5f3b9edf85064e511365ca5c9d08f92475197c,067a66330759bd2eca24aff989e319cdc8697b2c856874ab669fc654971d0758,5284,262144,unknown
test,2354.png,e6d92841c2aee14e084c32f340420e443d52c3299f572e09003e035cfbb72ed1,ef357d94bf15cd6e7bcd580e893e8536de35313feb7bb0644efa7531bff8bcc0,4842,262144,unknown
test,2355.png,955aeee6be5aa390f091ee93b565aa91c38cfb4d133b9c35c4e61e8edf883acc,74952062a07e18d5c1a3d628b9fecc4591128340bc80eac209fa8079a7110999,3988,262144,unknown
test,2356.png,9c14a1605c99dbaed51404714414a7f138728fdcd35bda018fc286db04ddde2b,888cb98bd4fed32c5c9a1bf4814ad200e5bae3069317a46154fb52c6c9c1259b,1004,262144,unknown
test,2357.png,c5b634e461bf27a2ae7bb9664015a7e94f88ab94de6dca2c84fe94d788b54e75,cde08006a74dfef2ae303696a7fe8beab598ad3edf4a8f3ac343b0d4c39adf37,1214,262144,unknown
test,2358.png,0c211d442207e9d800a1097dbf9057af04831a3f9673544e203e3c5059d1ae5e,7d37569c5eef7a495f54feb74555ee3a5338738ce190328d139b760d2e133c35,5217,262144,unknown
test,2359.png,38f69a4b52071e19d8927e6bc88ce884f80517fe41f416f93e023657017b37a8,258f347560c6b59173164880ab8618625c94b4f046fd6f6a449eb4d5f2eef46a,5172,262144,unknown
test,2360.png,215d8b664460c53d0a053f7e8aa720129d06e9e284e8f0a37bd8cf247f54e8f7,f5cb5b5df8a409309caa5704575b1805fb546fb2828102d02a40486473b19ba4,3786,262144,unknown
test,2361.png,58832935d8ac0674ad9c44d47223f16883106391c0c3f61633264df8e954bafb,b62f9f15d69f4ee1bc5df0b244effb5df4fbf6443ff5a1f6123353a883c60784,1948,262144,unknown
test,2362.png,aaa2c24dd36d2c2d5be90668dd09372e212e57e199fded194b3a642afbd7a40a,fb44f0025b97208163542561ca473afe02af3b70ce0290ccb6a951927e212e48,1455,262144,unknown
test,2363.png,fc10ce2614f9f4fbb4007e5f304763f702c10a2f0761dcb6c3861b7cf319f0d4,fe3d7b12916653ae74dd7ed8e842be28b0fe41da82e4132d3a05c56e656ce243,3158,262144,unknown
test,2364.png,3edc32a7109bfd96eadc98e879721f29b1c6aaa3675a8316c8a943363af7bf3c,f20249c17de5273a0cf4edf88f5131d1cc28c47b767c161056b1786da9b546c9,3959,262144,unknown
test,2365.png,949abd70c89be15fe23a8449465617f25e34accd75bbaec2e6f9a7b60e8b582a,74c31958161de4a874c9aa7e4e6ad8c98d8118e7d0376e29e593897e63592ec9,4981,262144,unknown
test,2366.png,4778f652549c122ac4fccda54615e57aa496a9ee4b8f48373c043bac728e23e3,bca5a2a91a3295ff9d6d015d618efa88eeedda40c0f71f1da9fc13041de2f150,5360,262144,unknown
test,2367.png,cb1c1733bf9bafdceed7005d1ba604c5da6a0af50a4fcc0376577457eea016e8,3c22b7f05517de56bf5bc8c428011951aec8e48c56e30d7c595a4e2a7495a212,4962,262144,unknown
test,2368.png,32e3c00075deaaf41754532125d12fbe572db60947c1fa1c923b966957192dbd,3704821add0321bd3ecde4fd2df76581df533ab9bb236b09c9c9d7cb055da3b7,6106,262144,unknown
test,2369.png,787924637138831de5ca3e73f94b8fa95d9b4014fb6604bd77ff8a6890f58e59,2d53e85596ab5c868dcfd2c5acbf30f6aa5bec4cebfcb9cfa6608e258f0835c6,6497,262144,unknown
test,2370.png,c097ab0af0b9cb58308b0b95bfa15680b54d217a7f6803a5dfe09f42f68e30ed,b4aa02ab342795bdbde93d54bc92e8d8b148bbe36f9a9b6cff246a7937ea3b84,5083,262144,unknown
test,2371.png,2fa1c8d34059c1336a6c85c28ca7cb80d20457100a9e3bd34ea3172598bc318d,74b90b48ccc29900e3fc2ae3a37ba857c30a8ecdb6790e3832bf34d537e537f6,1773,262144,unknown
test,2372.png,7f32652aa97054e25d9d9847dbc54a9dd291d7801468c4daa760d348ae0adb48,8797260542d9d0c8ea197bb0754401460bd271c9db0705b774b0c8cfd836a58e,3281,262144,unknown
test,2373.png,9a788e125dae42103717c151c25582df36907d5a858f10f8415e12a5471bd90f,618e11fc878fc705af476e22dcb8c1c9c31c08821c4ae17c8acbec94f8cfd11c,2514,262144,unknown
test,2374.png,c9a6c0bc7f94ab8171cb5b80d64f98b823dd5f0fcb9f653f708f8f91518773a0,908b145dd9e5f811a946c4a952917f2f0ae272cff40e65e749a3ba05bb10a874,1454,262144,unknown
test,2375.png,fb46cec25b8f38d7f182ac0c39b455b1c6c667f56ee6785601afe138f47e481c,3a1fb35d348b29988259750c5ca59b3773a713b377f32e14366e19d7db63cba0,4184,262144,unknown
test,2376.png,882ef4302b31fc9409c21b96af81246852451b7cf230dd37d865b3526c27b355,97d893d8fb61cb3269fad21e096d56e669afe45bde026cece9eef991b631810e,4754,262144,unknown
test,2377.png,f844375d356a04c48b9d7b0ad4bad050c3ff73c12b31acab7687c9cf8d381eb1,8ce5691eec0ef16b7e9accc6930faa57226ab04eec45229143b038517af13408,4837,262144,unknown
test,2378.png,bdca7b947fa8d34d53464c557ac78341b1d68be3e61f01171a5bd80e5b8ad555,dc00c3fd95d27d47f94e52823aadf72507d7b3280b47bdbc7212f602d56e6fb7,5335,262144,unknown
test,2379.png,dbfe7f1dde3ff288edf1d5bb0af7c9e69bb3a146ac5e93828cd0ec55b3ac95c5,b5cf2fc64c09409eabd4b6fa6c0cc6ea1ae55dbff39173e4886097744738e692,5510,262144,unknown
test,2380.png,98a5839b950fe8343b39e84298b0628274b5a7864fddaa7638c3cf8e862dd57a,5292dea9a4a126ef111bfba0592d0c59cdc3a9bd1ec80132f1bec05f6f86fdf7,4265,262144,unknown
test,2381.png,438de40ac4d7698b8abe8e56dc9a56cdeb44a5c3d983dfb7fcd84a971a1ccf96,e89f30c150ac6db00581a385124b8046644f4d74834c6857283c8ce62dcf8502,4667,262144,unknown
test,2382.png,a5e3be7e670f5a8c299547d74e209a317d83b036f24cf7a3eed5d70db0d97705,65d7fd47ac43cefb708d7a7578a80df82dac7866dac4283e2fa6869840c896b5,3802,262144,unknown
test,2383.png,e458203a818bbfcdd766103e9c631fb736b053f4f1233691bb9577147252d584,bebd52e5fd0945e087bed8410bc5e48959aedf02ba4ac15461633e680fa542c5,2078,262144,unknown
test,2384.png,91500e72c91dcdc2f84f60dcde7b551ec59715c3c25e58eeeed91122a56452c1,a8da7f516a7e6fec95db0a830799232d0bbe73f58f5d7511b082a68ef78b677a,3253,262144,unknown
test,2385.png,a5c1715af8ea814cde7402e4d91299618cc85cab926841a1a9481dc4dc4be4ea,6adb647dd775ec4c8f337671b47f5ca362b0d004be6c33a58d4e8a7027c83625,4409,262144,unknown
test,2386.png,6056ba6ccd81e243fe8bc79b303a8ce3ffde5cc4b42137055163dace688e45aa,286e9cb9c53e26961be2a49d5cbd1b3103bdd764eeee005567482a37ccb35221,2613,262144,unknown
test,2387.png,e5054500e4a5241b1aaedefc19973e0f76c13a89af04370f0654463831c54ae7,c6c3e478b4050176bdd7035df8320582a105b179b9fb82e5d461a26ae894f42d,4350,262144,unknown
test,2388.png,7ec01ece285ad1af0ec5595b4b5baa030a42c26ccb08d3c1f98e8b7d8e72741e,14b81027755f5163fde16acac307743bf614d4199986bcf1cd27836a51133f95,4986,262144,unknown
test,2389.png,da9240f36c20ccd0f7eb7a095d5109137abe2e64e2768e748571c76a43b2aa16,670fba6cb40f5a0f159ec5f60a429794e9a98f72fbc01e3f521bccc1b608d275,5213,262144,unknown
test,2390.png,47184e1d4a4f1a1772ef13a685a5743e5e6d791efbf7a8d890aafb1562834d0d,f3d39c08a9511aa75d5b1dcbdb87ab1e36a995c294622a13ec88e20acbf8dc2e,5352,262144,unknown
test,2391.png,8a989e0261a0fa488dbb802aca65968df721065eba6281e8c65f81fe20da6efc,0eea42d8e4c9b1b50264146dfc4450e72da5daa31450bd738b990b51fd7f723f,5995,262144,unknown
test,2392.png,c2a485b21e02006a791f99bbd744bcfbd0e9243d02634815d550dea52f71f8e7,3aa32d6d9a1f5198b40d58da2b380c656666222ae9c698993b33efd0c0f612a8,6388,262144,unknown
test,2393.png,87623efeada907140e47bd8f6968db3e0e4f4149da53d1f0630ac0749bc13bbe,1f0c3da61d43f05586b305f06af0e666d742024a23f553897d12d141a91d9a7b,5127,262144,unknown
test,2394.png,48ba2eae93c249d34b4ee579ba03824c83e75c3379fb8cab53ce3c148aedf129,c68fea1dd6759ea886ade30323ec853702ce65d24ec9f76d9d188edd51e88602,5049,262144,unknown
test,2395.png,ec3123b8abcf24b49476fb3cb7c41eefb3acc773f2881fe0d6200b4366446e6e,ac71908e9c6689a6a1f2cd0dab4e491fc044681f9b868d078ba88301f544d907,2662,262144,unknown
test,2396.png,5660e1c7f7d409e0ea7d5f390a35ab474ccc6ba1a7bc0375020aedcfe9872bcc,6958bc14f3b14a0aa2b64212adec61b980ffb6d9963702808da94b61ee67490a,3779,262144,unknown
test,2397.png,02631f132c5672dc19a14ce7614cff4655df4a37869c546213c2feebcd200713,ffd922886e456e4dd2bca0134a048d4249b42d1a8f37be9b13f6ff87643034ca,3080,262144,unknown
test,2398.png,f0ad4cfce076aaf9d68ce851a5ebc0122b8a46a11443a1ce8fdfcfcab9a670f0,45a1d3f2b5b08f001bdb4cbcc7a56b10b53eeefe90128f8c961c56ff721417b7,1502,262144,unknown
test,2399.png,6e434c98788ddceb7d1e5f1867098013289608dcd0109e43b0790ff7a6981d4c,653d3de8e8842a87fb69b94fb91a2b414d1b72b090ff5b681ba59e27e36e6f31,4745,262144,unknown
test,2400.png,199a6bfd585b00a8a224d5163f1a7aed12298a7ecf68806c89ce113998ff0e35,9d5201063490da8a13b52798fee96cd189c4c38fa9a0571ce18ae4dc9b1a54a2,5273,262144,unknown
test,2401.png,66f9f9e5dee922584873370b1282672343bb8b7904c107035fedfe3d55e953d5,d14c49f604b48b5b83229cc58e7210fdc5115c459c2d869a3c9d0e484fbb600b,5333,262144,unknown
test,2402.png,450c972d9898aa6c7c0c5f87fafef8c3cdddb5eb7c555cb2bc9d50009bb48d84,005753f6abaefb21b4ba0c71ac46bb77d7f9bda42ff0cb4e86f9d32d2a5745ee,6292,262144,unknown
test,2403.png,3cdd6eb6733b8555a78f053c2fbe065c5f39535b2b003cb45602883d17d06471,42cede5ba82e45c72a53b83120d44e6468558b8968041fbefcf85d9bd6b514d1,6680,262144,unknown
test,2404.png,fb7881c99178e2628d805518fb1552d5b9f9ba95d4004be040cf48af2e38e4bb,f1dd1baa2ef3690f01218e5729dfc7e42e2d765ac89003a36808f8e067e6042c,5460,262144,unknown
test,2405.png,5126f1d50c5a8dad8a3afa0f43b2a0d5fd634018f01ea82876dffe616d887953,7054ebf4614783b93e54cfaa633bd34aa41e949d066171d9b21538e0e2df812f,5052,262144,unknown
test,2406.png,0ec37fe9ce22dc06e8a7b1cc49fe078a3b787f292327c01ff9bac7d2ae194ad7,5ad64bb3f361c68ccc6a030d4a82b47c9b6890731fec0f2e53f4e7fa55cd7f63,4665,262144,unknown
test,2407.png,41fe74e3eb6b75da836b5fcee6952593c3eec504f5c6ab300cc5dcb051aa1e2b,e5087b75fd92ac615e8c0735d70cd5c5f72a2fb8a1354621f7cc3e41d9f3ce7d,940,262144,unknown
test,2408.png,577876cd9da93374696c90402a66eb7a2fb6f36a22081d30b5c575ac97db8f8c,54fb1d4d33ee0ab974694bc5295d58aaa4ce6493b4d99cb62606590d77bb1077,1216,262144,unknown
test,2409.png,4ae4deda55d24e8f06a8e0bb5bbd4d361af696749cc36261954f67b8b6d89501,fa45ddff8457bcc4ab490567d3cc715248e749670d32b8eed3de3911d81e7374,5269,262144,unknown
test,2410.png,19207f921e850fa0391163c5c685f5a323b30bee052cbf44ac91b2a50edbe72e,4c462ac3ad765c997a34028f3c8012a6ed1721691f136480d441fd70f4803280,4910,262144,unknown
test,2411.png,51f02a92111918537fa07db57ccddbf8faef73dadf7b9e691b66dcbb0288bb23,be6283191c3e2ec063d2451cd36bd5b28534656e18b875f8d162317ccdcf20cc,2799,262144,unknown
test,2412.png,2e911826b322fbd7707a8d5778e92ab84d0983b3a25e8e5f179c86687f1eb38b,4ac739aa8f6ff9dd1bbb100b64915dc53d2513ec95f4b22ec58e4fc220b2bf24,2242,262144,unknown
test,2413.png,363fe364da6b01f70356fc4fcce7308169616a0f42ff81f7072cf9fe72c81c0f,5a4e039916d5621ab79c291d72b65795d4bc974497ebd56e4df1342855682c94,1383,262144,unknown
test,2414.png,b3ef1b37c7aa39dc8a6ae9bdfce14001bbc6228aaec7c941137c98aa18de9b8a,8166b7a52f9ce824f4f6b86a65d2643793a9cfc6a3797f52ee80dcd4d7375f59,3530,262144,unknown
test,2415.png,7d64b03f5b4d68b6ec194f0a4289ed21292b974ceecfc4dfff00210f6384ed30,a1d5523a59f0a46c37b43eac135499a3314c1f0cc4540719951df751dc0b859a,4056,262144,unknown
test,2416.png,2b7493408de1071be7c900257cc458f8c973d25700052bf38331bf0b72f47146,440a73eff20e1bfb915215e890aa285c707cb9b5955078239d13972b2ddf1d08,5126,262144,unknown
test,2417.png,0ee08113d725a4f361e93feda35114d1fbffb8fe0285d1571e218fa20beaa65c,c568c92a2dd7cd2b975ff2904affc43487893af570ecbc970ebb9705804d85d5,6062,262144,unknown
test,2418.png,c64bfdb1a4b2b68e3fd6f8415818209ae41f3ddccfe4c5f2433a72d20aee4593,c2baa8f39e6743a7e4d8fb064fddaf53af771c5ba30e95b977fac956c14dfb36,5778,262144,unknown
test,2419.png,c504410574967e4d74c7b4ad071f2291d970470eefb17bb350b3704fae528833,2cf090807b251a0d4351379966e9959f03d4f254cc068baeff32903ab8fbb105,6108,262144,unknown
test,2420.png,810c51d57164f204184940069feddd0736d8940c9941397994a6bf74faa36a6c,b7b12db6ffa4defe30ef455b2c7fe1502cbbbbf292c91f483724ab706bdd5710,6770,262144,unknown
test,2421.png,1c4d9ee01f04ad357e5910ed8d00a5ff0c9357693ebe656b1bb1b23054021caa,ce9aa0da2b0e91e00cf71de52c0468e366d0cccf96469520f7d50a741807f9da,5971,262144,unknown
test,2422.png,030c1e86c14a314d5f56ad93ca7310c84d3c278a9d1cc488b7c337eaf5869f8c,727f1f277e33e433681ccdbc1ff0cbc4000e653e7f16d84148f050472ddb7d99,2269,262144,unknown
test,2423.png,8d4a1d9f526b550fc606d70e96f4f197cfde1c4518296f53c73a6e71db0ca8a3,b6045fd769dbcb347c9c842c20f1456be09ef4210948f6172c3f74ce78503ec2,3446,262144,unknown
test,2424.png,2facb08dfb518eafd12a231df034f055d8778877f7f9e3e435a3e1d9add587c6,78b904f047feff095876f8a21c6c743fe8199b4ab45c838de6037793bc97eedc,3609,262144,unknown
test,2425.png,131437b4171e4d45b7295dd8762dfd312f15fdb74944f5938cead70309a85927,5695f50301e381e740e6ea3d0454042e18f5c1bce200079eecf242585eddcbe2,1450,262144,unknown
test,2426.png,592ef73489d913f964326ec2c1416668694b537d260e7bfe0439910a64a533fb,83935594ace6dfd2c01280ef39fd0739caa5c605234c08d53380512aec32bd91,3920,262144,unknown
test,2427.png,df5bfac9fa54dd47b316c9d3a68f78f5f3f911cff66b4eee7442f1a40b281b69,94218d7bbe1a45cee827fda5555836ab5ee2eb5388bc6fa0f323c75b2441153b,4148,262144,unknown
test,2428.png,b153d033a0eedb5e61e5025eafbcef24f07cdaf6c0096d08d070a5d507179881,f882fd069e9ac8b1b68f3fa9300a83aae73e85167bf4d03df12ae671c40749a6,4378,262144,unknown
test,2429.png,b396919297d5ff8f45c30e6d9bae003fca60f777637821c5c878bcfead5b7f3a,21ff8b22073ebaefcc8811f04cd2b5607a9842082582f98980bab2b28682bc79,5544,262144,unknown
test,2430.png,c88f460a525a21ad69631ec685bcefdb59708668ec07dd7deef3d564127f0906,9c34541927f7a792aaecf810e87dcc30280c8f0b64e5d572ed68ddcbd983ca03,4405,262144,unknown
test,2431.png,85c3aa78cb05f9dcf15ca51ab7c04866703fc3b4ed39030e1db5495bdec20b4b,cddbc938a7267aa314a6efc743af712f15fbb5bc45f4af809ed82c3020bcf78a,4516,262144,unknown
test,2432.png,02be3ccc4dacbe075d1cf05448ca7d7cf50f3c3438e0567527fd07690f8172ba,6996a03988011e20883602b8471d771990fe408a925143ccf3675275a9ca06aa,4419,262144,unknown
test,2433.png,c08a9d883649432cc1753812492f5cbf5e1b5fdaa7233807c657266af842db4c,92de64d1b2acbf54f7aeddc1ff4e06334bf603c2232ffd1940eef0d97bbf5621,3887,262144,unknown
test,2434.png,efbc575f2ca16c1992712862b5fa5399cff662b14f850a018827438dd4372245,8a93e736483c2e8fdb845e5f2fc8cc410c89a00016b3091f531eeaf490acf58e,2050,262144,unknown
test,2435.png,ceddb08f476c3d6da0b3dc07a950d486f348f3d2dd3ed8aae7be5f510cc69b0c,7e5907b1f97fbe6cf0ecb360968cd1cd5462a5833190ab5a83f71b4f85071523,3794,262144,unknown
test,2436.png,c5d90880101a77948d9a611f28e761f4ac37cd8df24a54c52645bcddafafc2c8,0441602511441084a5ed4f641eee6f6d4ca47eaa343c1c394444645f636c09b8,3335,262144,unknown
test,2437.png,5ee44f13fcadf1f7278247a9776ca0153c4b66165a066800af785016f5b5e990,00c628aab0b8ff876c627f80d8f15573e1cc1942a53a33e29ce533dfea1da76d,2110,262144,unknown
test,2438.png,21fcf103d994a342f4d3ee69f083417e1af313fafbc0e77bc13ded44244f5910,df530c70a19498063c44312609a2f89efe75e5fc84d4992faaa0f4a877728591,4893,262144,unknown
test,2439.png,d35a0d2520b50a6efc80ac601bc775995944932295d5a9870a2c929543283172,b5cbeabfb1b73b370581ee3217f330295855707c15e7f9b66431d4279d8bde22,5068,262144,unknown
test,2440.png,22fb97f594522e098f717ccff1ffe08b721ea4776bc87b9ee424b9f3f5178b3f,e71f42f12f19392922e1399531137211ae6854598f7bcbab0e594e1116413c4d,4890,262144,unknown
test,2441.png,262c881ff97b0be03b111c49c160c1782f9167fc402eda032b8d2b07d39c3655,e1d295fd3d4d5b3c87046a21bdd8d8c5602f1c83a3aeb362f23adf84ddd9a5fb,5968,262144,unknown
test,2442.png,f8ad55e8527894e11472f4201d0baba4678370c01c58176c922d8641e1954363,6f289fd1f9081984e83feb29d30390b026f6862c924260cbffbef79dd0d24d19,5802,262144,unknown
test,2443.png,a58cd8495aec481ac6d4bc7ab9fcef4b86cbdf7a4b58adfd2ab71317738f3dea,3fe156305ec5278933971a2a6ba49a09c11792fdeb4fb7a9bc95c9a4aa3aedcd,5150,262144,unknown
test,2444.png,7527533484f2588c979af6b0ef4458fdba7267f1c7d0909021c6681be1ad3863,ed32e444f87cd0e8db33b359a6fb918631d6ccc4b4b69d93d84b6477e416a555,5010,262144,unknown
test,2445.png,231c0bfb53877d6ad5981c18615d9473d3ca2badbc72c80df584fc8cd7578d6f,06d716262050131c19a62bffdde4f63ab7b4c3fd85d913f2d8043ebad85534fd,4606,262144,unknown
test,2446.png,438a34972722509b460cedc5dd4687fbba84d68a4ec41a3b70a381dbdd8b8edd,ae1c01b7874942cefbad2d3f0c9e316d8de2609763d97cb30293618a2e67cea7,1576,262144,unknown
test,2447.png,508b5be6718bfc04cb85ee98ec4833dd92ff6458ffc394fcf253d089f8b26873,72b690e909afb80e3a3d720d34d00484f2c0488ce4c29990292201b79b71c08b,3303,262144,unknown
test,2448.png,f4504c362bad3325d123e941c27411c06f16327eca3e3b33998967ae5dceacb7,8b479f1254ca0c29ab297bc5315c4450384af769e0de317785ab320bf01efb6b,1844,262144,unknown
test,2449.png,9b8b00250c82c3a38e84e12ad1eaa3686c62634d74247d37bd7d978ed0ff197b,db494d19848e6f4c9ccd889e5e47ea04659ae69362318926bc5721caa93110b4,1271,262144,unknown
test,2450.png,f463570112a22ca69fc6ddf69cbc14929c1c30c5add6f1de1b0175d2f1c45f72,6d580f3e1822123a9bbed678e2011848ddd189b2206b29c81f7d6ee6a3cb034e,4675,262144,unknown
test,2451.png,195cbddda2dee345bbd781a83d8324fafca7bad8c88121faf34af5d0432f8ab9,9e4b70acc34d9d4b7eea4717b5273006243b104ed095cd0f7fa1d5055941ce7b,5169,262144,unknown
test,2452.png,d80453857ceef422804731e331913f93f5377ffe5635a1f581e5fadf86bb6fd6,e24b83a6d27b247c3346493f73ddbff88ca48746124c3257d4098211698243c3,4698,262144,unknown
test,2453.png,53d20c62db9955ab657cc8a69149ad0b7e307fea4c94f2302735be593c46ee1f,29468c7620cb1b5d9e0c75173a3f2cbfcaebc033f197e1cd92271044c5be1ad5,5739,262144,unknown
test,2454.png,877ebb07f1277b807d198e683d74f93551e9a663fe01b93466a30c5963a6f7cf,ffc9a18209acd407bbc079d3de9cee7bb4bf141735814ed56ace1e22b328858a,5736,262144,unknown
test,2455.png,6b792f727539dddc19eec8dfed593e80b132938562207c0d23a60d5cbbbcfbee,4ae1780e2ea22f10bd8b72fa2e46022b9d68f24e5462fa297c225428128a77e6,4450,262144,unknown
test,2456.png,39ac8fe1c3c576cb36cd351cd95dff5b95a27ae885a0e83bf88338ff9eeb514f,8c3a155f56e1f39002fced4e19d049e9cfd99fb4bb3dd57683128f10c524eeed,4566,262144,unknown
test,2457.png,0e3451c521688023f48824d952b868b11bb6df77089a8cac96d38957ae9b4e7f,876d483b66547f4bb0dec3a4c00081b93d199283d501ef2fac5e56b6fac7028b,3985,262144,unknown
test,2458.png,7eed78ed5be617fc73ce74656e82ee3c67e215301fa9888c06e4c9f5ae97f380,150164e6353422a168192b43e3a9ce23eb15836136b78c7149bd131abef60eef,1187,262144,unknown
test,2459.png,556c13cc7b7390ace7123b7f48d3b6a4f8e497518f63892a81e6cd426b2dc202,f4e2704dde5df7d990f722d7077a55db42adb916ce6bd1d3344920da7f7a2575,3350,262144,unknown
test,2460.png,bdf1e6f1a7dd4949800a59201fce2cab5d66668c2369a29bb3ded85e2ec1ee27,95ea8bd62831966f030c98ca96c250ce1a20014fa6ef3ed0745ccd869f532fc8,2007,262144,unknown
test,2461.png,c49c01d9e6c6b7e5e556c21616a8d02eaf31dbc856717ab24f7cbc5ae776d809,94b4c2c1432463026f7f5c670b4134e7c1870dbd974c93634c1a10ea043e392e,919,262144,unknown
test,2462.png,7b36ae87c6d60f09d7333b8806b6f7d25f156d3a4c726227f9bb2822ee1c59ca,fcbe830e92ae90f785b64f01f62a40e4a5d7d393f8b88ed2798b24a166571ef5,3971,262144,unknown
test,2463.png,9c43f4d4cb0121ad282d40410bc36f99657778e04554d01e198bb567b33d2943,74b00da7c036d2e8e8620485703ac5e00242131fc33763314fd3402255088f8e,4783,262144,unknown
test,2464.png,1c0565a561e9b75033f8006be02537fc7f33aefb64848f955a53cc8f95c212ff,6b3c14ae762104656aa684ee3b11759c91e40a9a69001033912c69abc9edb1c3,4632,262144,unknown
test,2465.png,f1db419a7e8c47d75b0f23974b23b836d31cb2ceaf79d1ffd6f93eeb2196e2fd,43eb0214eee8d037a59c58485f2531bb9c3baee769f4b5470b879d3368b80c45,5761,262144,unknown
test,2466.png,ebc0aa68cc02456cda930aada0cbdad068124416b15a4b33102442a9925d81aa,2161ebeb626a23bf93c50f2b5230a4b385c624ce7cc52268f2bec4aecc0fcead,5096,262144,unknown
test,2467.png,3ae37c55868ffe7695645077e63b682c1509966cd566c6d286679e61b3e572ec,7919e5f338fdeec7aa2ff8581a56a867102ee62cc2b9dd4b4f05412e70663842,5124,262144,unknown
test,2468.png,c0d60254cfe76d24e492e22cf85e0a539a03de6e80575eb090b331df55178670,6cd1085792b95db947996a44c54104f8d2febb12c3fc350454596a45e406bcc0,4597,262144,unknown
test,2469.png,054f83c5e11349510ac3ec6762085d417e9940df103d49b86b57ece4b19be150,748bca9cb51705904b1c4076ba76b50cdc0eb8c6791aad2c304fdc4c2d533f87,3736,262144,unknown
test,2470.png,b359cd9645018dd44a9e4da673c7d2866227a1edc4a9d6ee1c262e745b97c837,4eef36395c5b338291ab17463639a9271fb39ba04f4e8479a77187e54b897f56,1359,262144,unknown
test,2471.png,eba0fd31b0cb4feb8c78b9097ab562141c408ddf6ba43318c3657ef11d4be9c0,a5ce1cfd3ebc22a96b4ee50a0e8d09c4d225d39ce25a51fde87e74e783ea137c,3695,262144,unknown
test,2472.png,0ae6282da25264e4f32eb615b30708d8e05a1d95aeeed8eac3d2c30fed7b9df4,cb1484270602c1f1803e0374a9c230bda140e248c329a96c29a206b00244dcd7,4722,262144,unknown
test,2473.png,aa476a68c0b506556b5cecae0a16aa475b193c061238e232b210861dff2ae2a7,30c703c7db9044e51211e0bf660c6e206fedd9a7c7e049b86e65c4458aa02e68,3107,262144,unknown
test,2474.png,f16c30b136df72b0b61e12859dcd44a06e02b800baecc1e45e5653e0a2d3aa09,366ac73ad789707b08518faec3c9c87d09448f16b7541d6503cf994a7f6c348a,4550,262144,unknown
test,2475.png,c304c5e9a2bba57d36cd11eaf4a7f19bd0bb899e1c653f2d33be4abbb09d4d8e,eee09e127e6d460eee539441aa7eb336d478b23f2b471fca2c606a67685be4a3,4838,262144,unknown
test,2476.png,4096e087619153ae57abc5e8068a1f94843478962a74cf9f7d6ae1891df45630,2e3f9b74750027a0509a3408733920900e2693f4c09427b33e926b3c4484bb87,4756,262144,unknown
test,2477.png,8dbf2680a4403c920f39c520c9e88dfbb19c4881d58e89939b821272a5186574,0ce001871981c64c3c9f3f2640872d55953c52797b8788c3b69eac708dbef7bd,5867,262144,unknown
test,2478.png,2362d5a1c8211810f1ab1b5afb9fb24045d715a0f1b2a88ce8e54df298487097,75d7f23e7e701f112f415ad7c3334b8d31a603196c7807db61c59dda6c6d7a7c,6566,262144,unknown
test,2479.png,9f20bf829b719bb51c13827ad8003bc837c0b152c6b579eb161a31c499da4606,0ac06614c5f886ea05a66d10e3c4121cd722fef48780937ac4dc67a1ce81aebc,5252,262144,unknown
test,2480.png,3c559e87f1c6539ecf8e8f7d81d7c99fef96157c279bb1fd4dc5b6d25204e923,a96a117aef201043f9919d9d0cfc95ebdcff316855b5e956f8a87ecda9e517d9,5197,262144,unknown
test,2481.png,6816c43c9bc69031c287825b3e28f98af644933efc50c50962aa09e10b7fd158,4fdd2752f0c3b0ce497625007d6c3ae88bdb716a1e0565bddf8e31471e9f937e,5178,262144,unknown
test,2482.png,fa725126891f1a5f9f1ad9e0f4cae065325ebd157f2de1d6a2ab958d65769e2c,2b0a216d6fa27afbdeb1837066bc18235b56065d1f978c51847f2bd7e5e5541e,1052,262144,unknown
test,2483.png,5bef51dd68f75629dd6bce36b24daed67dd6633f759aca3b66e75770b877c183,2bd9aaa1b1dae8c33f361f9411208d70d10583b9512fa2da807f937104becea1,3114,262144,unknown
test,2484.png,d7dea74c780d59e3cedd07aefe0ba24316cb307d831477a0ae8455eb8fc9bc34,58f492fe83ade37402d3cba66d32e9be880f9da8a00baf2f9e29974fa6a38af7,4630,262144,unknown
test,2485.png,a514b8213495f22bafc6511b6c8da3e2d2a7625712323ecdf814e8e5ba77b26c,6d01c93112db91a294ab81d9f6ad99a62c5441e4222ce2998134172dff77b30a,3906,262144,unknown
test,2486.png,94da5af1bfb5a48e2226059a897e198b61d1ebcff4fb2c0439f12fb8d15a853c,0b6bf5092b2aec1140922ab24d7830fd5a5ef8b81218d8e9bf0be0ff952f06f2,2594,262144,unknown
test,2487.png,b68ad4d8228bcf351932dce35a1ca01070b1ddda22a7a40afaf8aac23ce21db3,558b655de16866bb8ac01fbe08ec973bff0d727cba733367c01aee2f65d068f5,1855,262144,unknown
test,2488.png,f3a0d140dd480db49ace0645e7e92110c5e5de83369ef39ff41c254c9d4a2fc8,b2fbcac3cbd8f67ef6ef8c246c679342b2b266087f9a3c686361bd5c4701ddaa,996,262144,unknown
test,2489.png,3a8a0af75a3a0e3ebe7700a2908c4ed15af3a0ab1e47138a887df0615beabf7e,e74b8877abadd877b69873de377e3c7f22c0f315d99a3a7e10227e5bd75e9678,4218,262144,unknown
test,2490.png,31587835ed4d38c0db467df73b40d29b54769a343825cd66585cfd791c72262d,563c893bfb5af35f793179c9f6baada69d74714eaf1df7563b8c1df1ce284e2c,4574,262144,unknown
test,2491.png,72baac557a52d0be4631f14a50ac9d2e738dfbb08af1775f34a7723cf826816b,4b0278ed4f8764e050bad62212ba110907e4fb70e6ff698da9a2e5e6b31bff62,4728,262144,unknown
test,2492.png,909d7b3646cc7569bfaa1769b26a77313f8d26fd7d57a6e5c894616a6200b502,a8a69228de31b7e9ea7c3bf3ddfe2329b9b516bcc8bb9d5e6a36067924d752f9,5423,262144,unknown
test,2493.png,c94f0184a044cdb4fd4e4ad50539af054661b2fd3ed51080c4ee699be30b2252,50290e8ba2be675f87b1672b0980f9f3d8a57cff80213d3dbd986e1df251a33c,5284,262144,unknown
test,2494.png,2749e1d9d2df8719c7ec39a447bd035e2f5f7ed3f854b793bc0b15a857bf2370,1c54299fc8b1b59348c52a9097179c32b2adeded8a468d44370124e62c14864c,5020,262144,unknown
test,2495.png,98189e7a1d3e9079aff06b5826462f9b2719e8ce562c0f719142b433f3c0ae4b,66fc337667d0e845d8c0460a2712b09448d9b5a85cb59bb5e96ff013d1e0d71f,5294,262144,unknown
test,2496.png,239e048e281153c4957cee5b2bfb4a6f1103d7f615d0965bf14a3a34fcfa3f67,23c4616f776f920e02ed12f78c7e1ca3316e0004348ac513c94ce099f70f7bf3,5216,262144,unknown
test,2497.png,105e7f7f12def7add7dbd3ea84414b84db3f35fa22e1277d529ccf00d38312e3,790965ff44b3ae1d57b5adde695d72286a4710ad78d5c37b1cdc1c50d355b460,1018,262144,unknown
test,2498.png,5080dfba0615f5d5e9b723f169de743976a6587c47509b0d03c51c96ad5389a9,fcf4c7d02c061d0b06b2dcae73d0f28e0e2db8644893e218ff34cd1665a16040,2037,262144,unknown
test,2499.png,8913edca05cd5dc8a1dfefec3a64eb74530081edb064977fd961701ca97e55c2,72859615164d863809c06a4cd56dabb49d27ebb52b92126212d3c5dc3698e54b,4040,262144,unknown
test,2500.png,85a51a4a78b2a723e0291a58eaf8e8c6ad7845fd8bb46cb97cd77edf9c2e10f5,684031fed06efcb25e376e7cfb286b418edfa1271d1440be89fb5b9da034cb85,3171,262144,unknown
test,2501.png,6acb4df1c4ea1f53c16420c5a2eb25df699d51f69b57802ccf271e6b96503f40,2bb417f43fc4ced72109df5882457211d2cbdd66b2e7795795fcd7317e4512bd,2402,262144,unknown
test,2502.png,bee921dd14461f0e31deb396b8b03be2ab8e44bd6e3fb86fe509cf294ebf7cf6,bac29980a51a8c381b9a53fa9f9580da131081275fdf86396699e1cef9bba4a0,1009,262144,unknown
test,2503.png,a6f8c6c8b2bc17c6fe86c43182650eb50c561e356726d40d44d849515a87633d,f7bb6e38643477d5ef69c60ffd2c21d52cfb832dd243e72b3ffadacfb2168159,871,262144,unknown
test,2504.png,3b8f758a7620a2ee891d2b55bed5088d73723566386edd7bf06e2169955cb9e9,572999fe42e219cfee0f43b9b11e5974c01a7c39267ecc0b3537680cd4c6a3b8,4121,262144,unknown
test,2505.png,05946c8fc8b8f5dc19a5822897c8dce63ee8622526589711864fbccbfc8d85ba,56046d567ca769b8818cfab4a01ffcd90a82cdfe03783fbea43ea2439ca49425,4725,262144,unknown
test,2506.png,ccffc1fe9ef383ca8171df2a2f6fcadad41019863960cd499f21b1a247053636,3bb22e4b6aa0164bfadcec8573bc08254260387329a7bff433ec2e90972b1d7b,5082,262144,unknown
test,2507.png,83ba941805ccff0ea6195d56d053832d1596ebad12c4351b048fba4f19c37a8b,bffba87315e660b984e6571ea3789efa07e7a6eb014e49581bc098348e175e44,5223,262144,unknown
test,2508.png,de699aad64716a5f12d29d7ff86167cfffe6408e2219b766ab30cd5043e9eb7b,42fcac6eac4afb59ed4c0d9dbc8d290cbb427e8984cf171cffd95e037bab24db,5099,262144,unknown
test,2509.png,c46f96e1a77a4410265feabd23f19a2673ae0be450b46d00d030f26ecc715bcb,148268d8775fa2b738e2c4c0e5004bf1cb1b9540aa5df7af141359f6bd8ce084,5939,262144,unknown
test,2510.png,abab37df0351b2c0dc4e842aa32de2c67255bdcbeb45deac1ac13db9d47964de,f30b92c7c983c0efad2597344b89c00a712aadca5a181b275b482d4fdbd87b89,5051,262144,unknown
test,2511.png,4f81964d5f5b3d338dbe22879273513630f6a74f8fa17bcb58510988a3a7d7c7,623488a3e212612588a09cd684ee953c3c834b11a74a221e3ef009dda3da3f78,4526,262144,unknown
test,2512.png,cedea02594a383870a001e2807c583e4414841ef531489d0c0ca7c1422024afa,f012dd9973056dc6f6173aca311cafbdb613523bc7f9d3d3b0494921fb149a6c,2798,262144,unknown
test,2513.png,4dd385ccde26a4b244df4c636c96cfe1fd3c3c2b3b7297b5f16c05c650a031ad,4b0da7f60087d0c05ec84e7211246e137b2ee6eae2b87245d6b5343e1704869c,3995,262144,unknown
test,2514.png,527f76e271364afd11b3896bdda339ca4f5a8d643748f001f8b7dda22f64dafd,84d04dbe55715098ca5c457f814c836bd98dce8f1b56da90cc54f3aff4dbf46c,3559,262144,unknown
test,2515.png,3f441a9e6274c85eb1b7af3b1e15068a54931e3c1c9c468968fafed194cace0a,5b05cb369016ad98bd9234aafba0077ceda23501027802cca1c78fc4c5526797,1353,262144,unknown
test,2516.png,c7f2c12db5fa08b6f4d6b2d5767c646038f57cc27310c6077f8852afa3bbe0ca,f74fe7f12c0ee7cd312995dbb7e15d340c4daff4ca26fcbdc221651ab2e8cf90,5087,262144,unknown
test,2517.png,ed0103e1f976a6dcc1668816368ae04c5f0cffd002f9eee01924d1ca33b35d24,f5c7b6c52948629d3d88b4c031f243585f921681f1f038c049307563515e0e94,5344,262144,unknown
test,2518.png,7afa9f5a860a9af338531cfa57b6a61bd21fe547b42a36baca870717ef7c25d1,6dd1481d8c959ed4f889869e9d907d312b3be7bf51e0c25c6dcb92e87c4c80d2,5453,262144,unknown
test,2519.png,48a5ea1e76244c7fd02ddefe50577012abb871cdfa0831b03256cbfa52bc6c31,549284c8351688e6a04d65487790b7fe35a5c95aeda32a3572973e6f82867e30,6296,262144,unknown
test,2520.png,97f28ecddc8345d2ca131ab7a2028c1da3131f24ebe20c196b382c1b9e512289,386991742397eb1ca912c478aa5ef1aa6da3d3a809b5130caa9d7cdfe237b030,5494,262144,unknown
test,2521.png,0da6644cad48f0e45b21c0f6d6bd69960a5c3705f1365d79d4ddbd9a34271794,e63f7dc62883196d685bf4717625e3853ac6c38457ca33ea0aa6776363652488,5240,262144,unknown
test,2522.png,5dc6e94e8cfea502c1f47c4795b93b05e0cc79fbdc6617e4b8de3e7cc8e0a735,7df8ceb4dff09de9d03139eca096268f1b9c4c8eeff1ade925d6d70d6a68cdf5,5453,262144,unknown
test,2523.png,803ebbf00b47e07c3ad5e1fe1800a6198269716e95747e17c514b6d341eaca32,14da73e3c921431cecfe0ad3dd96997347880e03bbaa0122bb59b271e2b2d13e,4521,262144,unknown
